﻿<?xml version="1.0" encoding="utf-8"?>
<petrinet name="main">
  <page id="main.page0" name="main.page0">
    <place id="id0" name="p" initialmarking="0" portdir="None">
      <location x="305" y="464" />
      <size width="60" height="30" />
    </place>
    <place id="id1" name="p" initialmarking="0" portdir="None">
      <location x="307" y="587" />
      <size width="60" height="30" />
    </place>
    <place id="id3" name="p" initialmarking="0" portdir="None">
      <location x="534" y="584" />
      <size width="60" height="30" />
    </place>
    <place id="id4" name="p" initialmarking="0" portdir="None">
      <location x="570" y="500" />
      <size width="60" height="30" />
    </place>
    <place id="id5" name="p" initialmarking="0" portdir="None">
      <location x="677" y="814" />
      <size width="60" height="30" />
    </place>
    <place id="id6" name="p" initialmarking="0" portdir="None">
      <location x="571" y="955" />
      <size width="60" height="30" />
    </place>
    <place id="id7" name="p" initialmarking="0" portdir="None">
      <location x="164" y="955" />
      <size width="60" height="30" />
    </place>
    <place id="id8" name="p" initialmarking="0" portdir="None">
      <location x="361" y="961" />
      <size width="60" height="30" />
    </place>
    <place id="id9" name="p" initialmarking="0" portdir="None">
      <location x="223" y="622" />
      <size width="60" height="30" />
    </place>
    <place id="id16" name="p" initialmarking="1" portdir="None">
      <location x="272" y="852" />
      <size width="60" height="30" />
    </place>
    <place id="id40" name="p" initialmarking="0" portdir="None">
      <location x="712" y="625" />
      <size width="60" height="30" />
    </place>
    <place id="id49" name="p" initialmarking="0" portdir="None">
      <location x="99" y="720" />
      <size width="60" height="30" />
    </place>
    <place id="id50" name="p" initialmarking="0" portdir="None">
      <location x="190" y="449" />
      <size width="60" height="30" />
    </place>
    <place id="id51" name="p" initialmarking="0" portdir="None">
      <location x="360" y="385" />
      <size width="60" height="30" />
    </place>
    <place id="id33" name="p" initialmarking="0" portdir="None">
      <location x="354" y="266" />
      <size width="60" height="30" />
    </place>
    <place id="id35" name="p" initialmarking="0" portdir="None">
      <location x="132" y="316" />
      <size width="60" height="30" />
    </place>
    <place id="id65" name="p" initialmarking="0" portdir="None">
      <location x="538" y="309" />
      <size width="60" height="30" />
    </place>
    <place id="id66" name="p" initialmarking="0" portdir="None">
      <location x="513" y="147" />
      <size width="60" height="30" />
    </place>
    <place id="id67" name="p" initialmarking="0" portdir="None">
      <location x="235" y="152" />
      <size width="60" height="30" />
    </place>
    <transition id="id2" name="t" portdir="None">
      <location x="474" y="406" />
      <size width="50" height="20" />
    </transition>
    <transition id="id10" name="t" portdir="None">
      <location x="652" y="704" />
      <size width="50" height="20" />
    </transition>
    <transition id="id11" name="t" portdir="None">
      <location x="630" y="887" />
      <size width="50" height="20" />
    </transition>
    <transition id="id13" name="t" portdir="None">
      <location x="458" y="974" />
      <size width="50" height="20" />
    </transition>
    <transition id="id14" name="t" portdir="None">
      <location x="263" y="964" />
      <size width="50" height="20" />
    </transition>
    <transition id="id15" name="t" portdir="None">
      <location x="244" y="517" />
      <size width="50" height="20" />
    </transition>
    <transition id="id17" name="t" portdir="None">
      <location x="358" y="737" />
      <size width="50" height="20" />
    </transition>
    <transition id="id18" name="t" portdir="None">
      <location x="265" y="745" />
      <size width="50" height="20" />
    </transition>
    <transition id="id39" name="t" portdir="None">
      <location x="653" y="545" />
      <size width="50" height="20" />
    </transition>
    <transition id="id41" name="t" portdir="None">
      <location x="755" y="749" />
      <size width="50" height="20" />
    </transition>
    <transition id="id46" name="t" portdir="None">
      <location x="108" y="863" />
      <size width="50" height="20" />
    </transition>
    <transition id="id47" name="t" portdir="None">
      <location x="135" y="540" />
      <size width="50" height="20" />
    </transition>
    <transition id="id48" name="t" portdir="None">
      <location x="242" y="396" />
      <size width="50" height="20" />
    </transition>
    <transition id="id28" name="t" portdir="None">
      <location x="374" y="848" />
      <size width="50" height="20" />
    </transition>
    <transition id="id62" name="t" portdir="None">
      <location x="461" y="513" />
      <size width="50" height="20" />
    </transition>
    <transition id="id20" name="t" portdir="None">
      <location x="336" y="644" />
      <size width="50" height="20" />
    </transition>
    <transition id="id68" name="t" portdir="None">
      <location x="226" y="242" />
      <size width="50" height="20" />
    </transition>
    <transition id="id69" name="t" portdir="None">
      <location x="351" y="170" />
      <size width="50" height="20" />
    </transition>
    <transition id="id70" name="t" portdir="None">
      <location x="441" y="269" />
      <size width="50" height="20" />
    </transition>
    <transition id="id71" name="t" portdir="None">
      <location x="538" y="248" />
      <size width="50" height="20" />
    </transition>
    <transition id="id72" name="t" portdir="None">
      <location x="43" y="402" />
      <size width="50" height="20" />
    </transition>
    <arc id="id19" source="id16" target="id18" delay="0" weight="1">
      <points>
        <point x="271" y="838" />
        <point x="271" y="755" />
      </points>
    </arc>
    <arc id="id22" source="id17" target="id3" delay="0" weight="1">
      <points>
        <point x="383" y="727" />
        <point x="513" y="594" />
      </points>
    </arc>
    <arc id="id23" source="id3" target="id10" delay="0" weight="1">
      <points>
        <point x="555" y="594" />
        <point x="627" y="694" />
      </points>
    </arc>
    <arc id="id24" source="id10" target="id5" delay="0" weight="1">
      <points>
        <point x="677" y="714" />
        <point x="677" y="799" />
      </points>
    </arc>
    <arc id="id25" source="id5" target="id11" delay="0" weight="1">
      <points>
        <point x="661" y="826" />
        <point x="655" y="877" />
      </points>
    </arc>
    <arc id="id26" source="id11" target="id6" delay="0" weight="1">
      <points>
        <point x="605" y="897" />
        <point x="586" y="943" />
      </points>
    </arc>
    <arc id="id30" source="id13" target="id8" delay="0" weight="1">
      <points>
        <point x="433" y="964" />
        <point x="390" y="961" />
      </points>
    </arc>
    <arc id="id31" source="id8" target="id14" delay="0" weight="1">
      <points>
        <point x="332" y="961" />
        <point x="288" y="961" />
      </points>
    </arc>
    <arc id="id34" source="id15" target="id0" delay="0" weight="1">
      <points>
        <point x="269" y="507" />
        <point x="286" y="475" />
      </points>
    </arc>
    <arc id="id36" source="id2" target="id4" delay="0" weight="1">
      <points>
        <point x="499" y="416" />
        <point x="551" y="489" />
      </points>
    </arc>
    <arc id="id42" source="id4" target="id39" delay="0" weight="1">
      <points>
        <point x="596" y="507" />
        <point x="628" y="535" />
      </points>
    </arc>
    <arc id="id43" source="id39" target="id40" delay="0" weight="1">
      <points>
        <point x="678" y="555" />
        <point x="699" y="612" />
      </points>
    </arc>
    <arc id="id44" source="id40" target="id41" delay="0" weight="1">
      <points>
        <point x="721" y="639" />
        <point x="730" y="739" />
      </points>
    </arc>
    <arc id="id45" source="id41" target="id5" delay="0" weight="1">
      <points>
        <point x="730" y="759" />
        <point x="697" y="804" />
      </points>
    </arc>
    <arc id="id52" source="id7" target="id46" delay="0" weight="1">
      <points>
        <point x="149" y="943" />
        <point x="133" y="873" />
      </points>
    </arc>
    <arc id="id53" source="id46" target="id49" delay="0" weight="1">
      <points>
        <point x="99" y="853" />
        <point x="99" y="735" />
      </points>
    </arc>
    <arc id="id54" source="id49" target="id47" delay="0" weight="1">
      <points>
        <point x="104" y="706" />
        <point x="110" y="550" />
      </points>
    </arc>
    <arc id="id55" source="id47" target="id50" delay="0" weight="1">
      <points>
        <point x="160" y="530" />
        <point x="180" y="463" />
      </points>
    </arc>
    <arc id="id56" source="id50" target="id48" delay="0" weight="1">
      <points>
        <point x="211" y="439" />
        <point x="217" y="406" />
      </points>
    </arc>
    <arc id="id57" source="id48" target="id51" delay="0" weight="1">
      <points>
        <point x="267" y="386" />
        <point x="331" y="385" />
      </points>
    </arc>
    <arc id="id58" source="id51" target="id2" delay="0" weight="1">
      <points>
        <point x="389" y="387" />
        <point x="449" y="396" />
      </points>
    </arc>
    <arc id="id12" source="id6" target="id13" delay="0" weight="1">
      <points>
        <point x="542" y="957" />
        <point x="483" y="964" />
      </points>
    </arc>
    <arc id="id27" source="id14" target="id7" delay="0" weight="1">
      <points>
        <point x="238" y="955" />
        <point x="194" y="955" />
      </points>
    </arc>
    <arc id="id29" source="id8" target="id28" delay="0" weight="1">
      <points>
        <point x="364" y="947" />
        <point x="364" y="858" />
      </points>
    </arc>
    <arc id="id37" source="id28" target="id16" delay="0" weight="1">
      <points>
        <point x="349" y="852" />
        <point x="302" y="852" />
      </points>
    </arc>
    <arc id="id38" source="id1" target="id15" delay="0" weight="1">
      <points>
        <point x="287" y="576" />
        <point x="269" y="527" />
      </points>
    </arc>
    <arc id="id59" source="id9" target="id17" delay="0" weight="1">
      <points>
        <point x="245" y="631" />
        <point x="333" y="727" />
      </points>
    </arc>
    <arc id="id60" source="id18" target="id9" delay="0" weight="1">
      <points>
        <point x="240" y="735" />
        <point x="227" y="636" />
      </points>
    </arc>
    <arc id="id61" source="id14" target="id16" delay="0" weight="1">
      <points>
        <point x="272" y="954" />
        <point x="272" y="867" />
      </points>
    </arc>
    <arc id="id63" source="id0" target="id62" delay="0" weight="1">
      <points>
        <point x="333" y="468" />
        <point x="436" y="503" />
      </points>
    </arc>
    <arc id="id64" source="id62" target="id3" delay="0" weight="1">
      <points>
        <point x="486" y="523" />
        <point x="516" y="573" />
      </points>
    </arc>
    <arc id="id21" source="id9" target="id20" delay="0" weight="1">
      <points>
        <point x="252" y="624" />
        <point x="311" y="634" />
      </points>
    </arc>
    <arc id="id32" source="id20" target="id1" delay="0" weight="1">
      <points>
        <point x="311" y="634" />
        <point x="309" y="601" />
      </points>
    </arc>
    <arc id="id73" source="id47" target="id35" delay="0" weight="1">
      <points>
        <point x="132" y="530" />
        <point x="132" y="331" />
      </points>
    </arc>
    <arc id="id74" source="id49" target="id72" delay="0" weight="1">
      <points>
        <point x="94" y="706" />
        <point x="68" y="412" />
      </points>
    </arc>
    <arc id="id75" source="id72" target="id35" delay="0" weight="1">
      <points>
        <point x="68" y="392" />
        <point x="113" y="327" />
      </points>
    </arc>
    <arc id="id76" source="id35" target="id68" delay="0" weight="1">
      <points>
        <point x="155" y="307" />
        <point x="201" y="252" />
      </points>
    </arc>
    <arc id="id77" source="id68" target="id33" delay="0" weight="1">
      <points>
        <point x="251" y="252" />
        <point x="325" y="264" />
      </points>
    </arc>
    <arc id="id78" source="id68" target="id67" delay="0" weight="1">
      <points>
        <point x="235" y="232" />
        <point x="235" y="167" />
      </points>
    </arc>
    <arc id="id79" source="id33" target="id70" delay="0" weight="1">
      <points>
        <point x="383" y="266" />
        <point x="416" y="266" />
      </points>
    </arc>
    <arc id="id80" source="id67" target="id69" delay="0" weight="1">
      <points>
        <point x="264" y="154" />
        <point x="326" y="160" />
      </points>
    </arc>
    <arc id="id81" source="id69" target="id66" delay="0" weight="1">
      <points>
        <point x="376" y="160" />
        <point x="484" y="148" />
      </points>
    </arc>
    <arc id="id82" source="id66" target="id71" delay="0" weight="1">
      <points>
        <point x="520" y="161" />
        <point x="520" y="238" />
      </points>
    </arc>
    <arc id="id83" source="id70" target="id65" delay="0" weight="1">
      <points>
        <point x="466" y="279" />
        <point x="511" y="304" />
      </points>
    </arc>
    <arc id="id84" source="id65" target="id71" delay="0" weight="1">
      <points>
        <point x="538" y="294" />
        <point x="538" y="258" />
      </points>
    </arc>
    <arc id="id85" source="id71" target="id40" delay="0" weight="1">
      <points>
        <point x="563" y="258" />
        <point x="701" y="612" />
      </points>
    </arc>
  </page>
</petrinet>