﻿<?xml version="1.0" encoding="utf-8"?>
<petrinet name="main">
  <page id="main.page0" name="main.page0">
    <place id="id0" name="p" initialmarking="0" portdir="None">
      <location x="132" y="384" />
      <size width="60" height="30" />
    </place>
    <place id="id3" name="p" initialmarking="1" portdir="None">
      <location x="215" y="324" />
      <size width="60" height="30" />
    </place>
    <place id="id7" name="p" initialmarking="0" portdir="None">
      <location x="125" y="646" />
      <size width="60" height="30" />
    </place>
    <place id="id8" name="p" initialmarking="0" portdir="None">
      <location x="410" y="738" />
      <size width="60" height="30" />
    </place>
    <place id="id9" name="p" initialmarking="0" portdir="None">
      <location x="199" y="749" />
      <size width="60" height="30" />
    </place>
    <place id="id1" name="p" initialmarking="0" portdir="None">
      <location x="412" y="332" />
      <size width="60" height="30" />
    </place>
    <place id="id2" name="pin" initialmarking="0" portdir="In">
      <location x="199" y="693" />
      <size width="60" height="30" />
    </place>
    <place id="id4" name="p" initialmarking="0" portdir="None">
      <location x="126" y="528" />
      <size width="60" height="30" />
    </place>
    <place id="id5" name="p" initialmarking="0" portdir="None">
      <location x="414" y="448" />
      <size width="60" height="30" />
    </place>
    <place id="id6" name="p" initialmarking="0" portdir="None">
      <location x="417" y="584" />
      <size width="60" height="30" />
    </place>
    <transition id="id12" name="t" portdir="None">
      <location x="136" y="460" />
      <size width="50" height="20" />
    </transition>
    <transition id="id14" name="t" portdir="None">
      <location x="129" y="583" />
      <size width="50" height="20" />
    </transition>
    <transition id="id17" name="t" portdir="None">
      <location x="317" y="328" />
      <size width="50" height="20" />
    </transition>
    <transition id="id19" name="t" portdir="None">
      <location x="135" y="324" />
      <size width="50" height="20" />
    </transition>
    <transition id="id13" name="t" portdir="None">
      <location x="311" y="757" />
      <size width="50" height="20" />
    </transition>
    <transition id="id16" name="t" portdir="None">
      <location x="129" y="717" />
      <size width="50" height="20" />
    </transition>
    <transition id="id27" name="tout" portdir="Out">
      <location x="307" y="707" />
      <size width="50" height="20" />
    </transition>
    <transition id="id10" name="t" portdir="None">
      <location x="411" y="394" />
      <size width="50" height="20" />
    </transition>
    <transition id="id11" name="t" portdir="None">
      <location x="413" y="509" />
      <size width="50" height="20" />
    </transition>
    <transition id="id15" name="t" portdir="None">
      <location x="418" y="652" />
      <size width="50" height="20" />
    </transition>
    <arc id="id21" source="id0" target="id19" delay="0" weight="1">
      <points>
        <point x="133" y="370" />
        <point x="133" y="334" />
      </points>
    </arc>
    <arc id="id22" source="id19" target="id3" delay="0" weight="1">
      <points>
        <point x="160" y="324" />
        <point x="185" y="324" />
      </points>
    </arc>
    <arc id="id23" source="id3" target="id17" delay="0" weight="1">
      <points>
        <point x="244" y="324" />
        <point x="292" y="324" />
      </points>
    </arc>
    <arc id="id37" source="id7" target="id14" delay="0" weight="1">
      <points>
        <point x="126" y="632" />
        <point x="126" y="593" />
      </points>
    </arc>
    <arc id="id46" source="id12" target="id0" delay="0" weight="1">
      <points>
        <point x="132" y="450" />
        <point x="132" y="399" />
      </points>
    </arc>
    <arc id="id30" source="id8" target="id13" delay="0" weight="1">
      <points>
        <point x="381" y="740" />
        <point x="336" y="747" />
      </points>
    </arc>
    <arc id="id32" source="id9" target="id16" delay="0" weight="1">
      <points>
        <point x="172" y="743" />
        <point x="154" y="727" />
      </points>
    </arc>
    <arc id="id20" source="id1" target="id10" delay="0" weight="1">
      <points>
        <point x="412" y="346" />
        <point x="412" y="384" />
      </points>
    </arc>
    <arc id="id24" source="id10" target="id5" delay="0" weight="1">
      <points>
        <point x="414" y="404" />
        <point x="414" y="433" />
      </points>
    </arc>
    <arc id="id25" source="id5" target="id11" delay="0" weight="1">
      <points>
        <point x="414" y="462" />
        <point x="414" y="499" />
      </points>
    </arc>
    <arc id="id26" source="id11" target="id6" delay="0" weight="1">
      <points>
        <point x="417" y="519" />
        <point x="417" y="569" />
      </points>
    </arc>
    <arc id="id35" source="id16" target="id7" delay="0" weight="1">
      <points>
        <point x="125" y="707" />
        <point x="125" y="661" />
      </points>
    </arc>
    <arc id="id36" source="id4" target="id12" delay="0" weight="1">
      <points>
        <point x="130" y="514" />
        <point x="130" y="470" />
      </points>
    </arc>
    <arc id="id38" source="id14" target="id4" delay="0" weight="1">
      <points>
        <point x="126" y="573" />
        <point x="126" y="543" />
      </points>
    </arc>
    <arc id="id39" source="id17" target="id1" delay="0" weight="1">
      <points>
        <point x="342" y="332" />
        <point x="382" y="332" />
      </points>
    </arc>
    <arc id="id40" source="id13" target="id9" delay="0" weight="1">
      <points>
        <point x="286" y="749" />
        <point x="229" y="749" />
      </points>
    </arc>
    <arc id="id29" source="id15" target="id8" delay="0" weight="1">
      <points>
        <point x="410" y="662" />
        <point x="410" y="723" />
      </points>
    </arc>
    <arc id="id34" source="id27" target="id2" delay="0" weight="1">
      <points>
        <point x="282" y="697" />
        <point x="228" y="693" />
      </points>
    </arc>
    <arc id="id18" source="id6" target="id15" delay="0" weight="1">
      <points>
        <point x="417" y="598" />
        <point x="417" y="642" />
      </points>
    </arc>
    <arc id="id28" source="id27" target="id9" delay="0" weight="1">
      <points>
        <point x="282" y="717" />
        <point x="226" y="744" />
      </points>
    </arc>
    <arc id="id31" source="id13" target="id2" delay="0" weight="1">
      <points>
        <point x="286" y="747" />
        <point x="224" y="700" />
      </points>
    </arc>
    <arc id="id42" source="id8" target="id27" delay="0" weight="1">
      <points>
        <point x="382" y="734" />
        <point x="332" y="717" />
      </points>
    </arc>
    <arc id="id33" source="id2" target="id16" delay="0" weight="1">
      <points>
        <point x="171" y="697" />
        <point x="154" y="707" />
      </points>
    </arc>
  </page>
  <page id="main.page1" name="main.page1">
    <subpage id="id0" original="main.page0" name="main.page0-0">
      <location x="240" y="75" />
      <size width="50" height="70" />
      <port id="id0.port0" name="tout" originalid="id27" type="transition">
        <location x="196" y="79" />
        <size width="30" height="30" />
      </port>
      <port id="id0.port1" name="pin" originalid="id2" type="place" initialMarking="0">
        <location x="286" y="79" />
        <size width="30" height="30" />
      </port>
    </subpage>
    <subpage id="id1" original="main.page0" name="main.page0-9">
      <location x="319" y="151" />
      <size width="50" height="70" />
      <port id="id1.port0" name="tout" originalid="id27" type="transition">
        <location x="272" y="152" />
        <size width="30" height="30" />
      </port>
      <port id="id1.port1" name="pin" originalid="id2" type="place" initialMarking="0">
        <location x="362" y="152" />
        <size width="30" height="30" />
      </port>
    </subpage>
    <subpage id="id2" original="main.page0" name="main.page0-1">
      <location x="166" y="150" />
      <size width="50" height="70" />
      <port id="id2.port0" name="tout" originalid="id27" type="transition">
        <location x="121" y="150" />
        <size width="30" height="30" />
      </port>
      <port id="id2.port1" name="pin" originalid="id2" type="place" initialMarking="0">
        <location x="211" y="150" />
        <size width="30" height="30" />
      </port>
    </subpage>
    <subpage id="id5" original="main.page0" name="main.page0-2">
      <location x="64" y="221" />
      <size width="50" height="70" />
      <port id="id5.port0" name="toutout" originalid="id27" type="transition">
        <location x="19" y="220" />
        <size width="30" height="30" />
      </port>
      <port id="id5.port1" name="pin" originalid="id2" type="place" initialMarking="0">
        <location x="109" y="221" />
        <size width="30" height="30" />
      </port>
    </subpage>
    <subpage id="id6" original="main.page0" name="main.page0-8">
      <location x="414" y="212" />
      <size width="50" height="70" />
      <port id="id6.port0" name="tout" originalid="id27" type="transition">
        <location x="369" y="212" />
        <size width="30" height="30" />
      </port>
      <port id="id6.port1" name="pin" originalid="id2" type="place" initialMarking="0">
        <location x="459" y="212" />
        <size width="30" height="30" />
      </port>
    </subpage>
    <subpage id="id7" original="main.page0" name="main.page0-4">
      <location x="152" y="401" />
      <size width="50" height="70" />
      <port id="id7.port0" name="tout" originalid="id27" type="transition">
        <location x="198" y="405" />
        <size width="30" height="30" />
      </port>
      <port id="id7.port1" name="pin" originalid="id2" type="place" initialMarking="0">
        <location x="107" y="402" />
        <size width="30" height="30" />
      </port>
    </subpage>
    <subpage id="id8" original="main.page0" name="main.page0-5">
      <location x="250" y="462" />
      <size width="50" height="70" />
      <port id="id8.port0" name="tout" originalid="id27" type="transition">
        <location x="297" y="463" />
        <size width="30" height="30" />
      </port>
      <port id="id8.port1" name="pin" originalid="id2" type="place" initialMarking="0">
        <location x="200" y="464" />
        <size width="30" height="30" />
      </port>
    </subpage>
    <subpage id="id9" original="main.page0" name="main.page0-3">
      <location x="57" y="343" />
      <size width="50" height="70" />
      <port id="id9.port0" name="tout" originalid="id27" type="transition">
        <location x="105" y="340" />
        <size width="30" height="30" />
      </port>
      <port id="id9.port1" name="pinin" originalid="id2" type="place" initialMarking="0">
        <location x="13" y="339" />
        <size width="30" height="30" />
      </port>
    </subpage>
    <subpage id="id10" original="main.page0" name="main.page0-6">
      <location x="341" y="408" />
      <size width="50" height="70" />
      <port id="id10.port0" name="tout" originalid="id27" type="transition">
        <location x="389" y="405" />
        <size width="30" height="30" />
      </port>
      <port id="id10.port1" name="pin" originalid="id2" type="place" initialMarking="0">
        <location x="293" y="408" />
        <size width="30" height="30" />
      </port>
    </subpage>
    <subpage id="id11" original="main.page0" name="main.page0-7">
      <location x="420" y="328" />
      <size width="50" height="70" />
      <port id="id11.port0" name="tout" originalid="id27" type="transition">
        <location x="468" y="327" />
        <size width="30" height="30" />
      </port>
      <port id="id11.port1" name="pin" originalid="id2" type="place" initialMarking="0">
        <location x="372" y="330" />
        <size width="30" height="30" />
      </port>
    </subpage>
    <arc id="id3" source="id0.port0" target="id2.port1" delay="0" weight="1">
      <points>
        <point x="211" y="94" />
        <point x="211" y="135" />
      </points>
    </arc>
    <arc id="id4" source="id1.port0" target="id0.port1" delay="0" weight="1">
      <points>
        <point x="286" y="137" />
        <point x="286" y="94" />
      </points>
    </arc>
    <arc id="id12" source="id2.port0" target="id5.port1" delay="0" weight="1">
      <points>
        <point x="109" y="165" />
        <point x="109" y="206" />
      </points>
    </arc>
    <arc id="id13" source="id6.port0" target="id1.port1" delay="0" weight="1">
      <points>
        <point x="362" y="197" />
        <point x="362" y="167" />
      </points>
    </arc>
    <arc id="id14" source="id8.port0" target="id10.port1" delay="0" weight="1">
      <points>
        <point x="293" y="448" />
        <point x="293" y="423" />
      </points>
    </arc>
    <arc id="id15" source="id10.port0" target="id11.port1" delay="0" weight="1">
      <points>
        <point x="374" y="390" />
        <point x="372" y="344" />
      </points>
    </arc>
    <arc id="id16" source="id7.port0" target="id8.port1" delay="0" weight="1">
      <points>
        <point x="200" y="420" />
        <point x="200" y="449" />
      </points>
    </arc>
    <arc id="id17" source="id9.port0" target="id7.port1" delay="0" weight="1">
      <points>
        <point x="107" y="355" />
        <point x="107" y="387" />
      </points>
    </arc>
    <arc id="id18" source="id5.port0" target="id9.port1" delay="0" weight="1">
      <points>
        <point x="13" y="235" />
        <point x="13" y="324" />
      </points>
    </arc>
    <arc id="id19" source="id11.port0" target="id6.port1" delay="0" weight="1">
      <points>
        <point x="459" y="312" />
        <point x="459" y="227" />
      </points>
    </arc>
  </page>
  <page id="main.page2" name="main.page2">
    <subpage id="id0" original="main.page1" name="main.page1">
      <location x="167" y="156" />
      <size width="50" height="70" />
      <port id="id0.port0" name="pin" originalid="id9.port1" type="place" initialMarking="0">
        <location x="122" y="156" />
        <size width="30" height="30" />
      </port>
      <port id="id0.port1" name="tout" originalid="id5.port0" type="transition">
        <location x="212" y="156" />
        <size width="30" height="30" />
      </port>
    </subpage>
    <subpage id="id1" original="main.page1" name="main.page1">
      <location x="253" y="238" />
      <size width="50" height="70" />
      <port id="id1.port0" name="pin" originalid="id9.port1" type="place" initialMarking="0">
        <location x="208" y="238" />
        <size width="30" height="30" />
      </port>
      <port id="id1.port1" name="tout" originalid="id5.port0" type="transition">
        <location x="298" y="238" />
        <size width="30" height="30" />
      </port>
    </subpage>
    <subpage id="id3" original="main.page1" name="main.page1">
      <location x="347" y="316" />
      <size width="50" height="70" />
      <port id="id3.port0" name="pin" originalid="id9.port1" type="place" initialMarking="0">
        <location x="302" y="316" />
        <size width="30" height="30" />
      </port>
      <port id="id3.port1" name="tout" originalid="id5.port0" type="transition">
        <location x="392" y="316" />
        <size width="30" height="30" />
      </port>
    </subpage>
    <subpage id="id5" original="main.page1" name="main.page1">
      <location x="440" y="383" />
      <size width="50" height="70" />
      <port id="id5.port0" name="pin" originalid="id9.port1" type="place" initialMarking="0">
        <location x="395" y="383" />
        <size width="30" height="30" />
      </port>
      <port id="id5.port1" name="tout" originalid="id5.port0" type="transition">
        <location x="485" y="383" />
        <size width="30" height="30" />
      </port>
    </subpage>
    <subpage id="id7" original="main.page1" name="main.page1">
      <location x="538" y="461" />
      <size width="50" height="70" />
      <port id="id7.port0" name="pin" originalid="id9.port1" type="place" initialMarking="0">
        <location x="493" y="461" />
        <size width="30" height="30" />
      </port>
      <port id="id7.port1" name="tout" originalid="id5.port0" type="transition">
        <location x="583" y="461" />
        <size width="30" height="30" />
      </port>
    </subpage>
    <subpage id="id9" original="main.page1" name="main.page1">
      <location x="155" y="346" />
      <size width="50" height="70" />
      <port id="id9.port0" name="toutout" originalid="id5.port0" type="transition">
        <location x="110" y="346" />
        <size width="30" height="30" />
      </port>
      <port id="id9.port1" name="pinin" originalid="id9.port1" type="place" initialMarking="0">
        <location x="200" y="346" />
        <size width="30" height="30" />
      </port>
    </subpage>
    <subpage id="id10" original="main.page1" name="main.page1">
      <location x="241" y="484" />
      <size width="50" height="70" />
      <port id="id10.port0" name="toutout" originalid="id5.port0" type="transition">
        <location x="196" y="484" />
        <size width="30" height="30" />
      </port>
      <port id="id10.port1" name="pinin" originalid="id9.port1" type="place" initialMarking="0">
        <location x="286" y="484" />
        <size width="30" height="30" />
      </port>
    </subpage>
    <subpage id="id11" original="main.page1" name="main.page1">
      <location x="327" y="571" />
      <size width="50" height="70" />
      <port id="id11.port0" name="toutout" originalid="id5.port0" type="transition">
        <location x="282" y="571" />
        <size width="30" height="30" />
      </port>
      <port id="id11.port1" name="pinin" originalid="id9.port1" type="place" initialMarking="0">
        <location x="372" y="571" />
        <size width="30" height="30" />
      </port>
    </subpage>
    <subpage id="id12" original="main.page1" name="main.page1">
      <location x="422" y="658" />
      <size width="50" height="70" />
      <port id="id12.port0" name="toutout" originalid="id5.port0" type="transition">
        <location x="377" y="658" />
        <size width="30" height="30" />
      </port>
      <port id="id12.port1" name="pinin" originalid="id9.port1" type="place" initialMarking="0">
        <location x="467" y="658" />
        <size width="30" height="30" />
      </port>
    </subpage>
    <subpage id="id13" original="main.page1" name="main.page1">
      <location x="517" y="744" />
      <size width="50" height="70" />
      <port id="id13.port0" name="toutout" originalid="id5.port0" type="transition">
        <location x="472" y="744" />
        <size width="30" height="30" />
      </port>
      <port id="id13.port1" name="pinin" originalid="id9.port1" type="place" initialMarking="0">
        <location x="562" y="744" />
        <size width="30" height="30" />
      </port>
    </subpage>
    <arc id="id2" source="id0.port1" target="id1.port0" delay="0" weight="1">
      <points>
        <point x="208" y="171" />
        <point x="208" y="223" />
      </points>
    </arc>
    <arc id="id4" source="id1.port1" target="id3.port0" delay="0" weight="1">
      <points>
        <point x="302" y="253" />
        <point x="302" y="301" />
      </points>
    </arc>
    <arc id="id6" source="id3.port1" target="id5.port0" delay="0" weight="1">
      <points>
        <point x="395" y="331" />
        <point x="395" y="368" />
      </points>
    </arc>
    <arc id="id8" source="id5.port1" target="id7.port0" delay="0" weight="1">
      <points>
        <point x="493" y="398" />
        <point x="493" y="446" />
      </points>
    </arc>
    <arc id="id14" source="id7.port1" target="id13.port1" delay="0" weight="1">
      <points>
        <point x="568" y="476" />
        <point x="562" y="730" />
      </points>
    </arc>
    <arc id="id15" source="id13.port0" target="id12.port1" delay="0" weight="1">
      <points>
        <point x="467" y="729" />
        <point x="467" y="673" />
      </points>
    </arc>
    <arc id="id16" source="id12.port0" target="id11.port1" delay="0" weight="1">
      <points>
        <point x="372" y="643" />
        <point x="372" y="586" />
      </points>
    </arc>
    <arc id="id17" source="id11.port0" target="id10.port1" delay="0" weight="1">
      <points>
        <point x="286" y="556" />
        <point x="286" y="499" />
      </points>
    </arc>
    <arc id="id18" source="id10.port0" target="id9.port1" delay="0" weight="1">
      <points>
        <point x="200" y="469" />
        <point x="200" y="361" />
      </points>
    </arc>
    <arc id="id19" source="id9.port0" target="id0.port0" delay="0" weight="1">
      <points>
        <point x="122" y="331" />
        <point x="122" y="171" />
      </points>
    </arc>
  </page>
</petrinet>