﻿<?xml version="1.0" encoding="utf-8"?>
<petrinet name="main">
  <page id="main.page0" name="main.page0">
    <place id="id0" name="p" initialmarking="0" portdir="None">
      <location x="640" y="139" />
      <size width="60" height="30" />
    </place>
    <place id="id1" name="p" initialmarking="0" portdir="None">
      <location x="545" y="230" />
      <size width="60" height="30" />
    </place>
    <place id="id2" name="p" initialmarking="0" portdir="None">
      <location x="610" y="232" />
      <size width="60" height="30" />
    </place>
    <place id="id3" name="p" initialmarking="1" portdir="None">
      <location x="673" y="232" />
      <size width="60" height="30" />
    </place>
    <place id="id4" name="p" initialmarking="0" portdir="None">
      <location x="612" y="329" />
      <size width="60" height="30" />
    </place>
    <place id="id5" name="p" initialmarking="0" portdir="None">
      <location x="676" y="330" />
      <size width="60" height="30" />
    </place>
    <place id="id6" name="p" initialmarking="0" portdir="None">
      <location x="547" y="328" />
      <size width="60" height="30" />
    </place>
    <place id="id7" name="p" initialmarking="0" portdir="None">
      <location x="639" y="430" />
      <size width="60" height="30" />
    </place>
    <place id="id8" name="p" initialmarking="0" portdir="None">
      <location x="479" y="326" />
      <size width="60" height="30" />
    </place>
    <place id="id9" name="p" initialmarking="1" portdir="None">
      <location x="414" y="326" />
      <size width="60" height="30" />
    </place>
    <place id="id10" name="p" initialmarking="0" portdir="None">
      <location x="476" y="229" />
      <size width="60" height="30" />
    </place>
    <place id="id11" name="p" initialmarking="0" portdir="None">
      <location x="414" y="228" />
      <size width="60" height="30" />
    </place>
    <place id="id12" name="p" initialmarking="0" portdir="None">
      <location x="760" y="234" />
      <size width="60" height="30" />
    </place>
    <place id="id13" name="p" initialmarking="1" portdir="None">
      <location x="760" y="305" />
      <size width="60" height="30" />
    </place>
    <place id="id14" name="p" initialmarking="0" portdir="None">
      <location x="915" y="284" />
      <size width="60" height="30" />
    </place>
    <place id="id15" name="p" initialmarking="0" portdir="None">
      <location x="763" y="355" />
      <size width="60" height="30" />
    </place>
    <place id="id16" name="p" initialmarking="0" portdir="None">
      <location x="916" y="387" />
      <size width="60" height="30" />
    </place>
    <place id="id17" name="p" initialmarking="1" portdir="None">
      <location x="764" y="437" />
      <size width="60" height="30" />
    </place>
    <place id="id68" name="p" initialmarking="1" portdir="None">
      <location x="985" y="295" />
      <size width="60" height="30" />
    </place>
    <place id="id71" name="p" initialmarking="0" portdir="None">
      <location x="985" y="370" />
      <size width="60" height="30" />
    </place>
    <transition id="id18" name="t" portdir="None">
      <location x="611" y="175" />
      <size width="50" height="20" />
    </transition>
    <transition id="id19" name="t" portdir="None">
      <location x="665" y="175" />
      <size width="50" height="20" />
    </transition>
    <transition id="id20" name="t" portdir="None">
      <location x="610" y="279" />
      <size width="50" height="20" />
    </transition>
    <transition id="id21" name="t" portdir="None">
      <location x="673" y="279" />
      <size width="50" height="20" />
    </transition>
    <transition id="id22" name="t" portdir="None">
      <location x="613" y="387" />
      <size width="50" height="20" />
    </transition>
    <transition id="id23" name="t" portdir="None">
      <location x="678" y="385" />
      <size width="50" height="20" />
    </transition>
    <transition id="id24" name="t" portdir="None">
      <location x="479" y="387" />
      <size width="50" height="20" />
    </transition>
    <transition id="id25" name="t" portdir="None">
      <location x="476" y="278" />
      <size width="50" height="20" />
    </transition>
    <transition id="id26" name="t" portdir="None">
      <location x="483" y="175" />
      <size width="50" height="20" />
    </transition>
    <transition id="id27" name="t" portdir="None">
      <location x="838" y="236" />
      <size width="50" height="20" />
    </transition>
    <transition id="id28" name="t" portdir="None">
      <location x="832" y="331" />
      <size width="50" height="20" />
    </transition>
    <transition id="id29" name="t" portdir="None">
      <location x="840" y="436" />
      <size width="50" height="20" />
    </transition>
    <transition id="id70" name="t" portdir="None">
      <location x="937" y="332" />
      <size width="50" height="20" />
    </transition>
    <arc id="id30" source="id0" target="id19" delay="0" weight="1">
      <points>
        <point x="657" y="151" />
        <point x="657" y="165" />
      </points>
    </arc>
    <arc id="id31" source="id0" target="id18" delay="0" weight="1">
      <points>
        <point x="622" y="150" />
        <point x="622" y="165" />
      </points>
    </arc>
    <arc id="id32" source="id18" target="id2" delay="0" weight="1">
      <points>
        <point x="610" y="185" />
        <point x="610" y="217" />
      </points>
    </arc>
    <arc id="id33" source="id18" target="id1" delay="0" weight="1">
      <points>
        <point x="586" y="185" />
        <point x="565" y="219" />
      </points>
    </arc>
    <arc id="id34" source="id1" target="id20" delay="0" weight="1">
      <points>
        <point x="568" y="239" />
        <point x="585" y="269" />
      </points>
    </arc>
    <arc id="id35" source="id2" target="id20" delay="0" weight="1">
      <points>
        <point x="610" y="247" />
        <point x="610" y="269" />
      </points>
    </arc>
    <arc id="id36" source="id20" target="id4" delay="0" weight="1">
      <points>
        <point x="612" y="289" />
        <point x="612" y="314" />
      </points>
    </arc>
    <arc id="id37" source="id20" target="id6" delay="0" weight="1">
      <points>
        <point x="585" y="289" />
        <point x="567" y="318" />
      </points>
    </arc>
    <arc id="id38" source="id6" target="id22" delay="0" weight="1">
      <points>
        <point x="569" y="337" />
        <point x="588" y="377" />
      </points>
    </arc>
    <arc id="id39" source="id4" target="id22" delay="0" weight="1">
      <points>
        <point x="612" y="343" />
        <point x="612" y="377" />
      </points>
    </arc>
    <arc id="id40" source="id19" target="id3" delay="0" weight="1">
      <points>
        <point x="673" y="185" />
        <point x="673" y="217" />
      </points>
    </arc>
    <arc id="id41" source="id3" target="id21" delay="0" weight="1">
      <points>
        <point x="673" y="247" />
        <point x="673" y="269" />
      </points>
    </arc>
    <arc id="id42" source="id21" target="id5" delay="0" weight="1">
      <points>
        <point x="676" y="289" />
        <point x="676" y="315" />
      </points>
    </arc>
    <arc id="id43" source="id5" target="id23" delay="0" weight="1">
      <points>
        <point x="677" y="344" />
        <point x="677" y="375" />
      </points>
    </arc>
    <arc id="id44" source="id23" target="id7" delay="0" weight="1">
      <points>
        <point x="653" y="395" />
        <point x="650" y="417" />
      </points>
    </arc>
    <arc id="id45" source="id22" target="id7" delay="0" weight="1">
      <points>
        <point x="638" y="397" />
        <point x="639" y="416" />
      </points>
    </arc>
    <arc id="id46" source="id7" target="id24" delay="0" weight="1">
      <points>
        <point x="611" y="427" />
        <point x="504" y="397" />
      </points>
    </arc>
    <arc id="id47" source="id24" target="id8" delay="0" weight="1">
      <points>
        <point x="479" y="377" />
        <point x="479" y="341" />
      </points>
    </arc>
    <arc id="id50" source="id8" target="id25" delay="0" weight="1">
      <points>
        <point x="478" y="312" />
        <point x="478" y="288" />
      </points>
    </arc>
    <arc id="id51" source="id25" target="id10" delay="0" weight="1">
      <points>
        <point x="476" y="268" />
        <point x="476" y="244" />
      </points>
    </arc>
    <arc id="id52" source="id25" target="id11" delay="0" weight="1">
      <points>
        <point x="451" y="268" />
        <point x="434" y="239" />
      </points>
    </arc>
    <arc id="id53" source="id10" target="id26" delay="0" weight="1">
      <points>
        <point x="479" y="215" />
        <point x="479" y="185" />
      </points>
    </arc>
    <arc id="id54" source="id11" target="id26" delay="0" weight="1">
      <points>
        <point x="437" y="219" />
        <point x="458" y="185" />
      </points>
    </arc>
    <arc id="id55" source="id26" target="id0" delay="0" weight="1">
      <points>
        <point x="508" y="165" />
        <point x="611" y="141" />
      </points>
    </arc>
    <arc id="id56" source="id27" target="id12" delay="0" weight="1">
      <points>
        <point x="813" y="234" />
        <point x="790" y="234" />
      </points>
    </arc>
    <arc id="id57" source="id12" target="id21" delay="0" weight="1">
      <points>
        <point x="734" y="240" />
        <point x="698" y="269" />
      </points>
    </arc>
    <arc id="id58" source="id21" target="id13" delay="0" weight="1">
      <points>
        <point x="698" y="289" />
        <point x="731" y="302" />
      </points>
    </arc>
    <arc id="id59" source="id13" target="id28" delay="0" weight="1">
      <points>
        <point x="788" y="310" />
        <point x="807" y="321" />
      </points>
    </arc>
    <arc id="id60" source="id28" target="id14" delay="0" weight="1">
      <points>
        <point x="857" y="321" />
        <point x="890" y="292" />
      </points>
    </arc>
    <arc id="id61" source="id14" target="id27" delay="0" weight="1">
      <points>
        <point x="890" y="277" />
        <point x="863" y="246" />
      </points>
    </arc>
    <arc id="id62" source="id23" target="id17" delay="0" weight="1">
      <points>
        <point x="703" y="395" />
        <point x="740" y="429" />
      </points>
    </arc>
    <arc id="id63" source="id15" target="id23" delay="0" weight="1">
      <points>
        <point x="735" y="359" />
        <point x="703" y="375" />
      </points>
    </arc>
    <arc id="id64" source="id17" target="id29" delay="0" weight="1">
      <points>
        <point x="793" y="437" />
        <point x="815" y="437" />
      </points>
    </arc>
    <arc id="id65" source="id29" target="id16" delay="0" weight="1">
      <points>
        <point x="865" y="426" />
        <point x="893" y="396" />
      </points>
    </arc>
    <arc id="id66" source="id16" target="id28" delay="0" weight="1">
      <points>
        <point x="892" y="379" />
        <point x="857" y="341" />
      </points>
    </arc>
    <arc id="id67" source="id28" target="id15" delay="0" weight="1">
      <points>
        <point x="807" y="341" />
        <point x="791" y="351" />
      </points>
    </arc>
    <arc id="id48" source="id25" target="id9" delay="0" weight="1">
      <points>
        <point x="451" y="288" />
        <point x="434" y="316" />
      </points>
    </arc>
    <arc id="id49" source="id9" target="id24" delay="0" weight="1">
      <points>
        <point x="435" y="336" />
        <point x="454" y="377" />
      </points>
    </arc>
    <arc id="id69" source="id68" target="id28" delay="0" weight="1">
      <points>
        <point x="956" y="298" />
        <point x="857" y="321" />
      </points>
    </arc>
    <arc id="id72" source="id28" target="id71" delay="0" weight="1">
      <points>
        <point x="857" y="341" />
        <point x="956" y="367" />
      </points>
    </arc>
    <arc id="id73" source="id71" target="id70" delay="0" weight="1">
      <points>
        <point x="962" y="361" />
        <point x="962" y="342" />
      </points>
    </arc>
    <arc id="id74" source="id70" target="id68" delay="0" weight="1">
      <points>
        <point x="962" y="322" />
        <point x="966" y="306" />
      </points>
    </arc>
    <arc id="id75" source="id19" target="id12" delay="0" weight="1">
      <points>
        <point x="690" y="185" />
        <point x="736" y="226" />
      </points>
    </arc>
  </page>
</petrinet>