﻿<?xml version="1.0" encoding="utf-8"?>
<petrinet name="main">
  <page id="main.page0" name="main.page0">
    <place id="id0" name="p" initialmarking="1" portdir="None">
      <location x="252" y="209" />
      <size width="60" height="30" />
    </place>
    <place id="id3" name="p" initialmarking="0" portdir="None">
      <location x="253" y="98" />
      <size width="60" height="30" />
    </place>
    <place id="id4" name="p" initialmarking="0" portdir="None">
      <location x="255" y="320" />
      <size width="60" height="30" />
    </place>
    <place id="id5" name="p" initialmarking="0" portdir="None">
      <location x="134" y="248" />
      <size width="60" height="30" />
    </place>
    <transition id="id1" name="t" portdir="None">
      <location x="252" y="261" />
      <size width="50" height="20" />
    </transition>
    <transition id="id2" name="t" portdir="None">
      <location x="253" y="156" />
      <size width="50" height="20" />
    </transition>
    <transition id="id11" name="t" portdir="None">
      <location x="375" y="96" />
      <size width="50" height="20" />
    </transition>
    <transition id="id13" name="t" portdir="None">
      <location x="245" y="34" />
      <size width="50" height="20" />
    </transition>
    <arc id="id6" source="id5" target="id1" delay="0" weight="1">
      <points>
        <point x="163" y="249" />
        <point x="227" y="251" />
      </points>
    </arc>
    <arc id="id7" source="id0" target="id1" delay="0" weight="1">
      <points>
        <point x="252" y="224" />
        <point x="252" y="251" />
      </points>
    </arc>
    <arc id="id8" source="id1" target="id4" delay="0" weight="1">
      <points>
        <point x="255" y="271" />
        <point x="255" y="305" />
      </points>
    </arc>
    <arc id="id9" source="id2" target="id0" delay="0" weight="1">
      <points>
        <point x="252" y="166" />
        <point x="252" y="194" />
      </points>
    </arc>
    <arc id="id10" source="id3" target="id2" delay="0" weight="1">
      <points>
        <point x="253" y="113" />
        <point x="253" y="146" />
      </points>
    </arc>
    <arc id="id14" source="id13" target="id3" delay="0" weight="1">
      <points>
        <point x="253" y="44" />
        <point x="253" y="83" />
      </points>
    </arc>
    <arc id="id12" source="id3" target="id11" delay="0" weight="1">
      <points>
        <point x="282" y="98" />
        <point x="350" y="98" />
      </points>
    </arc>
  </page>
  <page id="main.page1" name="main.page1">
    <place id="id0" name="p" initialmarking="1" portdir="None">
      <location x="258" y="76" />
      <size width="60" height="30" />
    </place>
    <place id="id1" name="p" initialmarking="0" portdir="None">
      <location x="218" y="178" />
      <size width="60" height="30" />
    </place>
    <place id="id2" name="p" initialmarking="0" portdir="None">
      <location x="295" y="181" />
      <size width="60" height="30" />
    </place>
    <place id="id6" name="p" initialmarking="0" portdir="None">
      <location x="257" y="310" />
      <size width="60" height="30" />
    </place>
    <transition id="id3" name="t" portdir="None">
      <location x="256" y="127" />
      <size width="50" height="20" />
    </transition>
    <transition id="id4" name="t" portdir="None">
      <location x="217" y="227" />
      <size width="50" height="20" />
    </transition>
    <transition id="id5" name="t" portdir="None">
      <location x="301" y="228" />
      <size width="50" height="20" />
    </transition>
    <transition id="id14" name="t" portdir="None">
      <location x="87" y="191" />
      <size width="50" height="20" />
    </transition>
    <arc id="id7" source="id0" target="id3" delay="0" weight="1">
      <points>
        <point x="257" y="90" />
        <point x="257" y="117" />
      </points>
    </arc>
    <arc id="id8" source="id3" target="id1" delay="0" weight="1">
      <points>
        <point x="231" y="137" />
        <point x="227" y="164" />
      </points>
    </arc>
    <arc id="id9" source="id1" target="id4" delay="0" weight="1">
      <points>
        <point x="218" y="192" />
        <point x="218" y="217" />
      </points>
    </arc>
    <arc id="id10" source="id4" target="id6" delay="0" weight="1">
      <points>
        <point x="242" y="237" />
        <point x="251" y="296" />
      </points>
    </arc>
    <arc id="id11" source="id3" target="id2" delay="0" weight="1">
      <points>
        <point x="281" y="137" />
        <point x="286" y="167" />
      </points>
    </arc>
    <arc id="id12" source="id2" target="id5" delay="0" weight="1">
      <points>
        <point x="298" y="195" />
        <point x="298" y="218" />
      </points>
    </arc>
    <arc id="id13" source="id5" target="id6" delay="0" weight="1">
      <points>
        <point x="276" y="238" />
        <point x="264" y="296" />
      </points>
    </arc>
    <arc id="id15" source="id6" target="id14" delay="0" weight="1">
      <points>
        <point x="233" y="302" />
        <point x="112" y="201" />
      </points>
    </arc>
    <arc id="id16" source="id14" target="id0" delay="0" weight="1">
      <points>
        <point x="112" y="181" />
        <point x="234" y="84" />
      </points>
    </arc>
  </page>
  <page id="main.page2" name="main.page2">
    <place id="id0" name="p" initialmarking="1" portdir="None">
      <location x="148" y="216" />
      <size width="60" height="30" />
    </place>
    <place id="id1" name="p" initialmarking="0" portdir="None">
      <location x="144" y="326" />
      <size width="60" height="30" />
    </place>
    <place id="id2" name="p" initialmarking="0" portdir="None">
      <location x="146" y="96" />
      <size width="60" height="30" />
    </place>
    <place id="id3" name="p" initialmarking="0" portdir="None">
      <location x="348" y="98" />
      <size width="60" height="30" />
    </place>
    <place id="id4" name="p" initialmarking="1" portdir="None">
      <location x="344" y="194" />
      <size width="60" height="30" />
    </place>
    <place id="id5" name="p" initialmarking="0" portdir="None">
      <location x="343" y="261" />
      <size width="60" height="30" />
    </place>
    <place id="id6" name="p" initialmarking="1" portdir="None">
      <location x="346" y="327" />
      <size width="60" height="30" />
    </place>
    <place id="id7" name="p" initialmarking="0" portdir="None">
      <location x="250" y="78" />
      <size width="60" height="30" />
    </place>
    <transition id="id8" name="t" portdir="None">
      <location x="152" y="159" />
      <size width="50" height="20" />
    </transition>
    <transition id="id9" name="t" portdir="None">
      <location x="145" y="285" />
      <size width="50" height="20" />
    </transition>
    <transition id="id10" name="t" portdir="None">
      <location x="430" y="211" />
      <size width="50" height="20" />
    </transition>
    <transition id="id11" name="t" portdir="None">
      <location x="50" y="206" />
      <size width="50" height="20" />
    </transition>
    <transition id="id19" name="t" portdir="None">
      <location x="309" y="35" />
      <size width="50" height="20" />
    </transition>
    <arc id="id12" source="id2" target="id8" delay="0" weight="1">
      <points>
        <point x="148" y="110" />
        <point x="148" y="149" />
      </points>
    </arc>
    <arc id="id13" source="id8" target="id0" delay="0" weight="1">
      <points>
        <point x="148" y="169" />
        <point x="148" y="201" />
      </points>
    </arc>
    <arc id="id14" source="id0" target="id9" delay="0" weight="1">
      <points>
        <point x="147" y="230" />
        <point x="147" y="275" />
      </points>
    </arc>
    <arc id="id15" source="id9" target="id1" delay="0" weight="1">
      <points>
        <point x="144" y="295" />
        <point x="144" y="311" />
      </points>
    </arc>
    <arc id="id16" source="id1" target="id11" delay="0" weight="1">
      <points>
        <point x="126" y="315" />
        <point x="75" y="216" />
      </points>
    </arc>
    <arc id="id17" source="id11" target="id2" delay="0" weight="1">
      <points>
        <point x="75" y="196" />
        <point x="129" y="108" />
      </points>
    </arc>
    <arc id="id20" source="id3" target="id8" delay="0" weight="1">
      <points>
        <point x="320" y="102" />
        <point x="177" y="149" />
      </points>
    </arc>
    <arc id="id21" source="id8" target="id4" delay="0" weight="1">
      <points>
        <point x="177" y="169" />
        <point x="315" y="192" />
      </points>
    </arc>
    <arc id="id22" source="id4" target="id10" delay="0" weight="1">
      <points>
        <point x="373" y="196" />
        <point x="405" y="201" />
      </points>
    </arc>
    <arc id="id23" source="id10" target="id3" delay="0" weight="1">
      <points>
        <point x="405" y="201" />
        <point x="362" y="111" />
      </points>
    </arc>
    <arc id="id24" source="id6" target="id10" delay="0" weight="1">
      <points>
        <point x="363" y="315" />
        <point x="405" y="221" />
      </points>
    </arc>
    <arc id="id25" source="id10" target="id5" delay="0" weight="1">
      <points>
        <point x="405" y="221" />
        <point x="368" y="253" />
      </points>
    </arc>
    <arc id="id26" source="id5" target="id9" delay="0" weight="1">
      <points>
        <point x="314" y="262" />
        <point x="170" y="275" />
      </points>
    </arc>
    <arc id="id27" source="id9" target="id6" delay="0" weight="1">
      <points>
        <point x="170" y="295" />
        <point x="317" y="325" />
      </points>
    </arc>
    <arc id="id18" source="id8" target="id7" delay="0" weight="1">
      <points>
        <point x="177" y="149" />
        <point x="229" y="88" />
      </points>
    </arc>
    <arc id="id28" source="id7" target="id19" delay="0" weight="1">
      <points>
        <point x="274" y="70" />
        <point x="284" y="45" />
      </points>
    </arc>
    <arc id="id29" source="id19" target="id3" delay="0" weight="1">
      <points>
        <point x="334" y="45" />
        <point x="341" y="84" />
      </points>
    </arc>
  </page>
</petrinet>