﻿<?xml version="1.0" encoding="utf-8"?>
<petrinet name="main">
  <page id="main.page0" name="main.page0">
    <place id="id0" name="p" initialmarking="0" portdir="None">
      <location x="322" y="312" />
      <size width="60" height="30" />
    </place>
    <place id="id1" name="p" initialmarking="1" portdir="None">
      <location x="320" y="42" />
      <size width="60" height="30" />
    </place>
    <place id="id3" name="p" initialmarking="0" portdir="None">
      <location x="176" y="446" />
      <size width="60" height="30" />
    </place>
    <place id="id4" name="p" initialmarking="0" portdir="None">
      <location x="170" y="870" />
      <size width="60" height="30" />
    </place>
    <place id="id5" name="p" initialmarking="0" portdir="None">
      <location x="467" y="439" />
      <size width="60" height="30" />
    </place>
    <place id="id6" name="p" initialmarking="0" portdir="None">
      <location x="462" y="873" />
      <size width="60" height="30" />
    </place>
    <place id="id29" name="p" initialmarking="0" portdir="None">
      <location x="350" y="415" />
      <size width="60" height="30" />
    </place>
    <place id="id32" name="p" initialmarking="0" portdir="None">
      <location x="286" y="413" />
      <size width="60" height="30" />
    </place>
    <place id="id37" name="p" initialmarking="0" portdir="None">
      <location x="466" y="613" />
      <size width="60" height="30" />
    </place>
    <place id="id38" name="p" initialmarking="0" portdir="None">
      <location x="172" y="618" />
      <size width="60" height="30" />
    </place>
    <place id="id24" name="p" initialmarking="0" portdir="None">
      <location x="395" y="521" />
      <size width="60" height="30" />
    </place>
    <place id="id27" name="p" initialmarking="0" portdir="None">
      <location x="250" y="511" />
      <size width="60" height="30" />
    </place>
    <transition id="id7" name="t" portdir="None">
      <location x="178" y="368" />
      <size width="50" height="20" />
    </transition>
    <transition id="id8" name="t" portdir="None">
      <location x="466" y="365" />
      <size width="50" height="20" />
    </transition>
    <transition id="id9" name="t" portdir="None">
      <location x="469" y="515" />
      <size width="50" height="20" />
    </transition>
    <transition id="id10" name="t" portdir="None">
      <location x="177" y="509" />
      <size width="50" height="20" />
    </transition>
    <transition id="id11" name="to" portdir="Out">
      <location x="318" y="219" />
      <size width="50" height="20" />
    </transition>
    <transition id="id12" name="ti1" portdir="In">
      <location x="166" y="967" />
      <size width="50" height="20" />
    </transition>
    <transition id="id13" name="ti2" portdir="In">
      <location x="475" y="971" />
      <size width="50" height="20" />
    </transition>
    <transition id="id30" name="t" portdir="None">
      <location x="254" y="873" />
      <size width="50" height="20" />
    </transition>
    <transition id="id31" name="t" portdir="None">
      <location x="382" y="876" />
      <size width="50" height="20" />
    </transition>
    <transition id="id39" name="t" portdir="None">
      <location x="155" y="733" />
      <size width="50" height="20" />
    </transition>
    <transition id="id40" name="t" portdir="None">
      <location x="461" y="721" />
      <size width="50" height="20" />
    </transition>
    <transition id="id2" name="t" portdir="None">
      <location x="255" y="366" />
      <size width="50" height="20" />
    </transition>
    <transition id="id14" name="t" portdir="None">
      <location x="393" y="364" />
      <size width="50" height="20" />
    </transition>
    <arc id="id15" source="id11" target="id0" delay="0" weight="1">
      <points>
        <point x="322" y="229" />
        <point x="322" y="297" />
      </points>
    </arc>
    <arc id="id16" source="id8" target="id1" delay="0" weight="1">
      <points>
        <point x="441" y="355" />
        <point x="330" y="55" />
      </points>
    </arc>
    <arc id="id17" source="id7" target="id1" delay="0" weight="1">
      <points>
        <point x="203" y="358" />
        <point x="310" y="56" />
      </points>
    </arc>
    <arc id="id20" source="id5" target="id8" delay="0" weight="1">
      <points>
        <point x="467" y="425" />
        <point x="467" y="375" />
      </points>
    </arc>
    <arc id="id21" source="id3" target="id7" delay="0" weight="1">
      <points>
        <point x="176" y="432" />
        <point x="176" y="378" />
      </points>
    </arc>
    <arc id="id22" source="id1" target="id11" delay="0" weight="1">
      <points>
        <point x="320" y="56" />
        <point x="320" y="209" />
      </points>
    </arc>
    <arc id="id23" source="id13" target="id6" delay="0" weight="1">
      <points>
        <point x="462" y="961" />
        <point x="462" y="888" />
      </points>
    </arc>
    <arc id="id25" source="id9" target="id5" delay="0" weight="1">
      <points>
        <point x="467" y="505" />
        <point x="467" y="454" />
      </points>
    </arc>
    <arc id="id26" source="id10" target="id3" delay="0" weight="1">
      <points>
        <point x="176" y="499" />
        <point x="176" y="461" />
      </points>
    </arc>
    <arc id="id28" source="id12" target="id4" delay="0" weight="1">
      <points>
        <point x="170" y="957" />
        <point x="170" y="885" />
      </points>
    </arc>
    <arc id="id18" source="id6" target="id31" delay="0" weight="1">
      <points>
        <point x="433" y="873" />
        <point x="407" y="873" />
      </points>
    </arc>
    <arc id="id19" source="id31" target="id32" delay="0" weight="1">
      <points>
        <point x="357" y="866" />
        <point x="290" y="427" />
      </points>
    </arc>
    <arc id="id33" source="id32" target="id7" delay="0" weight="1">
      <points>
        <point x="259" y="408" />
        <point x="203" y="378" />
      </points>
    </arc>
    <arc id="id34" source="id4" target="id30" delay="0" weight="1">
      <points>
        <point x="199" y="870" />
        <point x="229" y="870" />
      </points>
    </arc>
    <arc id="id35" source="id30" target="id29" delay="0" weight="1">
      <points>
        <point x="279" y="863" />
        <point x="346" y="429" />
      </points>
    </arc>
    <arc id="id36" source="id29" target="id8" delay="0" weight="1">
      <points>
        <point x="377" y="410" />
        <point x="441" y="375" />
      </points>
    </arc>
    <arc id="id41" source="id4" target="id39" delay="0" weight="1">
      <points>
        <point x="167" y="856" />
        <point x="167" y="743" />
      </points>
    </arc>
    <arc id="id42" source="id39" target="id38" delay="0" weight="1">
      <points>
        <point x="172" y="723" />
        <point x="172" y="633" />
      </points>
    </arc>
    <arc id="id43" source="id38" target="id10" delay="0" weight="1">
      <points>
        <point x="173" y="604" />
        <point x="173" y="519" />
      </points>
    </arc>
    <arc id="id44" source="id6" target="id40" delay="0" weight="1">
      <points>
        <point x="462" y="859" />
        <point x="462" y="731" />
      </points>
    </arc>
    <arc id="id45" source="id40" target="id37" delay="0" weight="1">
      <points>
        <point x="466" y="711" />
        <point x="466" y="628" />
      </points>
    </arc>
    <arc id="id46" source="id37" target="id9" delay="0" weight="1">
      <points>
        <point x="466" y="599" />
        <point x="466" y="525" />
      </points>
    </arc>
    <arc id="id47" source="id0" target="id2" delay="0" weight="1">
      <points>
        <point x="299" y="321" />
        <point x="280" y="356" />
      </points>
    </arc>
    <arc id="id48" source="id2" target="id27" delay="0" weight="1">
      <points>
        <point x="250" y="376" />
        <point x="250" y="496" />
      </points>
    </arc>
    <arc id="id49" source="id27" target="id10" delay="0" weight="1">
      <points>
        <point x="221" y="511" />
        <point x="202" y="511" />
      </points>
    </arc>
    <arc id="id50" source="id0" target="id14" delay="0" weight="1">
      <points>
        <point x="346" y="320" />
        <point x="368" y="354" />
      </points>
    </arc>
    <arc id="id51" source="id14" target="id24" delay="0" weight="1">
      <points>
        <point x="395" y="374" />
        <point x="395" y="506" />
      </points>
    </arc>
    <arc id="id52" source="id24" target="id9" delay="0" weight="1">
      <points>
        <point x="424" y="520" />
        <point x="444" y="520" />
      </points>
    </arc>
  </page>
  <page id="main.page1" name="main.page1">
    <place id="id2" name="p" initialmarking="1" portdir="None">
      <location x="394" y="330" />
      <size width="60" height="30" />
    </place>
    <place id="id3" name="p" initialmarking="1" portdir="None">
      <location x="103" y="287" />
      <size width="60" height="30" />
    </place>
    <subpage id="id0" original="main.page0" name="main.page0">
      <location x="213" y="202" />
      <size width="50" height="70" />
      <port id="id0.port0" name="to" originalid="id11" type="transition" portdir="None">
        <location x="168" y="184" />
        <size width="30" height="30" />
      </port>
      <port id="id0.port1" name="ti1" originalid="id12" type="transition" portdir="None">
        <location x="258" y="184" />
        <size width="30" height="30" />
      </port>
      <port id="id0.port2" name="ti2" originalid="id13" type="transition" portdir="None">
        <location x="258" y="219" />
        <size width="30" height="30" />
      </port>
    </subpage>
    <subpage id="id1" original="main.page0" name="main.page0">
      <location x="196" y="419" />
      <size width="50" height="70" />
      <port id="id1.port0" name="to" originalid="id11" type="transition" portdir="None">
        <location x="151" y="401" />
        <size width="30" height="30" />
      </port>
      <port id="id1.port1" name="ti1" originalid="id12" type="transition" portdir="None">
        <location x="241" y="401" />
        <size width="30" height="30" />
      </port>
      <port id="id1.port2" name="ti2" originalid="id13" type="transition" portdir="None">
        <location x="241" y="436" />
        <size width="30" height="30" />
      </port>
    </subpage>
    <arc id="id4" source="id0.port0" target="id3" delay="0" weight="1">
      <points>
        <point x="153" y="199" />
        <point x="117" y="274" />
      </points>
    </arc>
    <arc id="id5" source="id0.port0" target="id2" delay="0" weight="1">
      <points>
        <point x="183" y="199" />
        <point x="369" y="323" />
      </points>
    </arc>
    <arc id="id6" source="id1.port0" target="id2" delay="0" weight="1">
      <points>
        <point x="166" y="386" />
        <point x="365" y="333" />
      </points>
    </arc>
    <arc id="id7" source="id1.port0" target="id3" delay="0" weight="1">
      <points>
        <point x="136" y="386" />
        <point x="112" y="301" />
      </points>
    </arc>
    <arc id="id8" source="id2" target="id0.port1" delay="0" weight="1">
      <points>
        <point x="374" y="320" />
        <point x="273" y="199" />
      </points>
    </arc>
    <arc id="id9" source="id2" target="id1.port1" delay="0" weight="1">
      <points>
        <point x="367" y="336" />
        <point x="256" y="386" />
      </points>
    </arc>
    <arc id="id10" source="id3" target="id0.port2" delay="0" weight="1">
      <points>
        <point x="130" y="281" />
        <point x="243" y="234" />
      </points>
    </arc>
    <arc id="id11" source="id3" target="id1.port2" delay="0" weight="1">
      <points>
        <point x="123" y="298" />
        <point x="226" y="421" />
      </points>
    </arc>
  </page>
</petrinet>