﻿<?xml version="1.0" encoding="utf-8"?>
<petrinet name="Untitled">
  <page id="page0" name="page0">
    <place id="id0" name="p0" initialmarking="1" portdir="In">
      <location x="145" y="130" />
      <size width="50" height="30" />
    </place>
    <place id="id1" name="p1" initialmarking="0" portdir="None">
      <location x="280" y="273" />
      <size width="50" height="30" />
    </place>
    <transition id="id2" name="t2" portdir="Out">
      <location x="140" y="248" />
      <size width="50" height="20" />
    </transition>
    <transition id="id3" name="t3" portdir="None">
      <location x="343" y="150" />
      <size width="50" height="20" />
    </transition>
    <arc id="id4" source="id0" target="id2" delay="0" weight="1">
      <points>
        <point x="144" y="144" />
        <point x="144" y="238" />
      </points>
    </arc>
    <arc id="id5" source="id2" target="id1" delay="0" weight="1">
      <points>
        <point x="165" y="258" />
        <point x="256" y="272" />
      </points>
    </arc>
    <arc id="id6" source="id1" target="id3" delay="0" weight="1">
      <points>
        <point x="291" y="260" />
        <point x="318" y="160" />
      </points>
    </arc>
    <arc id="id7" source="id3" target="id0" delay="0" weight="1">
      <points>
        <point x="318" y="140" />
        <point x="169" y="130" />
      </points>
    </arc>
  </page>
  <page id="page1" name="page1">
    <place id="id1" name="p1" initialmarking="0" portdir="Out">
      <location x="188" y="248" />
      <size width="50" height="30" />
    </place>
    <subpage id="id0" original="page0" name="page0">
      <location x="147" y="145" />
      <size width="50" height="70" />
      <port id="id0.port0" name="p0" originalid="id0" type="place" initialMarking="0" portdir="None">
        <location x="102" y="145" />
        <size width="30" height="30" />
      </port>
      <port id="id0.port1" name="t2" originalid="id2" type="transition" portdir="None">
        <location x="192" y="145" />
        <size width="30" height="30" />
      </port>
    </subpage>
    <arc id="id2" source="id0.port1" target="id1" delay="0" weight="1">
      <points>
        <point x="188" y="160" />
        <point x="188" y="233" />
      </points>
    </arc>
  </page>
  <page id="page2" name="page2">
    <subpage id="id0" original="page1" name="page1">
      <location x="185" y="114" />
      <size width="50" height="70" />
      <port id="id0.port0" name="p1" originalid="id1" type="place" initialMarking="0" portdir="None">
        <location x="230" y="114" />
        <size width="30" height="30" />
      </port>
    </subpage>
  </page>
</petrinet>