﻿<?xml version="1.0" encoding="utf-8"?>
<petrinet name="Untitled">
  <page id="page0" name="page0">
    <place id="id0" name="p0" initialmarking="0" portdir="None">
      <location x="182" y="97" />
      <size width="50" height="30" />
    </place>
    <place id="id1" name="p1" initialmarking="0" portdir="None">
      <location x="140" y="318" />
      <size width="50" height="30" />
    </place>
    <place id="id2" name="p2" initialmarking="0" portdir="None">
      <location x="335" y="360" />
      <size width="50" height="30" />
    </place>
    <transition id="id3" name="t3" portdir="None">
      <location x="364" y="175" />
      <size width="50" height="20" />
    </transition>
    <transition id="id4" name="t4" portdir="None">
      <location x="225" y="401" />
      <size width="50" height="20" />
    </transition>
    <transition id="id5" name="t5" portdir="None">
      <location x="45" y="181" />
      <size width="50" height="20" />
    </transition>
    <arc id="id6" source="id0" target="id3" delay="0" weight="1">
      <points>
        <point x="182" y="111" />
        <point x="178" y="246" />
        <point x="339" y="165" />
      </points>
    </arc>
    <arc id="id7" source="id3" target="id2" delay="0" weight="1">
      <points>
        <point x="339" y="185" />
        <point x="218" y="304" />
        <point x="335" y="346" />
      </points>
    </arc>
    <arc id="id8" source="id2" target="id4" delay="0" weight="1">
      <points>
        <point x="311" y="358" />
        <point x="225" y="340" />
        <point x="250" y="391" />
      </points>
    </arc>
    <arc id="id9" source="id4" target="id1" delay="0" weight="1">
      <points>
        <point x="200" y="391" />
        <point x="195" y="297" />
        <point x="155" y="329" />
      </points>
    </arc>
    <arc id="id10" source="id1" target="id5" delay="0" weight="1">
      <points>
        <point x="157" y="308" />
        <point x="197" y="260" />
        <point x="70" y="191" />
      </points>
    </arc>
    <arc id="id11" source="id5" target="id0" delay="0" weight="1">
      <points>
        <point x="70" y="191" />
        <point x="142" y="194" />
        <point x="163" y="106" />
      </points>
    </arc>
  </page>
</petrinet>