﻿<?xml version="1.0" encoding="utf-8"?>
<petrinet name="Untitled">
  <page id="page0" name="page0">
    <place id="id1" name="p1" initialmarking="0" portdir="None">
      <location x="481" y="503" />
      <size width="50" height="30" />
    </place>
    <place id="id2" name="p2" initialmarking="0" portdir="None">
      <location x="663" y="459" />
      <size width="50" height="30" />
    </place>
    <place id="id3" name="p3" initialmarking="0" portdir="None">
      <location x="709" y="568" />
      <size width="50" height="30" />
    </place>
    <place id="id4" name="p4" initialmarking="0" portdir="None">
      <location x="577" y="623" />
      <size width="50" height="30" />
    </place>
    <place id="id5" name="p5" initialmarking="0" portdir="None">
      <location x="353" y="561" />
      <size width="50" height="30" />
    </place>
    <place id="id6" name="p6" initialmarking="0" portdir="None">
      <location x="303" y="669" />
      <size width="50" height="30" />
    </place>
    <place id="id7" name="p7" initialmarking="0" portdir="None">
      <location x="266" y="588" />
      <size width="50" height="30" />
    </place>
    <place id="id8" name="p8" initialmarking="0" portdir="None">
      <location x="205" y="498" />
      <size width="50" height="30" />
    </place>
    <place id="id9" name="p9" initialmarking="1" portdir="None">
      <location x="173" y="599" />
      <size width="50" height="30" />
    </place>
    <place id="id42" name="p42" initialmarking="1" portdir="None">
      <location x="545" y="520" />
      <size width="50" height="30" />
    </place>
    <transition id="id10" name="t10" portdir="None">
      <location x="403" y="498" />
      <size width="50" height="20" />
    </transition>
    <transition id="id11" name="t11" portdir="None">
      <location x="583" y="470" />
      <size width="50" height="20" />
    </transition>
    <transition id="id12" name="t12" portdir="None">
      <location x="709" y="518" />
      <size width="50" height="20" />
    </transition>
    <transition id="id13" name="t13" portdir="None">
      <location x="677" y="619" />
      <size width="50" height="20" />
    </transition>
    <transition id="id14" name="t14" portdir="None">
      <location x="532" y="569" />
      <size width="50" height="20" />
    </transition>
    <transition id="id15" name="t15" portdir="In">
      <location x="364" y="624" />
      <size width="50" height="20" />
    </transition>
    <transition id="id16" name="t16" portdir="None">
      <location x="303" y="479" />
      <size width="50" height="20" />
    </transition>
    <transition id="id17" name="t17" portdir="Out">
      <location x="182" y="552" />
      <size width="50" height="20" />
    </transition>
    <transition id="id18" name="t18" portdir="None">
      <location x="222" y="664" />
      <size width="50" height="20" />
    </transition>
    <transition id="id19" name="t19" portdir="None">
      <location x="632" y="548" />
      <size width="50" height="20" />
    </transition>
    <arc id="id21" source="id10" target="id1" delay="0" weight="1">
      <points>
        <point x="428" y="503" />
        <point x="456" y="503" />
      </points>
    </arc>
    <arc id="id23" source="id11" target="id2" delay="0" weight="1">
      <points>
        <point x="608" y="460" />
        <point x="639" y="459" />
      </points>
    </arc>
    <arc id="id24" source="id2" target="id12" delay="0" weight="1">
      <points>
        <point x="678" y="470" />
        <point x="684" y="508" />
      </points>
    </arc>
    <arc id="id25" source="id12" target="id3" delay="0" weight="1">
      <points>
        <point x="709" y="528" />
        <point x="709" y="553" />
      </points>
    </arc>
    <arc id="id26" source="id3" target="id13" delay="0" weight="1">
      <points>
        <point x="696" y="580" />
        <point x="696" y="609" />
      </points>
    </arc>
    <arc id="id27" source="id13" target="id4" delay="0" weight="1">
      <points>
        <point x="652" y="623" />
        <point x="602" y="623" />
      </points>
    </arc>
    <arc id="id28" source="id4" target="id14" delay="0" weight="1">
      <points>
        <point x="561" y="612" />
        <point x="557" y="579" />
      </points>
    </arc>
    <arc id="id29" source="id14" target="id5" delay="0" weight="1">
      <points>
        <point x="507" y="561" />
        <point x="378" y="561" />
      </points>
    </arc>
    <arc id="id32" source="id6" target="id15" delay="0" weight="1">
      <points>
        <point x="323" y="661" />
        <point x="339" y="634" />
      </points>
    </arc>
    <arc id="id33" source="id15" target="id7" delay="0" weight="1">
      <points>
        <point x="339" y="614" />
        <point x="289" y="593" />
      </points>
    </arc>
    <arc id="id35" source="id16" target="id8" delay="0" weight="1">
      <points>
        <point x="278" y="489" />
        <point x="229" y="497" />
      </points>
    </arc>
    <arc id="id36" source="id8" target="id17" delay="0" weight="1">
      <points>
        <point x="196" y="511" />
        <point x="196" y="542" />
      </points>
    </arc>
    <arc id="id37" source="id17" target="id9" delay="0" weight="1">
      <points>
        <point x="173" y="562" />
        <point x="173" y="584" />
      </points>
    </arc>
    <arc id="id38" source="id9" target="id18" delay="0" weight="1">
      <points>
        <point x="188" y="610" />
        <point x="197" y="654" />
      </points>
    </arc>
    <arc id="id39" source="id18" target="id6" delay="0" weight="1">
      <points>
        <point x="247" y="669" />
        <point x="278" y="669" />
      </points>
    </arc>
    <arc id="id40" source="id15" target="id5" delay="0" weight="1">
      <points>
        <point x="353" y="614" />
        <point x="353" y="576" />
      </points>
    </arc>
    <arc id="id41" source="id5" target="id16" delay="0" weight="1">
      <points>
        <point x="340" y="549" />
        <point x="328" y="489" />
      </points>
    </arc>
    <arc id="id34" source="id7" target="id17" delay="0" weight="1">
      <points>
        <point x="244" y="583" />
        <point x="207" y="562" />
      </points>
    </arc>
    <arc id="id43" source="id14" target="id42" delay="0" weight="1">
      <points>
        <point x="545" y="559" />
        <point x="545" y="535" />
      </points>
    </arc>
    <arc id="id44" source="id42" target="id11" delay="0" weight="1">
      <points>
        <point x="560" y="509" />
        <point x="560" y="480" />
      </points>
    </arc>
    <arc id="id22" source="id1" target="id14" delay="0" weight="1">
      <points>
        <point x="496" y="514" />
        <point x="507" y="559" />
      </points>
    </arc>
    <arc id="id20" source="id5" target="id10" delay="0" weight="1">
      <points>
        <point x="368" y="550" />
        <point x="378" y="508" />
      </points>
    </arc>
    <arc id="id0" source="id4" target="id19" delay="0" weight="1">
      <points>
        <point x="591" y="611" />
        <point x="607" y="558" />
      </points>
    </arc>
    <arc id="id30" source="id19" target="id2" delay="0" weight="1">
      <points>
        <point x="657" y="538" />
        <point x="662" y="473" />
      </points>
    </arc>
  </page>
  <page id="page1" name="page1">
    <place id="id32" name="p32" initialmarking="0" portdir="None">
      <location x="886" y="717" />
      <size width="50" height="30" />
    </place>
    <place id="id54" name="p54" initialmarking="0" portdir="None">
      <location x="891" y="820" />
      <size width="50" height="30" />
    </place>
    <place id="id59" name="p59" initialmarking="1" portdir="None">
      <location x="689" y="739" />
      <size width="50" height="30" />
    </place>
    <place id="id10" name="p10" initialmarking="0" portdir="None">
      <location x="696" y="822" />
      <size width="50" height="30" />
    </place>
    <place id="id2" name="p32" initialmarking="0" portdir="None">
      <location x="1199" y="719" />
      <size width="50" height="30" />
    </place>
    <place id="id3" name="p54" initialmarking="0" portdir="None">
      <location x="1204" y="822" />
      <size width="50" height="30" />
    </place>
    <place id="id4" name="p59" initialmarking="1" portdir="None">
      <location x="1002" y="741" />
      <size width="50" height="30" />
    </place>
    <place id="id5" name="p10" initialmarking="0" portdir="None">
      <location x="1009" y="824" />
      <size width="50" height="30" />
    </place>
    <place id="id29" name="p32" initialmarking="0" portdir="None">
      <location x="559" y="401" />
      <size width="50" height="30" />
    </place>
    <place id="id30" name="p54" initialmarking="0" portdir="None">
      <location x="564" y="504" />
      <size width="50" height="30" />
    </place>
    <place id="id31" name="p59" initialmarking="1" portdir="None">
      <location x="362" y="423" />
      <size width="50" height="30" />
    </place>
    <place id="id33" name="p10" initialmarking="0" portdir="None">
      <location x="369" y="506" />
      <size width="50" height="30" />
    </place>
    <place id="id49" name="p32" initialmarking="0" portdir="None">
      <location x="261" y="417" />
      <size width="50" height="30" />
    </place>
    <place id="id50" name="p54" initialmarking="0" portdir="None">
      <location x="266" y="520" />
      <size width="50" height="30" />
    </place>
    <place id="id51" name="p59" initialmarking="1" portdir="None">
      <location x="64" y="439" />
      <size width="50" height="30" />
    </place>
    <place id="id52" name="p10" initialmarking="0" portdir="None">
      <location x="71" y="522" />
      <size width="50" height="30" />
    </place>
    <place id="id76" name="p32" initialmarking="0" portdir="None">
      <location x="1550" y="704" />
      <size width="50" height="30" />
    </place>
    <place id="id77" name="p54" initialmarking="0" portdir="None">
      <location x="1555" y="807" />
      <size width="50" height="30" />
    </place>
    <place id="id78" name="p59" initialmarking="1" portdir="None">
      <location x="1353" y="726" />
      <size width="50" height="30" />
    </place>
    <place id="id79" name="p10" initialmarking="0" portdir="None">
      <location x="1360" y="809" />
      <size width="50" height="30" />
    </place>
    <place id="id95" name="p32" initialmarking="0" portdir="None">
      <location x="895" y="390" />
      <size width="50" height="30" />
    </place>
    <place id="id96" name="p54" initialmarking="0" portdir="None">
      <location x="900" y="493" />
      <size width="50" height="30" />
    </place>
    <place id="id97" name="p59" initialmarking="1" portdir="None">
      <location x="698" y="412" />
      <size width="50" height="30" />
    </place>
    <place id="id98" name="p10" initialmarking="0" portdir="None">
      <location x="705" y="495" />
      <size width="50" height="30" />
    </place>
    <transition id="id55" name="t55" portdir="None">
      <location x="894" y="769" />
      <size width="50" height="20" />
    </transition>
    <transition id="id15" name="t15" portdir="None">
      <location x="698" y="785" />
      <size width="50" height="20" />
    </transition>
    <transition id="id23" name="t23" portdir="None">
      <location x="785" y="783" />
      <size width="50" height="20" />
    </transition>
    <transition id="id6" name="t55" portdir="None">
      <location x="1207" y="771" />
      <size width="50" height="20" />
    </transition>
    <transition id="id7" name="t15" portdir="None">
      <location x="1011" y="787" />
      <size width="50" height="20" />
    </transition>
    <transition id="id8" name="t23" portdir="None">
      <location x="1098" y="785" />
      <size width="50" height="20" />
    </transition>
    <transition id="id34" name="t55" portdir="None">
      <location x="567" y="453" />
      <size width="50" height="20" />
    </transition>
    <transition id="id36" name="t23" portdir="None">
      <location x="458" y="467" />
      <size width="50" height="20" />
    </transition>
    <transition id="id60" name="t55" portdir="None">
      <location x="269" y="469" />
      <size width="50" height="20" />
    </transition>
    <transition id="id62" name="t15" portdir="Bidirection">
      <location x="73" y="485" />
      <size width="50" height="20" />
    </transition>
    <transition id="id63" name="t23" portdir="None">
      <location x="160" y="483" />
      <size width="50" height="20" />
    </transition>
    <transition id="id80" name="t55" portdir="Bidirection">
      <location x="1558" y="756" />
      <size width="50" height="20" />
    </transition>
    <transition id="id81" name="t15" portdir="None">
      <location x="1362" y="772" />
      <size width="50" height="20" />
    </transition>
    <transition id="id82" name="t23" portdir="None">
      <location x="1449" y="770" />
      <size width="50" height="20" />
    </transition>
    <transition id="id99" name="t55" portdir="None">
      <location x="903" y="442" />
      <size width="50" height="20" />
    </transition>
    <transition id="id100" name="t15" portdir="None">
      <location x="707" y="458" />
      <size width="50" height="20" />
    </transition>
    <transition id="id101" name="t23" portdir="None">
      <location x="794" y="456" />
      <size width="50" height="20" />
    </transition>
    <transition id="id35" name="t15" portdir="None">
      <location x="371" y="469" />
      <size width="50" height="20" />
    </transition>
    <subpage id="id0" original="page0" name="page0">
      <location x="787" y="712" />
      <size width="50" height="70" />
      <port id="id0.port0" name="t15" originalid="id15" type="transition" portdir="None">
        <location x="742" y="712" />
        <size width="30" height="30" />
      </port>
      <port id="id0.port1" name="t17" originalid="id17" type="transition" portdir="None">
        <location x="832" y="712" />
        <size width="30" height="30" />
      </port>
    </subpage>
    <subpage id="id1" original="page0" name="page0">
      <location x="787" y="855" />
      <size width="50" height="70" />
      <port id="id1.port0" name="t15" originalid="id15" type="transition" portdir="None">
        <location x="742" y="855" />
        <size width="30" height="30" />
      </port>
      <port id="id1.port1" name="t17" originalid="id17" type="transition" portdir="None">
        <location x="832" y="855" />
        <size width="30" height="30" />
      </port>
    </subpage>
    <subpage id="id9" original="page0" name="page0">
      <location x="1100" y="714" />
      <size width="50" height="70" />
      <port id="id9.port0" name="t15" originalid="id15" type="transition" portdir="None">
        <location x="1055" y="714" />
        <size width="30" height="30" />
      </port>
      <port id="id9.port1" name="t17" originalid="id17" type="transition" portdir="None">
        <location x="1145" y="714" />
        <size width="30" height="30" />
      </port>
    </subpage>
    <subpage id="id11" original="page0" name="page0">
      <location x="1100" y="857" />
      <size width="50" height="70" />
      <port id="id11.port0" name="t15" originalid="id15" type="transition" portdir="None">
        <location x="1055" y="857" />
        <size width="30" height="30" />
      </port>
      <port id="id11.port1" name="t17" originalid="id17" type="transition" portdir="None">
        <location x="1145" y="857" />
        <size width="30" height="30" />
      </port>
    </subpage>
    <subpage id="id37" original="page0" name="page0">
      <location x="460" y="396" />
      <size width="50" height="70" />
      <port id="id37.port0" name="t15" originalid="id15" type="transition" portdir="None">
        <location x="415" y="396" />
        <size width="30" height="30" />
      </port>
      <port id="id37.port1" name="t17" originalid="id17" type="transition" portdir="None">
        <location x="505" y="396" />
        <size width="30" height="30" />
      </port>
    </subpage>
    <subpage id="id38" original="page0" name="page0">
      <location x="460" y="539" />
      <size width="50" height="70" />
      <port id="id38.port0" name="t15" originalid="id15" type="transition" portdir="None">
        <location x="415" y="539" />
        <size width="30" height="30" />
      </port>
      <port id="id38.port1" name="t17" originalid="id17" type="transition" portdir="None">
        <location x="505" y="539" />
        <size width="30" height="30" />
      </port>
    </subpage>
    <subpage id="id64" original="page0" name="page0">
      <location x="162" y="412" />
      <size width="50" height="70" />
      <port id="id64.port0" name="t15" originalid="id15" type="transition" portdir="None">
        <location x="117" y="412" />
        <size width="30" height="30" />
      </port>
      <port id="id64.port1" name="t17" originalid="id17" type="transition" portdir="None">
        <location x="207" y="412" />
        <size width="30" height="30" />
      </port>
    </subpage>
    <subpage id="id65" original="page0" name="page0">
      <location x="162" y="555" />
      <size width="50" height="70" />
      <port id="id65.port0" name="t15" originalid="id15" type="transition" portdir="None">
        <location x="117" y="555" />
        <size width="30" height="30" />
      </port>
      <port id="id65.port1" name="t17" originalid="id17" type="transition" portdir="None">
        <location x="207" y="555" />
        <size width="30" height="30" />
      </port>
    </subpage>
    <subpage id="id83" original="page0" name="page0">
      <location x="1451" y="699" />
      <size width="50" height="70" />
      <port id="id83.port0" name="t15" originalid="id15" type="transition" portdir="None">
        <location x="1406" y="699" />
        <size width="30" height="30" />
      </port>
      <port id="id83.port1" name="t17" originalid="id17" type="transition" portdir="None">
        <location x="1496" y="699" />
        <size width="30" height="30" />
      </port>
    </subpage>
    <subpage id="id84" original="page0" name="page0">
      <location x="1451" y="842" />
      <size width="50" height="70" />
      <port id="id84.port0" name="t15" originalid="id15" type="transition" portdir="None">
        <location x="1406" y="842" />
        <size width="30" height="30" />
      </port>
      <port id="id84.port1" name="t17" originalid="id17" type="transition" portdir="None">
        <location x="1496" y="842" />
        <size width="30" height="30" />
      </port>
    </subpage>
    <subpage id="id102" original="page0" name="page0">
      <location x="796" y="385" />
      <size width="50" height="70" />
      <port id="id102.port0" name="t15" originalid="id15" type="transition" portdir="None">
        <location x="751" y="385" />
        <size width="30" height="30" />
      </port>
      <port id="id102.port1" name="t17" originalid="id17" type="transition" portdir="None">
        <location x="841" y="385" />
        <size width="30" height="30" />
      </port>
    </subpage>
    <subpage id="id103" original="page0" name="page0">
      <location x="796" y="528" />
      <size width="50" height="70" />
      <port id="id103.port0" name="t15" originalid="id15" type="transition" portdir="None">
        <location x="751" y="528" />
        <size width="30" height="30" />
      </port>
      <port id="id103.port1" name="t17" originalid="id17" type="transition" portdir="None">
        <location x="841" y="528" />
        <size width="30" height="30" />
      </port>
    </subpage>
    <arc id="id53" source="id0.port1" target="id32" delay="0" weight="1">
      <points>
        <point x="847" y="717" />
        <point x="861" y="717" />
      </points>
    </arc>
    <arc id="id56" source="id32" target="id55" delay="0" weight="1">
      <points>
        <point x="889" y="731" />
        <point x="889" y="759" />
      </points>
    </arc>
    <arc id="id57" source="id55" target="id54" delay="0" weight="1">
      <points>
        <point x="891" y="779" />
        <point x="891" y="805" />
      </points>
    </arc>
    <arc id="id58" source="id54" target="id1.port1" delay="0" weight="1">
      <points>
        <point x="870" y="827" />
        <point x="847" y="840" />
      </points>
    </arc>
    <arc id="id61" source="id59" target="id0.port0" delay="0" weight="1">
      <points>
        <point x="711" y="733" />
        <point x="727" y="727" />
      </points>
    </arc>
    <arc id="id17" source="id1.port0" target="id10" delay="0" weight="1">
      <points>
        <point x="727" y="840" />
        <point x="717" y="829" />
      </points>
    </arc>
    <arc id="id18" source="id10" target="id15" delay="0" weight="1">
      <points>
        <point x="697" y="808" />
        <point x="697" y="795" />
      </points>
    </arc>
    <arc id="id19" source="id15" target="id59" delay="0" weight="1">
      <points>
        <point x="689" y="775" />
        <point x="689" y="754" />
      </points>
    </arc>
    <arc id="id24" source="id32" target="id23" delay="0" weight="1">
      <points>
        <point x="866" y="725" />
        <point x="810" y="773" />
      </points>
    </arc>
    <arc id="id25" source="id23" target="id10" delay="0" weight="1">
      <points>
        <point x="760" y="793" />
        <point x="718" y="816" />
      </points>
    </arc>
    <arc id="id12" source="id9.port1" target="id2" delay="0" weight="1">
      <points>
        <point x="1160" y="719" />
        <point x="1174" y="719" />
      </points>
    </arc>
    <arc id="id13" source="id2" target="id6" delay="0" weight="1">
      <points>
        <point x="1202" y="733" />
        <point x="1202" y="761" />
      </points>
    </arc>
    <arc id="id14" source="id6" target="id3" delay="0" weight="1">
      <points>
        <point x="1204" y="781" />
        <point x="1204" y="807" />
      </points>
    </arc>
    <arc id="id16" source="id3" target="id11.port1" delay="0" weight="1">
      <points>
        <point x="1183" y="829" />
        <point x="1160" y="842" />
      </points>
    </arc>
    <arc id="id20" source="id4" target="id9.port0" delay="0" weight="1">
      <points>
        <point x="1024" y="735" />
        <point x="1040" y="729" />
      </points>
    </arc>
    <arc id="id21" source="id11.port0" target="id5" delay="0" weight="1">
      <points>
        <point x="1040" y="842" />
        <point x="1030" y="831" />
      </points>
    </arc>
    <arc id="id22" source="id5" target="id7" delay="0" weight="1">
      <points>
        <point x="1010" y="810" />
        <point x="1010" y="797" />
      </points>
    </arc>
    <arc id="id26" source="id7" target="id4" delay="0" weight="1">
      <points>
        <point x="1002" y="777" />
        <point x="1002" y="756" />
      </points>
    </arc>
    <arc id="id27" source="id2" target="id8" delay="0" weight="1">
      <points>
        <point x="1179" y="727" />
        <point x="1123" y="775" />
      </points>
    </arc>
    <arc id="id28" source="id8" target="id5" delay="0" weight="1">
      <points>
        <point x="1073" y="795" />
        <point x="1031" y="818" />
      </points>
    </arc>
    <arc id="id39" source="id37.port1" target="id29" delay="0" weight="1">
      <points>
        <point x="520" y="401" />
        <point x="534" y="401" />
      </points>
    </arc>
    <arc id="id40" source="id29" target="id34" delay="0" weight="1">
      <points>
        <point x="562" y="415" />
        <point x="562" y="443" />
      </points>
    </arc>
    <arc id="id41" source="id34" target="id30" delay="0" weight="1">
      <points>
        <point x="564" y="463" />
        <point x="564" y="489" />
      </points>
    </arc>
    <arc id="id42" source="id30" target="id38.port1" delay="0" weight="1">
      <points>
        <point x="543" y="511" />
        <point x="520" y="524" />
      </points>
    </arc>
    <arc id="id43" source="id31" target="id37.port0" delay="0" weight="1">
      <points>
        <point x="384" y="417" />
        <point x="400" y="411" />
      </points>
    </arc>
    <arc id="id44" source="id38.port0" target="id33" delay="0" weight="1">
      <points>
        <point x="400" y="524" />
        <point x="390" y="513" />
      </points>
    </arc>
    <arc id="id47" source="id29" target="id36" delay="0" weight="1">
      <points>
        <point x="539" y="409" />
        <point x="483" y="457" />
      </points>
    </arc>
    <arc id="id48" source="id36" target="id33" delay="0" weight="1">
      <points>
        <point x="433" y="477" />
        <point x="391" y="500" />
      </points>
    </arc>
    <arc id="id66" source="id64.port1" target="id49" delay="0" weight="1">
      <points>
        <point x="222" y="417" />
        <point x="236" y="417" />
      </points>
    </arc>
    <arc id="id67" source="id49" target="id60" delay="0" weight="1">
      <points>
        <point x="264" y="431" />
        <point x="264" y="459" />
      </points>
    </arc>
    <arc id="id68" source="id60" target="id50" delay="0" weight="1">
      <points>
        <point x="266" y="479" />
        <point x="266" y="505" />
      </points>
    </arc>
    <arc id="id69" source="id50" target="id65.port1" delay="0" weight="1">
      <points>
        <point x="245" y="527" />
        <point x="222" y="540" />
      </points>
    </arc>
    <arc id="id70" source="id51" target="id64.port0" delay="0" weight="1">
      <points>
        <point x="86" y="433" />
        <point x="102" y="427" />
      </points>
    </arc>
    <arc id="id71" source="id65.port0" target="id52" delay="0" weight="1">
      <points>
        <point x="102" y="540" />
        <point x="92" y="529" />
      </points>
    </arc>
    <arc id="id72" source="id52" target="id62" delay="0" weight="1">
      <points>
        <point x="72" y="508" />
        <point x="72" y="495" />
      </points>
    </arc>
    <arc id="id73" source="id62" target="id51" delay="0" weight="1">
      <points>
        <point x="64" y="475" />
        <point x="64" y="454" />
      </points>
    </arc>
    <arc id="id74" source="id49" target="id63" delay="0" weight="1">
      <points>
        <point x="241" y="425" />
        <point x="185" y="473" />
      </points>
    </arc>
    <arc id="id75" source="id63" target="id52" delay="0" weight="1">
      <points>
        <point x="135" y="493" />
        <point x="93" y="516" />
      </points>
    </arc>
    <arc id="id85" source="id83.port1" target="id76" delay="0" weight="1">
      <points>
        <point x="1511" y="704" />
        <point x="1525" y="704" />
      </points>
    </arc>
    <arc id="id86" source="id76" target="id80" delay="0" weight="1">
      <points>
        <point x="1553" y="718" />
        <point x="1553" y="746" />
      </points>
    </arc>
    <arc id="id87" source="id80" target="id77" delay="0" weight="1">
      <points>
        <point x="1555" y="766" />
        <point x="1555" y="792" />
      </points>
    </arc>
    <arc id="id88" source="id77" target="id84.port1" delay="0" weight="1">
      <points>
        <point x="1534" y="814" />
        <point x="1511" y="827" />
      </points>
    </arc>
    <arc id="id89" source="id78" target="id83.port0" delay="0" weight="1">
      <points>
        <point x="1375" y="720" />
        <point x="1391" y="714" />
      </points>
    </arc>
    <arc id="id90" source="id84.port0" target="id79" delay="0" weight="1">
      <points>
        <point x="1391" y="827" />
        <point x="1381" y="816" />
      </points>
    </arc>
    <arc id="id91" source="id79" target="id81" delay="0" weight="1">
      <points>
        <point x="1361" y="795" />
        <point x="1361" y="782" />
      </points>
    </arc>
    <arc id="id92" source="id81" target="id78" delay="0" weight="1">
      <points>
        <point x="1353" y="762" />
        <point x="1353" y="741" />
      </points>
    </arc>
    <arc id="id93" source="id76" target="id82" delay="0" weight="1">
      <points>
        <point x="1530" y="712" />
        <point x="1474" y="760" />
      </points>
    </arc>
    <arc id="id94" source="id82" target="id79" delay="0" weight="1">
      <points>
        <point x="1424" y="780" />
        <point x="1382" y="803" />
      </points>
    </arc>
    <arc id="id104" source="id102.port1" target="id95" delay="0" weight="1">
      <points>
        <point x="856" y="390" />
        <point x="870" y="390" />
      </points>
    </arc>
    <arc id="id105" source="id95" target="id99" delay="0" weight="1">
      <points>
        <point x="898" y="404" />
        <point x="898" y="432" />
      </points>
    </arc>
    <arc id="id106" source="id99" target="id96" delay="0" weight="1">
      <points>
        <point x="900" y="452" />
        <point x="900" y="478" />
      </points>
    </arc>
    <arc id="id107" source="id96" target="id103.port1" delay="0" weight="1">
      <points>
        <point x="879" y="500" />
        <point x="856" y="513" />
      </points>
    </arc>
    <arc id="id108" source="id97" target="id102.port0" delay="0" weight="1">
      <points>
        <point x="720" y="406" />
        <point x="736" y="400" />
      </points>
    </arc>
    <arc id="id109" source="id103.port0" target="id98" delay="0" weight="1">
      <points>
        <point x="736" y="513" />
        <point x="726" y="502" />
      </points>
    </arc>
    <arc id="id110" source="id98" target="id100" delay="0" weight="1">
      <points>
        <point x="706" y="481" />
        <point x="706" y="468" />
      </points>
    </arc>
    <arc id="id111" source="id100" target="id97" delay="0" weight="1">
      <points>
        <point x="698" y="448" />
        <point x="698" y="427" />
      </points>
    </arc>
    <arc id="id112" source="id95" target="id101" delay="0" weight="1">
      <points>
        <point x="875" y="398" />
        <point x="819" y="446" />
      </points>
    </arc>
    <arc id="id113" source="id101" target="id98" delay="0" weight="1">
      <points>
        <point x="769" y="466" />
        <point x="727" y="489" />
      </points>
    </arc>
    <arc id="id46" source="id35" target="id31" delay="0" weight="1">
      <points>
        <point x="362" y="459" />
        <point x="362" y="438" />
      </points>
    </arc>
    <arc id="id45" source="id33" target="id35" delay="0" weight="1">
      <points>
        <point x="370" y="492" />
        <point x="370" y="479" />
      </points>
    </arc>
    <arc id="id114" source="id33" target="id60" delay="0" weight="1">
      <points>
        <point x="346" y="501" />
        <point x="294" y="479" />
      </points>
    </arc>
    <arc id="id115" source="id60" target="id31" delay="0" weight="1">
      <points>
        <point x="294" y="459" />
        <point x="340" y="430" />
      </points>
    </arc>
    <arc id="id116" source="id98" target="id34" delay="0" weight="1">
      <points>
        <point x="682" y="491" />
        <point x="592" y="463" />
      </points>
    </arc>
    <arc id="id117" source="id34" target="id97" delay="0" weight="1">
      <points>
        <point x="592" y="443" />
        <point x="675" y="416" />
      </points>
    </arc>
    <arc id="id118" source="id79" target="id6" delay="0" weight="1">
      <points>
        <point x="1336" y="806" />
        <point x="1232" y="781" />
      </points>
    </arc>
    <arc id="id119" source="id6" target="id78" delay="0" weight="1">
      <points>
        <point x="1232" y="761" />
        <point x="1329" y="730" />
      </points>
    </arc>
    <arc id="id120" source="id5" target="id55" delay="0" weight="1">
      <points>
        <point x="987" y="818" />
        <point x="919" y="779" />
      </points>
    </arc>
    <arc id="id121" source="id55" target="id4" delay="0" weight="1">
      <points>
        <point x="919" y="759" />
        <point x="978" y="744" />
      </points>
    </arc>
    <arc id="id122" source="id10" target="id99" delay="0" weight="1">
      <points>
        <point x="707" y="809" />
        <point x="878" y="452" />
      </points>
    </arc>
    <arc id="id123" source="id99" target="id59" delay="0" weight="1">
      <points>
        <point x="878" y="452" />
        <point x="702" y="727" />
      </points>
    </arc>
  </page>
  <page id="page2" name="page2">
    <place id="id2" name="p2" initialmarking="1" portdir="None">
      <location x="205" y="215" />
      <size width="50" height="30" />
    </place>
    <place id="id3" name="p3" initialmarking="0" portdir="None">
      <location x="421" y="230" />
      <size width="50" height="30" />
    </place>
    <place id="id5" name="p5" initialmarking="0" portdir="None">
      <location x="299" y="45" />
      <size width="50" height="30" />
    </place>
    <place id="id6" name="p6" initialmarking="0" portdir="None">
      <location x="311" y="406" />
      <size width="50" height="30" />
    </place>
    <subpage id="id0" original="page1" name="page1">
      <location x="284" y="153" />
      <size width="50" height="70" />
      <port id="id0.port0" name="t15" originalid="id62" type="transition" portdir="None">
        <location x="239" y="153" />
        <size width="30" height="30" />
      </port>
      <port id="id0.port1" name="t55" originalid="id80" type="transition" portdir="None">
        <location x="329" y="153" />
        <size width="30" height="30" />
      </port>
    </subpage>
    <subpage id="id1" original="page1" name="page1">
      <location x="293" y="307" />
      <size width="50" height="70" />
      <port id="id1.port0" name="t15" originalid="id62" type="transition" portdir="None">
        <location x="248" y="307" />
        <size width="30" height="30" />
      </port>
      <port id="id1.port1" name="t55" originalid="id80" type="transition" portdir="None">
        <location x="338" y="307" />
        <size width="30" height="30" />
      </port>
    </subpage>
    <arc id="id4" source="id2" target="id0.port0" delay="0" weight="1">
      <points>
        <point x="217" y="202" />
        <point x="224" y="168" />
      </points>
    </arc>
    <arc id="id7" source="id0.port0" target="id5" delay="0" weight="1">
      <points>
        <point x="254" y="138" />
        <point x="289" y="58" />
      </points>
    </arc>
    <arc id="id8" source="id5" target="id0.port1" delay="0" weight="1">
      <points>
        <point x="305" y="59" />
        <point x="314" y="138" />
      </points>
    </arc>
    <arc id="id9" source="id0.port1" target="id3" delay="0" weight="1">
      <points>
        <point x="344" y="168" />
        <point x="402" y="221" />
      </points>
    </arc>
    <arc id="id10" source="id3" target="id1.port1" delay="0" weight="1">
      <points>
        <point x="403" y="240" />
        <point x="353" y="292" />
      </points>
    </arc>
    <arc id="id11" source="id1.port1" target="id6" delay="0" weight="1">
      <points>
        <point x="323" y="322" />
        <point x="314" y="392" />
      </points>
    </arc>
    <arc id="id12" source="id6" target="id1.port0" delay="0" weight="1">
      <points>
        <point x="298" y="394" />
        <point x="263" y="322" />
      </points>
    </arc>
    <arc id="id13" source="id1.port0" target="id2" delay="0" weight="1">
      <points>
        <point x="233" y="292" />
        <point x="213" y="229" />
      </points>
    </arc>
  </page>
  <page id="page3" name="page3" />
</petrinet>