﻿<?xml version="1.0" encoding="utf-8"?>
<petrinet name="main">
  <page id="main.page0" name="main.page0">
    <place id="id0" name="瞑想" initialmarking="1" portdir="None">
      <location x="437" y="288" />
      <size width="60" height="30" />
    </place>
    <place id="id12" name="食事" initialmarking="0" portdir="None">
      <location x="435" y="33" />
      <size width="60" height="30" />
    </place>
    <place id="id13" name="p" initialmarking="1" portdir="None">
      <location x="339" y="342" />
      <size width="60" height="30" />
    </place>
    <place id="id17" name="p" initialmarking="1" portdir="None">
      <location x="353" y="277" />
      <size width="60" height="30" />
    </place>
    <place id="id18" name="p" initialmarking="0" portdir="None">
      <location x="49" y="357" />
      <size width="60" height="30" />
    </place>
    <place id="id28" name="p" initialmarking="1" portdir="None">
      <location x="428" y="419" />
      <size width="60" height="30" />
    </place>
    <place id="id30" name="p" initialmarking="1" portdir="None">
      <location x="337" y="420" />
      <size width="60" height="30" />
    </place>
    <place id="id32" name="p" initialmarking="0" portdir="None">
      <location x="425" y="643" />
      <size width="60" height="30" />
    </place>
    <place id="id42" name="p" initialmarking="1" portdir="None">
      <location x="531" y="355" />
      <size width="60" height="30" />
    </place>
    <place id="id44" name="p" initialmarking="1" portdir="None">
      <location x="531" y="292" />
      <size width="60" height="30" />
    </place>
    <place id="id46" name="p" initialmarking="0" portdir="None">
      <location x="808" y="363" />
      <size width="60" height="30" />
    </place>
    <place id="id59" name="p" initialmarking="1" portdir="None">
      <location x="529" y="421" />
      <size width="60" height="30" />
    </place>
    <place id="id4" name="p" initialmarking="0" portdir="None">
      <location x="137" y="449" />
      <size width="60" height="30" />
    </place>
    <place id="id36" name="p" initialmarking="0" portdir="None">
      <location x="554" y="558" />
      <size width="60" height="30" />
    </place>
    <place id="id23" name="p" initialmarking="0" portdir="None">
      <location x="136" y="406" />
      <size width="60" height="30" />
    </place>
    <place id="id70" name="p" initialmarking="0" portdir="None">
      <location x="278" y="114" />
      <size width="60" height="30" />
    </place>
    <place id="id82" name="p" initialmarking="0" portdir="None">
      <location x="344" y="116" />
      <size width="60" height="30" />
    </place>
    <place id="id22" name="p" initialmarking="0" portdir="None">
      <location x="618" y="556" />
      <size width="60" height="30" />
    </place>
    <place id="id93" name="p" initialmarking="0" portdir="None">
      <location x="744" y="272" />
      <size width="60" height="30" />
    </place>
    <place id="id95" name="p" initialmarking="0" portdir="None">
      <location x="745" y="235" />
      <size width="60" height="30" />
    </place>
    <transition id="id14" name="t" portdir="None">
      <location x="353" y="27" />
      <size width="50" height="20" />
    </transition>
    <transition id="id5" name="t" portdir="None">
      <location x="512" y="31" />
      <size width="50" height="20" />
    </transition>
    <transition id="id15" name="t" portdir="None">
      <location x="53" y="311" />
      <size width="50" height="20" />
    </transition>
    <transition id="id19" name="t" portdir="None">
      <location x="50" y="402" />
      <size width="50" height="20" />
    </transition>
    <transition id="id29" name="t" portdir="None">
      <location x="336" y="647" />
      <size width="50" height="20" />
    </transition>
    <transition id="id33" name="t" portdir="None">
      <location x="521" y="643" />
      <size width="50" height="20" />
    </transition>
    <transition id="id43" name="t" portdir="None">
      <location x="805" y="420" />
      <size width="50" height="20" />
    </transition>
    <transition id="id47" name="t" portdir="None">
      <location x="805" y="302" />
      <size width="50" height="20" />
    </transition>
    <transition id="id3" name="t" portdir="None">
      <location x="236" y="454" />
      <size width="50" height="20" />
    </transition>
    <transition id="id10" name="t" portdir="None">
      <location x="552" y="506" />
      <size width="50" height="20" />
    </transition>
    <transition id="id73" name="t" portdir="None">
      <location x="232" y="415" />
      <size width="50" height="20" />
    </transition>
    <transition id="id77" name="t" portdir="None">
      <location x="275" y="163" />
      <size width="50" height="20" />
    </transition>
    <transition id="id81" name="t" portdir="None">
      <location x="342" y="161" />
      <size width="50" height="20" />
    </transition>
    <transition id="id86" name="t" portdir="None">
      <location x="616" y="505" />
      <size width="50" height="20" />
    </transition>
    <transition id="id48" name="t" portdir="None">
      <location x="666" y="273" />
      <size width="50" height="20" />
    </transition>
    <transition id="id96" name="t" portdir="None">
      <location x="665" y="238" />
      <size width="50" height="20" />
    </transition>
    <arc id="id1" source="id0" target="id14" delay="0" weight="1">
      <points>
        <point x="428" y="274" />
        <point x="378" y="37" />
      </points>
    </arc>
    <arc id="id2" source="id14" target="id12" delay="0" weight="1">
      <points>
        <point x="378" y="33" />
        <point x="405" y="33" />
      </points>
    </arc>
    <arc id="id8" source="id12" target="id5" delay="0" weight="1">
      <points>
        <point x="464" y="33" />
        <point x="487" y="33" />
      </points>
    </arc>
    <arc id="id11" source="id5" target="id0" delay="0" weight="1">
      <points>
        <point x="487" y="41" />
        <point x="442" y="274" />
      </points>
    </arc>
    <arc id="id20" source="id15" target="id17" delay="0" weight="1">
      <points>
        <point x="78" y="301" />
        <point x="324" y="278" />
      </points>
    </arc>
    <arc id="id21" source="id18" target="id15" delay="0" weight="1">
      <points>
        <point x="51" y="343" />
        <point x="51" y="321" />
      </points>
    </arc>
    <arc id="id24" source="id19" target="id18" delay="0" weight="1">
      <points>
        <point x="49" y="392" />
        <point x="49" y="372" />
      </points>
    </arc>
    <arc id="id25" source="id13" target="id19" delay="0" weight="1">
      <points>
        <point x="310" y="345" />
        <point x="75" y="392" />
      </points>
    </arc>
    <arc id="id26" source="id15" target="id13" delay="0" weight="1">
      <points>
        <point x="78" y="321" />
        <point x="310" y="341" />
      </points>
    </arc>
    <arc id="id35" source="id32" target="id29" delay="0" weight="1">
      <points>
        <point x="396" y="643" />
        <point x="361" y="643" />
      </points>
    </arc>
    <arc id="id38" source="id33" target="id32" delay="0" weight="1">
      <points>
        <point x="496" y="643" />
        <point x="455" y="643" />
      </points>
    </arc>
    <arc id="id39" source="id28" target="id33" delay="0" weight="1">
      <points>
        <point x="439" y="432" />
        <point x="496" y="633" />
      </points>
    </arc>
    <arc id="id40" source="id29" target="id28" delay="0" weight="1">
      <points>
        <point x="361" y="637" />
        <point x="420" y="433" />
      </points>
    </arc>
    <arc id="id41" source="id29" target="id30" delay="0" weight="1">
      <points>
        <point x="337" y="637" />
        <point x="337" y="435" />
      </points>
    </arc>
    <arc id="id49" source="id46" target="id43" delay="0" weight="1">
      <points>
        <point x="807" y="377" />
        <point x="807" y="410" />
      </points>
    </arc>
    <arc id="id52" source="id47" target="id46" delay="0" weight="1">
      <points>
        <point x="808" y="312" />
        <point x="808" y="348" />
      </points>
    </arc>
    <arc id="id53" source="id42" target="id47" delay="0" weight="1">
      <points>
        <point x="560" y="353" />
        <point x="780" y="312" />
      </points>
    </arc>
    <arc id="id54" source="id43" target="id42" delay="0" weight="1">
      <points>
        <point x="780" y="410" />
        <point x="560" y="358" />
      </points>
    </arc>
    <arc id="id55" source="id43" target="id44" delay="0" weight="1">
      <points>
        <point x="780" y="410" />
        <point x="558" y="298" />
      </points>
    </arc>
    <arc id="id45" source="id43" target="id59" delay="0" weight="1">
      <points>
        <point x="780" y="421" />
        <point x="559" y="421" />
      </points>
    </arc>
    <arc id="id51" source="id15" target="id30" delay="0" weight="1">
      <points>
        <point x="78" y="321" />
        <point x="309" y="415" />
      </points>
    </arc>
    <arc id="id16" source="id5" target="id44" delay="0" weight="1">
      <points>
        <point x="531" y="41" />
        <point x="531" y="277" />
      </points>
    </arc>
    <arc id="id27" source="id5" target="id17" delay="0" weight="1">
      <points>
        <point x="487" y="41" />
        <point x="367" y="264" />
      </points>
    </arc>
    <arc id="id6" source="id4" target="id19" delay="0" weight="1">
      <points>
        <point x="111" y="442" />
        <point x="75" y="412" />
      </points>
    </arc>
    <arc id="id7" source="id30" target="id3" delay="0" weight="1">
      <points>
        <point x="309" y="424" />
        <point x="261" y="444" />
      </points>
    </arc>
    <arc id="id9" source="id3" target="id4" delay="0" weight="1">
      <points>
        <point x="211" y="449" />
        <point x="167" y="449" />
      </points>
    </arc>
    <arc id="id69" source="id30" target="id10" delay="0" weight="1">
      <points>
        <point x="364" y="425" />
        <point x="527" y="496" />
      </points>
    </arc>
    <arc id="id71" source="id10" target="id36" delay="0" weight="1">
      <points>
        <point x="554" y="516" />
        <point x="554" y="543" />
      </points>
    </arc>
    <arc id="id72" source="id36" target="id33" delay="0" weight="1">
      <points>
        <point x="544" y="571" />
        <point x="544" y="633" />
      </points>
    </arc>
    <arc id="id74" source="id17" target="id73" delay="0" weight="1">
      <points>
        <point x="334" y="288" />
        <point x="257" y="405" />
      </points>
    </arc>
    <arc id="id75" source="id73" target="id23" delay="0" weight="1">
      <points>
        <point x="207" y="406" />
        <point x="166" y="406" />
      </points>
    </arc>
    <arc id="id76" source="id23" target="id19" delay="0" weight="1">
      <points>
        <point x="107" y="406" />
        <point x="75" y="406" />
      </points>
    </arc>
    <arc id="id78" source="id17" target="id77" delay="0" weight="1">
      <points>
        <point x="337" y="265" />
        <point x="300" y="173" />
      </points>
    </arc>
    <arc id="id79" source="id77" target="id70" delay="0" weight="1">
      <points>
        <point x="278" y="153" />
        <point x="278" y="129" />
      </points>
    </arc>
    <arc id="id80" source="id70" target="id14" delay="0" weight="1">
      <points>
        <point x="297" y="103" />
        <point x="328" y="37" />
      </points>
    </arc>
    <arc id="id83" source="id44" target="id81" delay="0" weight="1">
      <points>
        <point x="507" y="284" />
        <point x="367" y="171" />
      </points>
    </arc>
    <arc id="id84" source="id81" target="id82" delay="0" weight="1">
      <points>
        <point x="344" y="151" />
        <point x="344" y="131" />
      </points>
    </arc>
    <arc id="id85" source="id82" target="id14" delay="0" weight="1">
      <points>
        <point x="347" y="102" />
        <point x="347" y="37" />
      </points>
    </arc>
    <arc id="id88" source="id86" target="id22" delay="0" weight="1">
      <points>
        <point x="618" y="515" />
        <point x="618" y="541" />
      </points>
    </arc>
    <arc id="id89" source="id22" target="id33" delay="0" weight="1">
      <points>
        <point x="596" y="566" />
        <point x="546" y="633" />
      </points>
    </arc>
    <arc id="id97" source="id44" target="id96" delay="0" weight="1">
      <points>
        <point x="558" y="287" />
        <point x="640" y="248" />
      </points>
    </arc>
    <arc id="id98" source="id96" target="id95" delay="0" weight="1">
      <points>
        <point x="690" y="235" />
        <point x="715" y="235" />
      </points>
    </arc>
    <arc id="id99" source="id95" target="id47" delay="0" weight="1">
      <points>
        <point x="765" y="246" />
        <point x="780" y="292" />
      </points>
    </arc>
    <arc id="id100" source="id59" target="id48" delay="0" weight="1">
      <points>
        <point x="549" y="410" />
        <point x="641" y="283" />
      </points>
    </arc>
    <arc id="id101" source="id48" target="id93" delay="0" weight="1">
      <points>
        <point x="691" y="272" />
        <point x="714" y="272" />
      </points>
    </arc>
    <arc id="id102" source="id93" target="id47" delay="0" weight="1">
      <points>
        <point x="770" y="278" />
        <point x="780" y="292" />
      </points>
    </arc>
    <arc id="id31" source="id29" target="id59" delay="0" weight="1">
      <points>
        <point x="361" y="637" />
        <point x="511" y="432" />
      </points>
    </arc>
    <arc id="id34" source="id59" target="id86" delay="0" weight="1">
      <points>
        <point x="550" y="431" />
        <point x="591" y="495" />
      </points>
    </arc>
  </page>
  <page id="main.page1" name="main.哲学者の行動">
    <place id="id0" name="瞑想" initialmarking="1" portdir="None">
      <location x="39" y="87" />
      <size width="60" height="40" />
    </place>
    <place id="id1" name="食事" initialmarking="0" portdir="None">
      <location x="433" y="85" />
      <size width="60" height="40" />
    </place>
    <place id="id4" name="右待ち" initialmarking="0" portdir="None">
      <location x="257" y="136" />
      <size width="60" height="30" />
    </place>
    <place id="id5" name="左待ち" initialmarking="0" portdir="None">
      <location x="254" y="43" />
      <size width="60" height="30" />
    </place>
    <transition id="id6" name="食事開始" portdir="None">
      <location x="318" y="83" />
      <size width="60" height="30" />
    </transition>
    <transition id="id7" name="食事終了" portdir="Out">
      <location x="554" y="84" />
      <size width="60" height="30" />
    </transition>
    <transition id="id8" name="左手で食器を持つ" portdir="In">
      <location x="152" y="139" />
      <size width="70" height="30" />
    </transition>
    <transition id="id9" name="右手で食器を持つ" portdir="In">
      <location x="150" y="37" />
      <size width="70" height="30" />
    </transition>
    <arc id="id10" source="id0" target="id6" delay="0" weight="1">
      <points>
        <point x="0" y="0" />
        <point x="0" y="0" />
      </points>
    </arc>
    <arc id="id11" source="id6" target="id1" delay="0" weight="1">
      <points>
        <point x="0" y="0" />
        <point x="0" y="0" />
      </points>
    </arc>
    <arc id="id12" source="id1" target="id7" delay="0" weight="1">
      <points>
        <point x="0" y="0" />
        <point x="0" y="0" />
      </points>
    </arc>
    <arc id="id17" source="id8" target="id4" delay="0" weight="1">
      <points>
        <point x="0" y="0" />
        <point x="0" y="0" />
      </points>
    </arc>
    <arc id="id18" source="id4" target="id6" delay="0" weight="1">
      <points>
        <point x="0" y="0" />
        <point x="0" y="0" />
      </points>
    </arc>
    <arc id="id20" source="id9" target="id5" delay="0" weight="1">
      <points>
        <point x="0" y="0" />
        <point x="0" y="0" />
      </points>
    </arc>
    <arc id="id21" source="id5" target="id6" delay="0" weight="1">
      <points>
        <point x="0" y="0" />
        <point x="0" y="0" />
      </points>
    </arc>
    <arc id="id2" source="id7" target="id0" delay="0" weight="1">
      <points>
        <point x="0" y="0" />
        <point x="0" y="0" />
      </points>
    </arc>
  </page>
  <page id="main.page2" name="main.page2">
    <place id="id4" name="p" initialmarking="1" portdir="None">
      <location x="320" y="298" />
      <size width="60" height="30" />
    </place>
    <place id="id5" name="p" initialmarking="1" portdir="None">
      <location x="318" y="184" />
      <size width="60" height="30" />
    </place>
    <place id="id6" name="p" initialmarking="1" portdir="None">
      <location x="202" y="179" />
      <size width="60" height="30" />
    </place>
    <place id="id7" name="p" initialmarking="1" portdir="None">
      <location x="202" y="295" />
      <size width="60" height="30" />
    </place>
    <subpage id="id0" original="main.page1" name="哲学者1の行動">
      <location x="262" y="54" />
      <size width="50" height="70" />
      <port id="id0.port0" name="食事終了" originalid="id7" type="transition" portdir="None">
        <location x="262" y="126" />
        <size width="30" height="30" />
      </port>
      <port id="id0.port1" name="左手で食器を持つ" originalid="id8" type="transition" portdir="None">
        <location x="321" y="128" />
        <size width="70" height="30" />
      </port>
      <port id="id0.port2" name="右手で食器を持つ" originalid="id9" type="transition" portdir="None">
        <location x="203" y="125" />
        <size width="70" height="30" />
      </port>
    </subpage>
    <subpage id="id1" original="main.page1" name="哲学者4の行動">
      <location x="507" y="238" />
      <size width="50" height="70" />
      <port id="id1.port0" name="食事終了" originalid="id7" type="transition" portdir="None">
        <location x="402" y="242" />
        <size width="30" height="30" />
      </port>
      <port id="id1.port1" name="左手で食器を持つ" originalid="id8" type="transition" portdir="None">
        <location x="423" y="285" />
        <size width="70" height="30" />
      </port>
      <port id="id1.port2" name="右手で食器を持つ" originalid="id9" type="transition" portdir="None">
        <location x="421" y="200" />
        <size width="70" height="30" />
      </port>
    </subpage>
    <subpage id="id2" original="main.page1" name="哲学者2の行動">
      <location x="44" y="237" />
      <size width="50" height="70" />
      <port id="id2.port0" name="食事終了" originalid="id7" type="transition" portdir="None">
        <location x="105" y="240" />
        <size width="30" height="30" />
      </port>
      <port id="id2.port1" name="左手で食器を持つ" originalid="id8" type="transition" portdir="None">
        <location x="108" y="179" />
        <size width="70" height="30" />
      </port>
      <port id="id2.port2" name="右手で食器を持つ" originalid="id9" type="transition" portdir="None">
        <location x="108" y="298" />
        <size width="70" height="30" />
      </port>
    </subpage>
    <subpage id="id3" original="main.page1" name="哲学者3の行動">
      <location x="265" y="442" />
      <size width="50" height="70" />
      <port id="id3.port0" name="食事終了" originalid="id7" type="transition" portdir="None">
        <location x="264" y="363" />
        <size width="30" height="30" />
      </port>
      <port id="id3.port1" name="左手で食器を持つ" originalid="id8" type="transition" portdir="None">
        <location x="206" y="363" />
        <size width="70" height="30" />
      </port>
      <port id="id3.port2" name="右手で食器を持つ" originalid="id9" type="transition" portdir="None">
        <location x="325" y="362" />
        <size width="70" height="30" />
      </port>
    </subpage>
    <arc id="id12" source="id2.port0" target="id6" delay="0" weight="1">
      <points>
        <point x="0" y="0" />
        <point x="0" y="0" />
      </points>
    </arc>
    <arc id="id13" source="id2.port0" target="id7" delay="0" weight="1">
      <points>
        <point x="0" y="0" />
        <point x="0" y="0" />
      </points>
    </arc>
    <arc id="id14" source="id3.port0" target="id7" delay="0" weight="1">
      <points>
        <point x="0" y="0" />
        <point x="0" y="0" />
      </points>
    </arc>
    <arc id="id15" source="id3.port0" target="id4" delay="0" weight="1">
      <points>
        <point x="0" y="0" />
        <point x="0" y="0" />
      </points>
    </arc>
    <arc id="id20" source="id6" target="id2.port1" delay="0" weight="1">
      <points>
        <point x="0" y="0" />
        <point x="0" y="0" />
      </points>
    </arc>
    <arc id="id21" source="id7" target="id2.port2" delay="0" weight="1">
      <points>
        <point x="0" y="0" />
        <point x="0" y="0" />
      </points>
    </arc>
    <arc id="id22" source="id7" target="id3.port1" delay="0" weight="1">
      <points>
        <point x="0" y="0" />
        <point x="0" y="0" />
      </points>
    </arc>
    <arc id="id23" source="id4" target="id3.port2" delay="0" weight="1">
      <points>
        <point x="0" y="0" />
        <point x="0" y="0" />
      </points>
    </arc>
    <arc id="id8" source="id5" target="id0.port1" delay="0" weight="1">
      <points>
        <point x="0" y="0" />
        <point x="0" y="0" />
      </points>
    </arc>
    <arc id="id9" source="id6" target="id0.port2" delay="0" weight="1">
      <points>
        <point x="0" y="0" />
        <point x="0" y="0" />
      </points>
    </arc>
    <arc id="id10" source="id4" target="id1.port1" delay="0" weight="1">
      <points>
        <point x="0" y="0" />
        <point x="0" y="0" />
      </points>
    </arc>
    <arc id="id16" source="id1.port0" target="id5" delay="0" weight="1">
      <points>
        <point x="0" y="0" />
        <point x="0" y="0" />
      </points>
    </arc>
    <arc id="id17" source="id1.port0" target="id4" delay="0" weight="1">
      <points>
        <point x="0" y="0" />
        <point x="0" y="0" />
      </points>
    </arc>
    <arc id="id18" source="id0.port0" target="id6" delay="0" weight="1">
      <points>
        <point x="0" y="0" />
        <point x="0" y="0" />
      </points>
    </arc>
    <arc id="id19" source="id0.port0" target="id5" delay="0" weight="1">
      <points>
        <point x="0" y="0" />
        <point x="0" y="0" />
      </points>
    </arc>
    <arc id="id11" source="id5" target="id1.port2" delay="0" weight="1">
      <points>
        <point x="0" y="0" />
        <point x="0" y="0" />
      </points>
    </arc>
  </page>
  <page id="main.page3" name="main.page3">
    <place id="id0" name="p0" initialmarking="1" portdir="None">
      <location x="476" y="634" />
      <size width="60" height="30" />
    </place>
    <place id="id1" name="p1" initialmarking="0" portdir="None">
      <location x="470" y="518" />
      <size width="60" height="30" />
    </place>
    <place id="id2" name="p2" initialmarking="0" portdir="None">
      <location x="279" y="522" />
      <size width="60" height="30" />
    </place>
    <place id="id3" name="p3" initialmarking="0" portdir="None">
      <location x="578" y="693" />
      <size width="60" height="30" />
    </place>
    <place id="id4" name="p4" initialmarking="1" portdir="None">
      <location x="373" y="677" />
      <size width="60" height="30" />
    </place>
    <place id="id7" name="p7" initialmarking="0" portdir="None">
      <location x="466" y="392" />
      <size width="60" height="30" />
    </place>
    <transition id="id10" name="t0" portdir="None">
      <location x="569" y="576" />
      <size width="50" height="20" />
    </transition>
    <transition id="id11" name="t1" portdir="None">
      <location x="370" y="456" />
      <size width="50" height="20" />
    </transition>
    <transition id="id12" name="t2" portdir="None">
      <location x="575" y="461" />
      <size width="50" height="20" />
    </transition>
    <transition id="id13" name="t3" portdir="None">
      <location x="489" y="750" />
      <size width="50" height="20" />
    </transition>
    <transition id="id17" name="t7" portdir="None">
      <location x="374" y="585" />
      <size width="50" height="20" />
    </transition>
    <arc id="id19" source="id0" target="id10" delay="0" weight="1">
      <points>
        <point x="0" y="0" />
        <point x="0" y="0" />
      </points>
    </arc>
    <arc id="id20" source="id10" target="id1" delay="0" weight="1">
      <points>
        <point x="0" y="0" />
        <point x="0" y="0" />
      </points>
    </arc>
    <arc id="id22" source="id12" target="id7" delay="0" weight="1">
      <points>
        <point x="0" y="0" />
        <point x="0" y="0" />
      </points>
    </arc>
    <arc id="id23" source="id7" target="id11" delay="0" weight="1">
      <points>
        <point x="0" y="0" />
        <point x="0" y="0" />
      </points>
    </arc>
    <arc id="id24" source="id11" target="id2" delay="0" weight="1">
      <points>
        <point x="0" y="0" />
        <point x="0" y="0" />
      </points>
    </arc>
    <arc id="id25" source="id2" target="id17" delay="0" weight="1">
      <points>
        <point x="0" y="0" />
        <point x="0" y="0" />
      </points>
    </arc>
    <arc id="id26" source="id17" target="id4" delay="0" weight="1">
      <points>
        <point x="0" y="0" />
        <point x="0" y="0" />
      </points>
    </arc>
    <arc id="id37" source="id4" target="id13" delay="0" weight="1">
      <points>
        <point x="0" y="0" />
        <point x="0" y="0" />
      </points>
    </arc>
    <arc id="id38" source="id13" target="id3" delay="0" weight="1">
      <points>
        <point x="0" y="0" />
        <point x="0" y="0" />
      </points>
    </arc>
    <arc id="id40" source="id11" target="id1" delay="0" weight="1">
      <points>
        <point x="0" y="0" />
        <point x="0" y="0" />
      </points>
    </arc>
    <arc id="id41" source="id1" target="id17" delay="0" weight="1">
      <points>
        <point x="0" y="0" />
        <point x="0" y="0" />
      </points>
    </arc>
    <arc id="id42" source="id17" target="id0" delay="0" weight="1">
      <points>
        <point x="0" y="0" />
        <point x="0" y="0" />
      </points>
    </arc>
    <arc id="id39" source="id3" target="id12" delay="0" weight="1">
      <points>
        <point x="0" y="0" />
        <point x="0" y="0" />
      </points>
    </arc>
  </page>
  <page id="main.page4" name="main.page4">
    <place id="id0" name="p0" initialmarking="0" portdir="None">
      <location x="35" y="290" />
      <size width="60" height="30" />
    </place>
    <place id="id1" name="p1" initialmarking="0" portdir="None">
      <location x="107" y="336" />
      <size width="60" height="30" />
    </place>
    <place id="id7" name="p2" initialmarking="0" portdir="None">
      <location x="180" y="291" />
      <size width="60" height="30" />
    </place>
    <place id="id10" name="p3" initialmarking="1" portdir="None">
      <location x="117" y="634" />
      <size width="60" height="30" />
    </place>
    <place id="id20" name="p5" initialmarking="0" portdir="None">
      <location x="299" y="568" />
      <size width="60" height="30" />
    </place>
    <place id="id25" name="p6" initialmarking="0" portdir="None">
      <location x="113" y="162" />
      <size width="60" height="30" />
    </place>
    <place id="id31" name="p7" initialmarking="0" portdir="None">
      <location x="299" y="228" />
      <size width="60" height="30" />
    </place>
    <place id="id4" name="p9" initialmarking="0" portdir="None">
      <location x="72" y="480" />
      <size width="60" height="30" />
    </place>
    <place id="id5" name="p8" initialmarking="0" portdir="None">
      <location x="146" y="479" />
      <size width="60" height="30" />
    </place>
    <transition id="id2" name="t0" portdir="None">
      <location x="192" y="566" />
      <size width="50" height="20" />
    </transition>
    <transition id="id3" name="t1" portdir="None">
      <location x="35" y="566" />
      <size width="50" height="20" />
    </transition>
    <transition id="id11" name="t3" portdir="None">
      <location x="301" y="340" />
      <size width="50" height="20" />
    </transition>
    <transition id="id15" name="t4" portdir="None">
      <location x="229" y="637" />
      <size width="50" height="20" />
    </transition>
    <transition id="id19" name="t5" portdir="None">
      <location x="41" y="229" />
      <size width="50" height="20" />
    </transition>
    <transition id="id28" name="t6" portdir="None">
      <location x="242" y="163" />
      <size width="50" height="20" />
    </transition>
    <transition id="id22" name="t7" portdir="None">
      <location x="183" y="228" />
      <size width="50" height="20" />
    </transition>
    <transition id="id16" name="t9" portdir="None">
      <location x="72" y="399" />
      <size width="50" height="20" />
    </transition>
    <transition id="id17" name="t8" portdir="None">
      <location x="139" y="397" />
      <size width="50" height="20" />
    </transition>
    <arc id="id6" source="id0" target="id3" delay="0" weight="1">
      <points>
        <point x="0" y="0" />
        <point x="0" y="0" />
      </points>
    </arc>
    <arc id="id8" source="id7" target="id2" delay="0" weight="1">
      <points>
        <point x="0" y="0" />
        <point x="0" y="0" />
      </points>
    </arc>
    <arc id="id13" source="id2" target="id10" delay="0" weight="1">
      <points>
        <point x="0" y="0" />
        <point x="0" y="0" />
      </points>
    </arc>
    <arc id="id14" source="id3" target="id10" delay="0" weight="1">
      <points>
        <point x="0" y="0" />
        <point x="0" y="0" />
      </points>
    </arc>
    <arc id="id21" source="id19" target="id0" delay="0" weight="1">
      <points>
        <point x="0" y="0" />
        <point x="0" y="0" />
      </points>
    </arc>
    <arc id="id23" source="id20" target="id11" delay="0" weight="1">
      <points>
        <point x="0" y="0" />
        <point x="0" y="0" />
      </points>
    </arc>
    <arc id="id24" source="id11" target="id1" delay="0" weight="1">
      <points>
        <point x="0" y="0" />
        <point x="0" y="0" />
      </points>
    </arc>
    <arc id="id26" source="id25" target="id19" delay="0" weight="1">
      <points>
        <point x="0" y="0" />
        <point x="0" y="0" />
      </points>
    </arc>
    <arc id="id27" source="id15" target="id20" delay="0" weight="1">
      <points>
        <point x="0" y="0" />
        <point x="0" y="0" />
      </points>
    </arc>
    <arc id="id30" source="id28" target="id25" delay="0" weight="1">
      <points>
        <point x="0" y="0" />
        <point x="0" y="0" />
      </points>
    </arc>
    <arc id="id32" source="id31" target="id28" delay="0" weight="1">
      <points>
        <point x="0" y="0" />
        <point x="0" y="0" />
      </points>
    </arc>
    <arc id="id33" source="id22" target="id7" delay="0" weight="1">
      <points>
        <point x="0" y="0" />
        <point x="0" y="0" />
      </points>
    </arc>
    <arc id="id34" source="id25" target="id22" delay="0" weight="1">
      <points>
        <point x="0" y="0" />
        <point x="0" y="0" />
      </points>
    </arc>
    <arc id="id9" source="id10" target="id15" delay="0" weight="1">
      <points>
        <point x="0" y="0" />
        <point x="0" y="0" />
      </points>
    </arc>
    <arc id="id12" source="id11" target="id31" delay="0" weight="1">
      <points>
        <point x="0" y="0" />
        <point x="0" y="0" />
      </points>
    </arc>
    <arc id="id18" source="id1" target="id17" delay="0" weight="1">
      <points>
        <point x="0" y="0" />
        <point x="0" y="0" />
      </points>
    </arc>
    <arc id="id29" source="id1" target="id16" delay="0" weight="1">
      <points>
        <point x="0" y="0" />
        <point x="0" y="0" />
      </points>
    </arc>
    <arc id="id35" source="id16" target="id4" delay="0" weight="1">
      <points>
        <point x="0" y="0" />
        <point x="0" y="0" />
      </points>
    </arc>
    <arc id="id36" source="id4" target="id3" delay="0" weight="1">
      <points>
        <point x="0" y="0" />
        <point x="0" y="0" />
      </points>
    </arc>
    <arc id="id37" source="id17" target="id5" delay="0" weight="1">
      <points>
        <point x="0" y="0" />
        <point x="0" y="0" />
      </points>
    </arc>
    <arc id="id38" source="id5" target="id2" delay="0" weight="1">
      <points>
        <point x="0" y="0" />
        <point x="0" y="0" />
      </points>
    </arc>
  </page>
  <page id="main.page5" name="main.page5">
    <place id="id0" name="p0" initialmarking="0" portdir="None">
      <location x="47" y="321" />
      <size width="60" height="30" />
    </place>
    <place id="id6" name="p2" initialmarking="0" portdir="None">
      <location x="192" y="322" />
      <size width="60" height="30" />
    </place>
    <place id="id8" name="p3" initialmarking="1" portdir="None">
      <location x="357" y="243" />
      <size width="60" height="30" />
    </place>
    <place id="id15" name="p6" initialmarking="0" portdir="None">
      <location x="123" y="172" />
      <size width="60" height="30" />
    </place>
    <place id="id18" name="p6" initialmarking="0" portdir="None">
      <location x="358" y="387" />
      <size width="60" height="30" />
    </place>
    <place id="id10" name="p5" initialmarking="0" portdir="None">
      <location x="433" y="174" />
      <size width="60" height="30" />
    </place>
    <transition id="id2" name="t0" portdir="None">
      <location x="441" y="324" />
      <size width="50" height="20" />
    </transition>
    <transition id="id3" name="t1" portdir="None">
      <location x="280" y="320" />
      <size width="50" height="20" />
    </transition>
    <transition id="id12" name="t5" portdir="None">
      <location x="51" y="239" />
      <size width="50" height="20" />
    </transition>
    <transition id="id14" name="t7" portdir="None">
      <location x="193" y="238" />
      <size width="50" height="20" />
    </transition>
    <transition id="id16" name="t6" portdir="None">
      <location x="285" y="175" />
      <size width="50" height="20" />
    </transition>
    <transition id="id1" name="t7" portdir="None">
      <location x="121" y="376" />
      <size width="50" height="20" />
    </transition>
    <transition id="id13" name="t8" portdir="None">
      <location x="510" y="238" />
      <size width="50" height="20" />
    </transition>
    <arc id="id21" source="id2" target="id8" delay="0" weight="1">
      <points>
        <point x="0" y="0" />
        <point x="0" y="0" />
      </points>
    </arc>
    <arc id="id22" source="id3" target="id8" delay="0" weight="1">
      <points>
        <point x="0" y="0" />
        <point x="0" y="0" />
      </points>
    </arc>
    <arc id="id25" source="id12" target="id0" delay="0" weight="1">
      <points>
        <point x="0" y="0" />
        <point x="0" y="0" />
      </points>
    </arc>
    <arc id="id28" source="id15" target="id12" delay="0" weight="1">
      <points>
        <point x="0" y="0" />
        <point x="0" y="0" />
      </points>
    </arc>
    <arc id="id31" source="id16" target="id15" delay="0" weight="1">
      <points>
        <point x="0" y="0" />
        <point x="0" y="0" />
      </points>
    </arc>
    <arc id="id33" source="id14" target="id6" delay="0" weight="1">
      <points>
        <point x="0" y="0" />
        <point x="0" y="0" />
      </points>
    </arc>
    <arc id="id34" source="id15" target="id14" delay="0" weight="1">
      <points>
        <point x="0" y="0" />
        <point x="0" y="0" />
      </points>
    </arc>
    <arc id="id5" source="id12" target="id6" delay="0" weight="1">
      <points>
        <point x="0" y="0" />
        <point x="0" y="0" />
      </points>
    </arc>
    <arc id="id7" source="id14" target="id0" delay="0" weight="1">
      <points>
        <point x="0" y="0" />
        <point x="0" y="0" />
      </points>
    </arc>
    <arc id="id4" source="id6" target="id1" delay="0" weight="1">
      <points>
        <point x="0" y="0" />
        <point x="0" y="0" />
      </points>
    </arc>
    <arc id="id11" source="id0" target="id1" delay="0" weight="1">
      <points>
        <point x="0" y="0" />
        <point x="0" y="0" />
      </points>
    </arc>
    <arc id="id19" source="id18" target="id2" delay="0" weight="1">
      <points>
        <point x="0" y="0" />
        <point x="0" y="0" />
      </points>
    </arc>
    <arc id="id23" source="id18" target="id3" delay="0" weight="1">
      <points>
        <point x="0" y="0" />
        <point x="0" y="0" />
      </points>
    </arc>
    <arc id="id24" source="id1" target="id18" delay="0" weight="1">
      <points>
        <point x="0" y="0" />
        <point x="0" y="0" />
      </points>
    </arc>
    <arc id="id9" source="id8" target="id16" delay="0" weight="1">
      <points>
        <point x="0" y="0" />
        <point x="0" y="0" />
      </points>
    </arc>
    <arc id="id17" source="id13" target="id10" delay="0" weight="1">
      <points>
        <point x="0" y="0" />
        <point x="0" y="0" />
      </points>
    </arc>
    <arc id="id20" source="id10" target="id16" delay="0" weight="1">
      <points>
        <point x="0" y="0" />
        <point x="0" y="0" />
      </points>
    </arc>
  </page>
  <page id="main.page6" name="main.twice">
    <place id="id1" name="p0" initialmarking="0" portdir="None">
      <location x="144" y="51" />
      <size width="60" height="30" />
    </place>
    <place id="id2" name="p1" initialmarking="0" portdir="None">
      <location x="140" y="133" />
      <size width="60" height="30" />
    </place>
    <place id="id5" name="p2" initialmarking="0" portdir="Out">
      <location x="364" y="93" />
      <size width="60" height="30" />
    </place>
    <transition id="id0" name="t0" portdir="In">
      <location x="41" y="86" />
      <size width="50" height="20" />
    </transition>
    <transition id="id3" name="t1" portdir="None">
      <location x="262" y="50" />
      <size width="50" height="20" />
    </transition>
    <transition id="id4" name="t2" portdir="None">
      <location x="261" y="136" />
      <size width="50" height="20" />
    </transition>
    <arc id="id6" source="id0" target="id1" delay="0" weight="1">
      <points>
        <point x="0" y="0" />
        <point x="0" y="0" />
      </points>
    </arc>
    <arc id="id7" source="id0" target="id2" delay="0" weight="1">
      <points>
        <point x="0" y="0" />
        <point x="0" y="0" />
      </points>
    </arc>
    <arc id="id8" source="id2" target="id4" delay="0" weight="1">
      <points>
        <point x="0" y="0" />
        <point x="0" y="0" />
      </points>
    </arc>
    <arc id="id9" source="id1" target="id3" delay="0" weight="1">
      <points>
        <point x="0" y="0" />
        <point x="0" y="0" />
      </points>
    </arc>
    <arc id="id10" source="id3" target="id5" delay="0" weight="1">
      <points>
        <point x="0" y="0" />
        <point x="0" y="0" />
      </points>
    </arc>
    <arc id="id11" source="id4" target="id5" delay="0" weight="1">
      <points>
        <point x="0" y="0" />
        <point x="0" y="0" />
      </points>
    </arc>
  </page>
  <page id="main.page7" name="main.page7">
    <place id="id3" name="p2" initialmarking="1" portdir="None">
      <location x="50" y="57" />
      <size width="60" height="30" />
    </place>
    <subpage id="id0" original="main.page6" name="main.twice (id0)">
      <location x="316" y="61" />
      <size width="50" height="70" />
      <port id="id0.port0" name="p2" originalid="id5" type="place" initialMarking="0" portdir="None">
        <location x="367" y="64" />
        <size width="30" height="30" />
      </port>
      <port id="id0.port1" name="t0" originalid="id0" type="transition" portdir="None">
        <location x="267" y="63" />
        <size width="30" height="30" />
      </port>
    </subpage>
    <subpage id="id1" original="main.page6" name="main.twice (id1)">
      <location x="165" y="60" />
      <size width="50" height="70" />
      <port id="id1.port0" name="p2" originalid="id5" type="place" initialMarking="0" portdir="None">
        <location x="216" y="60" />
        <size width="30" height="30" />
      </port>
      <port id="id1.port1" name="t0" originalid="id0" type="transition" portdir="None">
        <location x="110" y="59" />
        <size width="30" height="30" />
      </port>
    </subpage>
    <arc id="id2" source="id3" target="id1.port1" delay="0" weight="1">
      <points>
        <point x="0" y="0" />
        <point x="0" y="0" />
      </points>
    </arc>
    <arc id="id4" source="id1.port0" target="id0.port1" delay="0" weight="1">
      <points>
        <point x="0" y="0" />
        <point x="0" y="0" />
      </points>
    </arc>
  </page>
  <page id="main.page8" name="main.page8">
    <place id="id0" name="p0" initialmarking="1" portdir="None">
      <location x="210" y="70" />
      <size width="60" height="30" />
    </place>
    <place id="id1" name="p1" initialmarking="0" portdir="None">
      <location x="134" y="13" />
      <size width="60" height="30" />
    </place>
    <place id="id2" name="p2" initialmarking="0" portdir="None">
      <location x="284" y="12" />
      <size width="60" height="30" />
    </place>
    <place id="id3" name="p3" initialmarking="0" portdir="None">
      <location x="141" y="107" />
      <size width="60" height="30" />
    </place>
    <place id="id19" name="p4" initialmarking="0" portdir="None">
      <location x="149" y="148" />
      <size width="60" height="30" />
    </place>
    <place id="id21" name="p5" initialmarking="0" portdir="None">
      <location x="311" y="147" />
      <size width="60" height="30" />
    </place>
    <place id="id28" name="p0" initialmarking="1" portdir="None">
      <location x="213" y="297" />
      <size width="60" height="30" />
    </place>
    <place id="id31" name="p3" initialmarking="0" portdir="None">
      <location x="144" y="334" />
      <size width="60" height="30" />
    </place>
    <place id="id37" name="p4" initialmarking="0" portdir="None">
      <location x="152" y="375" />
      <size width="60" height="30" />
    </place>
    <transition id="id4" name="t0" portdir="None">
      <location x="58" y="12" />
      <size width="50" height="20" />
    </transition>
    <transition id="id5" name="t1" portdir="None">
      <location x="211" y="12" />
      <size width="50" height="20" />
    </transition>
    <transition id="id6" name="t2" portdir="None">
      <location x="58" y="104" />
      <size width="50" height="20" />
    </transition>
    <transition id="id7" name="t3" portdir="None">
      <location x="362" y="11" />
      <size width="50" height="20" />
    </transition>
    <transition id="id15" name="t4" portdir="None">
      <location x="216" y="112" />
      <size width="50" height="20" />
    </transition>
    <transition id="id20" name="t5" portdir="None">
      <location x="232" y="147" />
      <size width="50" height="20" />
    </transition>
    <transition id="id25" name="t6" portdir="None">
      <location x="392" y="145" />
      <size width="50" height="20" />
    </transition>
    <transition id="id32" name="t0" portdir="None">
      <location x="214" y="234" />
      <size width="50" height="20" />
    </transition>
    <transition id="id34" name="t2" portdir="None">
      <location x="61" y="331" />
      <size width="50" height="20" />
    </transition>
    <transition id="id36" name="t4" portdir="None">
      <location x="220" y="341" />
      <size width="50" height="20" />
    </transition>
    <transition id="id38" name="t5" portdir="None">
      <location x="249" y="374" />
      <size width="50" height="20" />
    </transition>
    <arc id="id8" source="id0" target="id4" delay="0" weight="1">
      <points>
        <point x="0" y="0" />
        <point x="0" y="0" />
      </points>
    </arc>
    <arc id="id9" source="id4" target="id1" delay="0" weight="1">
      <points>
        <point x="0" y="0" />
        <point x="0" y="0" />
      </points>
    </arc>
    <arc id="id10" source="id1" target="id5" delay="0" weight="1">
      <points>
        <point x="0" y="0" />
        <point x="0" y="0" />
      </points>
    </arc>
    <arc id="id11" source="id5" target="id2" delay="0" weight="1">
      <points>
        <point x="0" y="0" />
        <point x="0" y="0" />
      </points>
    </arc>
    <arc id="id12" source="id2" target="id7" delay="0" weight="1">
      <points>
        <point x="0" y="0" />
        <point x="0" y="0" />
      </points>
    </arc>
    <arc id="id13" source="id7" target="id0" delay="0" weight="1">
      <points>
        <point x="0" y="0" />
        <point x="0" y="0" />
      </points>
    </arc>
    <arc id="id14" source="id0" target="id6" delay="0" weight="1">
      <points>
        <point x="0" y="0" />
        <point x="0" y="0" />
      </points>
    </arc>
    <arc id="id16" source="id6" target="id3" delay="0" weight="1">
      <points>
        <point x="0" y="0" />
        <point x="0" y="0" />
      </points>
    </arc>
    <arc id="id17" source="id3" target="id15" delay="0" weight="1">
      <points>
        <point x="0" y="0" />
        <point x="0" y="0" />
      </points>
    </arc>
    <arc id="id18" source="id15" target="id0" delay="0" weight="1">
      <points>
        <point x="0" y="0" />
        <point x="0" y="0" />
      </points>
    </arc>
    <arc id="id22" source="id6" target="id19" delay="0" weight="1">
      <points>
        <point x="0" y="0" />
        <point x="0" y="0" />
      </points>
    </arc>
    <arc id="id23" source="id19" target="id20" delay="0" weight="1">
      <points>
        <point x="0" y="0" />
        <point x="0" y="0" />
      </points>
    </arc>
    <arc id="id24" source="id20" target="id21" delay="0" weight="1">
      <points>
        <point x="0" y="0" />
        <point x="0" y="0" />
      </points>
    </arc>
    <arc id="id26" source="id21" target="id25" delay="0" weight="1">
      <points>
        <point x="0" y="0" />
        <point x="0" y="0" />
      </points>
    </arc>
    <arc id="id27" source="id25" target="id0" delay="0" weight="1">
      <points>
        <point x="0" y="0" />
        <point x="0" y="0" />
      </points>
    </arc>
    <arc id="id47" source="id28" target="id34" delay="0" weight="1">
      <points>
        <point x="0" y="0" />
        <point x="0" y="0" />
      </points>
    </arc>
    <arc id="id48" source="id34" target="id31" delay="0" weight="1">
      <points>
        <point x="0" y="0" />
        <point x="0" y="0" />
      </points>
    </arc>
    <arc id="id49" source="id31" target="id36" delay="0" weight="1">
      <points>
        <point x="0" y="0" />
        <point x="0" y="0" />
      </points>
    </arc>
    <arc id="id50" source="id36" target="id28" delay="0" weight="1">
      <points>
        <point x="0" y="0" />
        <point x="0" y="0" />
      </points>
    </arc>
    <arc id="id51" source="id34" target="id37" delay="0" weight="1">
      <points>
        <point x="0" y="0" />
        <point x="0" y="0" />
      </points>
    </arc>
    <arc id="id52" source="id37" target="id38" delay="0" weight="1">
      <points>
        <point x="0" y="0" />
        <point x="0" y="0" />
      </points>
    </arc>
    <arc id="id29" source="id28" target="id32" delay="0" weight="1">
      <points>
        <point x="0" y="0" />
        <point x="0" y="0" />
      </points>
    </arc>
    <arc id="id30" source="id32" target="id28" delay="0" weight="1">
      <points>
        <point x="0" y="0" />
        <point x="0" y="0" />
      </points>
    </arc>
    <arc id="id33" source="id38" target="id28" delay="0" weight="1">
      <points>
        <point x="0" y="0" />
        <point x="0" y="0" />
      </points>
    </arc>
  </page>
  <page id="main.page9" name="main.page9">
    <place id="id0" name="p0" initialmarking="1" portdir="None">
      <location x="237" y="275" />
      <size width="60" height="30" />
    </place>
    <place id="id1" name="p1" initialmarking="0" portdir="None">
      <location x="234" y="208" />
      <size width="60" height="30" />
    </place>
    <place id="id2" name="p2" initialmarking="0" portdir="None">
      <location x="235" y="140" />
      <size width="60" height="30" />
    </place>
    <place id="id3" name="p3" initialmarking="0" portdir="None">
      <location x="452" y="210" />
      <size width="60" height="30" />
    </place>
    <transition id="id4" name="t0" portdir="None">
      <location x="339" y="138" />
      <size width="50" height="20" />
    </transition>
    <transition id="id5" name="t1" portdir="None">
      <location x="340" y="211" />
      <size width="50" height="20" />
    </transition>
    <transition id="id6" name="t2" portdir="None">
      <location x="343" y="276" />
      <size width="50" height="20" />
    </transition>
    <transition id="id7" name="t3" portdir="None">
      <location x="-524" y="374" />
      <size width="50" height="20" />
    </transition>
    <transition id="id8" name="t4" portdir="None">
      <location x="123" y="209" />
      <size width="50" height="20" />
    </transition>
    <arc id="id9" source="id3" target="id6" delay="0" weight="1">
      <points>
        <point x="0" y="0" />
        <point x="0" y="0" />
      </points>
    </arc>
    <arc id="id10" source="id6" target="id0" delay="0" weight="1">
      <points>
        <point x="0" y="0" />
        <point x="0" y="0" />
      </points>
    </arc>
    <arc id="id11" source="id0" target="id8" delay="0" weight="1">
      <points>
        <point x="0" y="0" />
        <point x="0" y="0" />
      </points>
    </arc>
    <arc id="id12" source="id8" target="id1" delay="0" weight="1">
      <points>
        <point x="0" y="0" />
        <point x="0" y="0" />
      </points>
    </arc>
    <arc id="id13" source="id1" target="id5" delay="0" weight="1">
      <points>
        <point x="0" y="0" />
        <point x="0" y="0" />
      </points>
    </arc>
    <arc id="id14" source="id5" target="id3" delay="0" weight="1">
      <points>
        <point x="0" y="0" />
        <point x="0" y="0" />
      </points>
    </arc>
    <arc id="id15" source="id8" target="id2" delay="0" weight="1">
      <points>
        <point x="0" y="0" />
        <point x="0" y="0" />
      </points>
    </arc>
    <arc id="id16" source="id2" target="id4" delay="0" weight="1">
      <points>
        <point x="0" y="0" />
        <point x="0" y="0" />
      </points>
    </arc>
    <arc id="id17" source="id4" target="id3" delay="0" weight="1">
      <points>
        <point x="0" y="0" />
        <point x="0" y="0" />
      </points>
    </arc>
  </page>
  <page id="main.page10" name="main.page10">
    <place id="id1" name="p1" initialmarking="1" portdir="None">
      <location x="131" y="210" />
      <size width="60" height="30" />
    </place>
    <place id="id3" name="p0" initialmarking="0" portdir="None">
      <location x="58" y="271" />
      <size width="60" height="30" />
    </place>
    <place id="id0" name="p2" initialmarking="0" portdir="None">
      <location x="57" y="143" />
      <size width="60" height="30" />
    </place>
    <place id="id6" name="p3" initialmarking="0" portdir="None">
      <location x="213" y="147" />
      <size width="60" height="30" />
    </place>
    <place id="id7" name="p4" initialmarking="0" portdir="None">
      <location x="213" y="266" />
      <size width="60" height="30" />
    </place>
    <place id="id16" name="p5" initialmarking="0" portdir="None">
      <location x="128" y="76" />
      <size width="60" height="30" />
    </place>
    <transition id="id8" name="t0" portdir="None">
      <location x="55" y="212" />
      <size width="50" height="20" />
    </transition>
    <transition id="id23" name="t1" portdir="None">
      <location x="138" y="269" />
      <size width="50" height="20" />
    </transition>
    <transition id="id2" name="t2" portdir="None">
      <location x="134" y="145" />
      <size width="50" height="20" />
    </transition>
    <transition id="id9" name="t3" portdir="None">
      <location x="217" y="205" />
      <size width="50" height="20" />
    </transition>
    <transition id="id17" name="t4" portdir="None">
      <location x="56" y="76" />
      <size width="50" height="20" />
    </transition>
    <arc id="id32" source="id8" target="id1" delay="0" weight="1">
      <points>
        <point x="80" y="210" />
        <point x="101" y="210" />
      </points>
    </arc>
    <arc id="id34" source="id1" target="id23" delay="0" weight="1">
      <points>
        <point x="134" y="224" />
        <point x="134" y="259" />
      </points>
    </arc>
    <arc id="id4" source="id23" target="id3" delay="0" weight="1">
      <points>
        <point x="113" y="271" />
        <point x="88" y="271" />
      </points>
    </arc>
    <arc id="id5" source="id3" target="id8" delay="0" weight="1">
      <points>
        <point x="57" y="257" />
        <point x="57" y="222" />
      </points>
    </arc>
    <arc id="id10" source="id23" target="id7" delay="0" weight="1">
      <points>
        <point x="163" y="266" />
        <point x="183" y="266" />
      </points>
    </arc>
    <arc id="id11" source="id7" target="id9" delay="0" weight="1">
      <points>
        <point x="214" y="252" />
        <point x="214" y="215" />
      </points>
    </arc>
    <arc id="id12" source="id9" target="id6" delay="0" weight="1">
      <points>
        <point x="213" y="195" />
        <point x="213" y="162" />
      </points>
    </arc>
    <arc id="id13" source="id6" target="id2" delay="0" weight="1">
      <points>
        <point x="184" y="147" />
        <point x="159" y="147" />
      </points>
    </arc>
    <arc id="id14" source="id2" target="id0" delay="0" weight="1">
      <points>
        <point x="109" y="143" />
        <point x="87" y="143" />
      </points>
    </arc>
    <arc id="id15" source="id0" target="id8" delay="0" weight="1">
      <points>
        <point x="57" y="157" />
        <point x="57" y="202" />
      </points>
    </arc>
    <arc id="id18" source="id2" target="id16" delay="0" weight="1">
      <points>
        <point x="128" y="135" />
        <point x="128" y="91" />
      </points>
    </arc>
    <arc id="id19" source="id16" target="id17" delay="0" weight="1">
      <points>
        <point x="98" y="76" />
        <point x="81" y="76" />
      </points>
    </arc>
    <arc id="id20" source="id17" target="id0" delay="0" weight="1">
      <points>
        <point x="57" y="86" />
        <point x="57" y="128" />
      </points>
    </arc>
  </page>
  <page id="main.page11" name="main.page11">
    <place id="id0" name="pin" initialmarking="0" portdir="In">
      <location x="43" y="40" />
      <size width="60" height="30" />
    </place>
    <place id="id3" name="p1" initialmarking="0" portdir="None">
      <location x="148" y="130" />
      <size width="60" height="30" />
    </place>
    <place id="id4" name="p2" initialmarking="0" portdir="None">
      <location x="44" y="205" />
      <size width="60" height="30" />
    </place>
    <place id="id12" name="pout" initialmarking="0" portdir="Out">
      <location x="219" y="261" />
      <size width="60" height="30" />
    </place>
    <transition id="id1" name="t0" portdir="None">
      <location x="43" y="126" />
      <size width="50" height="20" />
    </transition>
    <transition id="id2" name="t1" portdir="None">
      <location x="147" y="37" />
      <size width="50" height="20" />
    </transition>
    <transition id="id10" name="t2" portdir="None">
      <location x="218" y="186" />
      <size width="50" height="20" />
    </transition>
    <transition id="id11" name="t3" portdir="None">
      <location x="120" y="261" />
      <size width="50" height="20" />
    </transition>
    <arc id="id5" source="id0" target="id1" delay="0" weight="1">
      <points>
        <point x="43" y="55" />
        <point x="43" y="116" />
      </points>
    </arc>
    <arc id="id6" source="id1" target="id4" delay="0" weight="1">
      <points>
        <point x="44" y="136" />
        <point x="44" y="190" />
      </points>
    </arc>
    <arc id="id7" source="id1" target="id3" delay="0" weight="1">
      <points>
        <point x="68" y="130" />
        <point x="118" y="130" />
      </points>
    </arc>
    <arc id="id8" source="id0" target="id2" delay="0" weight="1">
      <points>
        <point x="72" y="40" />
        <point x="122" y="40" />
      </points>
    </arc>
    <arc id="id9" source="id2" target="id3" delay="0" weight="1">
      <points>
        <point x="148" y="47" />
        <point x="148" y="115" />
      </points>
    </arc>
    <arc id="id13" source="id4" target="id11" delay="0" weight="1">
      <points>
        <point x="68" y="213" />
        <point x="95" y="251" />
      </points>
    </arc>
    <arc id="id14" source="id11" target="id12" delay="0" weight="1">
      <points>
        <point x="145" y="261" />
        <point x="189" y="261" />
      </points>
    </arc>
    <arc id="id15" source="id3" target="id10" delay="0" weight="1">
      <points>
        <point x="171" y="139" />
        <point x="193" y="176" />
      </points>
    </arc>
    <arc id="id16" source="id10" target="id12" delay="0" weight="1">
      <points>
        <point x="219" y="196" />
        <point x="219" y="246" />
      </points>
    </arc>
  </page>
  <page id="main.page12" name="main.page12">
    <place id="id1" name="接近中" initialmarking="0" portdir="None">
      <location x="118" y="394" />
      <size width="60" height="30" />
    </place>
    <place id="id2" name="通過中" initialmarking="0" portdir="None">
      <location x="117" y="532" />
      <size width="60" height="30" />
    </place>
    <place id="id3" name="通過後" initialmarking="0" portdir="None">
      <location x="118" y="690" />
      <size width="75" height="30" />
    </place>
    <place id="id4" name="遮断機上" initialmarking="1" portdir="None">
      <location x="523" y="487" />
      <size width="60" height="30" />
    </place>
    <place id="id5" name="遮断機下" initialmarking="0" portdir="None">
      <location x="437" y="486" />
      <size width="60" height="30" />
    </place>
    <place id="id0" name="列車接近前" initialmarking="1" portdir="None">
      <location x="118" y="248" />
      <size width="75" height="30" />
    </place>
    <transition id="id7" name="列車接近" portdir="None">
      <location x="120" y="321" />
      <size width="75" height="30" />
    </transition>
    <transition id="id8" name="t2" portdir="None">
      <location x="117" y="464" />
      <size width="50" height="20" />
    </transition>
    <transition id="id9" name="t3" portdir="None">
      <location x="118" y="608" />
      <size width="50" height="20" />
    </transition>
    <transition id="id19" name="遮断機を上げる" portdir="None">
      <location x="486" y="564" />
      <size width="100" height="30" />
    </transition>
    <transition id="id20" name="遮断機をおろす" portdir="None">
      <location x="474" y="402" />
      <size width="100" height="30" />
    </transition>
    <subpage id="id6" original="main.page13" name="main.踏切制御システム (id6)">
      <location x="282" y="467" />
      <size width="50" height="70" />
      <port id="id6.port0" name="p0" originalid="id0" type="place" initialMarking="0" portdir="None">
        <location x="231" y="417" />
        <size width="30" height="30" />
      </port>
      <port id="id6.port1" name="p3" originalid="id3" type="place" initialMarking="0" portdir="None">
        <location x="234" y="516" />
        <size width="30" height="30" />
      </port>
      <port id="id6.port2" name="p5" originalid="id4" type="place" initialMarking="0" portdir="None">
        <location x="231" y="468" />
        <size width="30" height="30" />
      </port>
      <port id="id6.port3" name="p6" originalid="id5" type="place" initialMarking="0" portdir="None">
        <location x="332" y="422" />
        <size width="30" height="30" />
      </port>
      <port id="id6.port4" name="p7" originalid="id6" type="place" initialMarking="0" portdir="None">
        <location x="333" y="516" />
        <size width="30" height="30" />
      </port>
      <port id="id6.port5" name="p4" originalid="id17" type="place" initialMarking="0" portdir="None">
        <location x="333" y="468" />
        <size width="30" height="30" />
      </port>
    </subpage>
    <arc id="id12" source="id7" target="id1" delay="0" weight="1">
      <points>
        <point x="118" y="336" />
        <point x="118" y="379" />
      </points>
    </arc>
    <arc id="id13" source="id1" target="id8" delay="0" weight="1">
      <points>
        <point x="118" y="408" />
        <point x="118" y="454" />
      </points>
    </arc>
    <arc id="id14" source="id8" target="id2" delay="0" weight="1">
      <points>
        <point x="117" y="474" />
        <point x="117" y="517" />
      </points>
    </arc>
    <arc id="id15" source="id2" target="id9" delay="0" weight="1">
      <points>
        <point x="117" y="546" />
        <point x="117" y="598" />
      </points>
    </arc>
    <arc id="id16" source="id9" target="id3" delay="0" weight="1">
      <points>
        <point x="118" y="618" />
        <point x="118" y="675" />
      </points>
    </arc>
    <arc id="id22" source="id4" target="id20" delay="0" weight="1">
      <points>
        <point x="509" y="475" />
        <point x="509" y="417" />
      </points>
    </arc>
    <arc id="id23" source="id20" target="id5" delay="0" weight="1">
      <points>
        <point x="437" y="417" />
        <point x="437" y="471" />
      </points>
    </arc>
    <arc id="id24" source="id5" target="id19" delay="0" weight="1">
      <points>
        <point x="452" y="498" />
        <point x="452" y="549" />
      </points>
    </arc>
    <arc id="id25" source="id19" target="id4" delay="0" weight="1">
      <points>
        <point x="523" y="549" />
        <point x="523" y="502" />
      </points>
    </arc>
    <arc id="id11" source="id6.port3" target="id20" delay="0" weight="1">
      <points>
        <point x="346" y="420" />
        <point x="424" y="417" />
      </points>
    </arc>
    <arc id="id17" source="id7" target="id6.port0" delay="0" weight="1">
      <points>
        <point x="157" y="336" />
        <point x="221" y="406" />
      </points>
    </arc>
    <arc id="id18" source="id20" target="id6.port5" delay="0" weight="1">
      <points>
        <point x="424" y="417" />
        <point x="346" y="461" />
      </points>
    </arc>
    <arc id="id21" source="id6.port2" target="id8" delay="0" weight="1">
      <points>
        <point x="217" y="468" />
        <point x="142" y="468" />
      </points>
    </arc>
    <arc id="id26" source="id9" target="id6.port1" delay="0" weight="1">
      <points>
        <point x="143" y="598" />
        <point x="223" y="526" />
      </points>
    </arc>
    <arc id="id27" source="id6.port4" target="id19" delay="0" weight="1">
      <points>
        <point x="347" y="520" />
        <point x="436" y="549" />
      </points>
    </arc>
    <arc id="id10" source="id0" target="id7" delay="0" weight="1">
      <points>
        <point x="119" y="262" />
        <point x="119" y="306" />
      </points>
    </arc>
  </page>
  <page id="main.page13" name="main.踏切制御システム">
    <place id="id0" name="p0" initialmarking="0" portdir="In">
      <location x="119" y="237" />
      <size width="60" height="30" />
    </place>
    <place id="id1" name="p1" initialmarking="1" portdir="None">
      <location x="180" y="303" />
      <size width="60" height="30" />
    </place>
    <place id="id2" name="p2" initialmarking="0" portdir="None">
      <location x="291" y="305" />
      <size width="60" height="30" />
    </place>
    <place id="id3" name="p3" initialmarking="0" portdir="In">
      <location x="115" y="367" />
      <size width="60" height="30" />
    </place>
    <place id="id4" name="p5" initialmarking="0" portdir="Out">
      <location x="115" y="447" />
      <size width="60" height="30" />
    </place>
    <place id="id5" name="p6" initialmarking="0" portdir="Out">
      <location x="340" y="237" />
      <size width="60" height="30" />
    </place>
    <place id="id6" name="p7" initialmarking="0" portdir="Out">
      <location x="339" y="364" />
      <size width="60" height="30" />
    </place>
    <place id="id17" name="p4" initialmarking="0" portdir="In">
      <location x="348" y="448" />
      <size width="60" height="30" />
    </place>
    <transition id="id7" name="t0" portdir="None">
      <location x="228" y="236" />
      <size width="50" height="20" />
    </transition>
    <transition id="id8" name="t1" portdir="None">
      <location x="236" y="367" />
      <size width="50" height="20" />
    </transition>
    <transition id="id18" name="t2" portdir="None">
      <location x="236" y="448" />
      <size width="50" height="20" />
    </transition>
    <arc id="id9" source="id3" target="id8" delay="0" weight="1">
      <points>
        <point x="145" y="367" />
        <point x="211" y="367" />
      </points>
    </arc>
    <arc id="id10" source="id2" target="id8" delay="0" weight="1">
      <points>
        <point x="272" y="316" />
        <point x="261" y="357" />
      </points>
    </arc>
    <arc id="id11" source="id8" target="id1" delay="0" weight="1">
      <points>
        <point x="211" y="357" />
        <point x="194" y="316" />
      </points>
    </arc>
    <arc id="id12" source="id1" target="id7" delay="0" weight="1">
      <points>
        <point x="197" y="291" />
        <point x="203" y="246" />
      </points>
    </arc>
    <arc id="id13" source="id7" target="id2" delay="0" weight="1">
      <points>
        <point x="253" y="246" />
        <point x="275" y="293" />
      </points>
    </arc>
    <arc id="id14" source="id0" target="id7" delay="0" weight="1">
      <points>
        <point x="148" y="237" />
        <point x="203" y="237" />
      </points>
    </arc>
    <arc id="id15" source="id7" target="id5" delay="0" weight="1">
      <points>
        <point x="253" y="237" />
        <point x="310" y="237" />
      </points>
    </arc>
    <arc id="id16" source="id8" target="id6" delay="0" weight="1">
      <points>
        <point x="261" y="364" />
        <point x="309" y="364" />
      </points>
    </arc>
    <arc id="id19" source="id17" target="id18" delay="0" weight="1">
      <points>
        <point x="318" y="448" />
        <point x="261" y="448" />
      </points>
    </arc>
    <arc id="id20" source="id18" target="id4" delay="0" weight="1">
      <points>
        <point x="211" y="447" />
        <point x="145" y="447" />
      </points>
    </arc>
  </page>
  <page id="main.page14" name="main.page14">
    <place id="id0" name="p0" initialmarking="10" portdir="None">
      <location x="132" y="631" />
      <size width="60" height="30" />
    </place>
    <place id="id1" name="p1" initialmarking="0" portdir="None">
      <location x="376" y="671" />
      <size width="60" height="30" />
    </place>
    <place id="id4" name="p2" initialmarking="0" portdir="None">
      <location x="651" y="623" />
      <size width="60" height="30" />
    </place>
    <place id="id5" name="p3" initialmarking="10" portdir="None">
      <location x="641" y="765" />
      <size width="60" height="30" />
    </place>
    <place id="id6" name="p4" initialmarking="0" portdir="None">
      <location x="376" y="716" />
      <size width="60" height="30" />
    </place>
    <place id="id7" name="p5" initialmarking="0" portdir="None">
      <location x="126" y="769" />
      <size width="60" height="30" />
    </place>
    <place id="id21" name="p7" initialmarking="0" portdir="None">
      <location x="380" y="815" />
      <size width="60" height="30" />
    </place>
    <place id="id18" name="p6" initialmarking="1" portdir="None">
      <location x="378" y="958" />
      <size width="60" height="30" />
    </place>
    <place id="id19" name="p8" initialmarking="0" portdir="None">
      <location x="252" y="821" />
      <size width="60" height="30" />
    </place>
    <place id="id20" name="p9" initialmarking="0" portdir="None">
      <location x="504" y="815" />
      <size width="60" height="30" />
    </place>
    <transition id="id2" name="t0" portdir="None">
      <location x="252" y="677" />
      <size width="50" height="20" />
    </transition>
    <transition id="id3" name="t1" portdir="None">
      <location x="500" y="672" />
      <size width="50" height="20" />
    </transition>
    <transition id="id8" name="t2" portdir="None">
      <location x="500" y="709" />
      <size width="50" height="20" />
    </transition>
    <transition id="id9" name="t3" portdir="None">
      <location x="251" y="713" />
      <size width="50" height="20" />
    </transition>
    <transition id="id24" name="t4" portdir="None">
      <location x="376" y="889" />
      <size width="50" height="20" />
    </transition>
    <transition id="id29" name="t5" portdir="None">
      <location x="505" y="892" />
      <size width="50" height="20" />
    </transition>
    <transition id="id33" name="t6" portdir="None">
      <location x="259" y="890" />
      <size width="50" height="20" />
    </transition>
    <arc id="id10" source="id0" target="id2" delay="0" weight="1">
      <points>
        <point x="160" y="636" />
        <point x="227" y="667" />
      </points>
    </arc>
    <arc id="id11" source="id2" target="id1" delay="0" weight="1">
      <points>
        <point x="277" y="671" />
        <point x="346" y="671" />
      </points>
    </arc>
    <arc id="id12" source="id1" target="id3" delay="0" weight="1">
      <points>
        <point x="405" y="671" />
        <point x="475" y="671" />
      </points>
    </arc>
    <arc id="id13" source="id3" target="id4" delay="0" weight="1">
      <points>
        <point x="525" y="662" />
        <point x="623" y="627" />
      </points>
    </arc>
    <arc id="id14" source="id5" target="id8" delay="0" weight="1">
      <points>
        <point x="614" y="760" />
        <point x="525" y="719" />
      </points>
    </arc>
    <arc id="id15" source="id8" target="id6" delay="0" weight="1">
      <points>
        <point x="475" y="716" />
        <point x="406" y="716" />
      </points>
    </arc>
    <arc id="id16" source="id6" target="id9" delay="0" weight="1">
      <points>
        <point x="347" y="716" />
        <point x="276" y="716" />
      </points>
    </arc>
    <arc id="id17" source="id9" target="id7" delay="0" weight="1">
      <points>
        <point x="226" y="723" />
        <point x="153" y="763" />
      </points>
    </arc>
    <arc id="id22" source="id9" target="id21" delay="0" weight="1">
      <points>
        <point x="276" y="723" />
        <point x="358" y="806" />
      </points>
    </arc>
    <arc id="id23" source="id3" target="id21" delay="0" weight="1">
      <points>
        <point x="475" y="682" />
        <point x="397" y="803" />
      </points>
    </arc>
    <arc id="id25" source="id21" target="id24" delay="0" weight="1">
      <points>
        <point x="379" y="829" />
        <point x="379" y="879" />
      </points>
    </arc>
    <arc id="id26" source="id24" target="id18" delay="0" weight="1">
      <points>
        <point x="378" y="899" />
        <point x="378" y="943" />
      </points>
    </arc>
    <arc id="id27" source="id19" target="id2" delay="0" weight="1">
      <points>
        <point x="252" y="806" />
        <point x="252" y="687" />
      </points>
    </arc>
    <arc id="id28" source="id20" target="id8" delay="0" weight="1">
      <points>
        <point x="503" y="801" />
        <point x="503" y="719" />
      </points>
    </arc>
    <arc id="id30" source="id18" target="id29" delay="0" weight="1">
      <points>
        <point x="404" y="952" />
        <point x="480" y="902" />
      </points>
    </arc>
    <arc id="id31" source="id29" target="id20" delay="0" weight="1">
      <points>
        <point x="504" y="882" />
        <point x="504" y="830" />
      </points>
    </arc>
    <arc id="id34" source="id18" target="id33" delay="0" weight="1">
      <points>
        <point x="352" y="951" />
        <point x="284" y="900" />
      </points>
    </arc>
    <arc id="id35" source="id33" target="id19" delay="0" weight="1">
      <points>
        <point x="252" y="880" />
        <point x="252" y="836" />
      </points>
    </arc>
  </page>
  <page id="main.page15" name="main.page15" />
  <page id="main.page16" name="main.page16" />
  <page id="main.page17" name="main.page17" />
</petrinet>