﻿<?xml version="1.0" encoding="utf-8"?>
<petrinet name="main">
  <page id="main.page0" name="main.page0">
    <place id="id0" name="p" initialmarking="0" portdir="None">
      <location x="102" y="286" />
      <size width="60" height="30" />
    </place>
    <place id="id1" name="p" initialmarking="0" portdir="None">
      <location x="93" y="90" />
      <size width="60" height="30" />
    </place>
    <place id="id2" name="p" initialmarking="0" portdir="None">
      <location x="320" y="93" />
      <size width="60" height="30" />
    </place>
    <place id="id6" name="p" initialmarking="0" portdir="None">
      <location x="322" y="141" />
      <size width="60" height="30" />
    </place>
    <place id="id7" name="p" initialmarking="0" portdir="None">
      <location x="325" y="189" />
      <size width="60" height="30" />
    </place>
    <transition id="id3" name="t" portdir="None">
      <location x="197" y="89" />
      <size width="50" height="20" />
    </transition>
    <transition id="id4" name="t" portdir="None">
      <location x="211" y="256" />
      <size width="50" height="20" />
    </transition>
    <transition id="id5" name="t" portdir="None">
      <location x="214" y="318" />
      <size width="50" height="20" />
    </transition>
    <transition id="id8" name="t" portdir="None">
      <location x="451" y="139" />
      <size width="50" height="20" />
    </transition>
    <arc id="id10" source="id1" target="id3" delay="0" weight="1">
      <points>
        <point x="122" y="90" />
        <point x="172" y="90" />
      </points>
    </arc>
    <arc id="id11" source="id0" target="id4" delay="0" weight="1">
      <points>
        <point x="130" y="283" />
        <point x="186" y="266" />
      </points>
    </arc>
    <arc id="id12" source="id0" target="id5" delay="0" weight="1">
      <points>
        <point x="130" y="290" />
        <point x="189" y="308" />
      </points>
    </arc>
    <arc id="id13" source="id2" target="id8" delay="0" weight="1">
      <points>
        <point x="348" y="97" />
        <point x="426" y="129" />
      </points>
    </arc>
    <arc id="id14" source="id6" target="id8" delay="0" weight="1">
      <points>
        <point x="351" y="141" />
        <point x="426" y="141" />
      </points>
    </arc>
    <arc id="id15" source="id7" target="id8" delay="0" weight="1">
      <points>
        <point x="352" y="184" />
        <point x="426" y="149" />
      </points>
    </arc>
  </page>
</petrinet>