﻿<?xml version="1.0" encoding="utf-8"?>
<petrinet name="main">
  <page id="main.page0" name="main.page0">
    <place id="id0" name="p1" initialmarking="0" portdir="None">
      <location x="113" y="102" />
      <size width="60" height="30" />
    </place>
    <place id="id1" name="p5" initialmarking="0" portdir="None">
      <location x="113" y="279" />
      <size width="60" height="30" />
    </place>
    <place id="id4" name="p4" initialmarking="1" portdir="None">
      <location x="248" y="232" />
      <size width="60" height="30" />
    </place>
    <place id="id2" name="p2" initialmarking="1" portdir="None">
      <location x="402" y="103" />
      <size width="60" height="30" />
    </place>
    <place id="id11" name="p3" initialmarking="0" portdir="None">
      <location x="403" y="214" />
      <size width="60" height="30" />
    </place>
    <transition id="id5" name="t1" portdir="None">
      <location x="258" y="98" />
      <size width="50" height="20" />
    </transition>
    <transition id="id6" name="t4" portdir="None">
      <location x="112" y="188" />
      <size width="50" height="20" />
    </transition>
    <transition id="id8" name="t2" portdir="None">
      <location x="407" y="278" />
      <size width="50" height="20" />
    </transition>
    <transition id="id7" name="t3" portdir="None">
      <location x="404" y="158" />
      <size width="50" height="20" />
    </transition>
    <arc id="id10" source="id0" target="id5" delay="0" weight="1">
      <points>
        <point x="142" y="102" />
        <point x="233" y="102" />
      </points>
    </arc>
    <arc id="id16" source="id4" target="id6" delay="0" weight="1">
      <points>
        <point x="220" y="228" />
        <point x="137" y="198" />
      </points>
    </arc>
    <arc id="id18" source="id6" target="id0" delay="0" weight="1">
      <points>
        <point x="113" y="178" />
        <point x="113" y="117" />
      </points>
    </arc>
    <arc id="id19" source="id6" target="id1" delay="0" weight="1">
      <points>
        <point x="113" y="198" />
        <point x="113" y="264" />
      </points>
    </arc>
    <arc id="id20" source="id1" target="id8" delay="0" weight="1">
      <points>
        <point x="142" y="279" />
        <point x="382" y="279" />
      </points>
    </arc>
    <arc id="id9" source="id5" target="id2" delay="0" weight="1">
      <points>
        <point x="283" y="103" />
        <point x="372" y="103" />
      </points>
    </arc>
    <arc id="id3" source="id8" target="id4" delay="0" weight="1">
      <points>
        <point x="382" y="268" />
        <point x="276" y="235" />
      </points>
    </arc>
    <arc id="id12" source="id8" target="id11" delay="0" weight="1">
      <points>
        <point x="403" y="268" />
        <point x="403" y="229" />
      </points>
    </arc>
    <arc id="id13" source="id11" target="id7" delay="0" weight="1">
      <points>
        <point x="403" y="200" />
        <point x="403" y="168" />
      </points>
    </arc>
    <arc id="id15" source="id7" target="id2" delay="0" weight="1">
      <points>
        <point x="402" y="148" />
        <point x="402" y="118" />
      </points>
    </arc>
    <arc id="id17" source="id2" target="id6" delay="0" weight="1">
      <points>
        <point x="374" y="107" />
        <point x="137" y="178" />
      </points>
    </arc>
  </page>
  <page id="main.page1" name="main.page1">
    <place id="id0" name="p1" initialmarking="0" portdir="None">
      <location x="161" y="67" />
      <size width="60" height="30" />
    </place>
    <place id="id1" name="p2" initialmarking="1" portdir="None">
      <location x="123" y="191" />
      <size width="60" height="30" />
    </place>
    <place id="id3" name="p3" initialmarking="0" portdir="None">
      <location x="104" y="260" />
      <size width="60" height="30" />
    </place>
    <place id="id4" name="p5" initialmarking="0" portdir="None">
      <location x="107" y="329" />
      <size width="60" height="30" />
    </place>
    <place id="id5" name="p5" initialmarking="0" portdir="None">
      <location x="302" y="279" />
      <size width="60" height="30" />
    </place>
    <transition id="id6" name="t6" portdir="None">
      <location x="96" y="126" />
      <size width="50" height="20" />
    </transition>
    <transition id="id7" name="t7" portdir="None">
      <location x="154" y="231" />
      <size width="50" height="20" />
    </transition>
    <transition id="id8" name="t8" portdir="None">
      <location x="266" y="239" />
      <size width="50" height="20" />
    </transition>
    <transition id="id9" name="t9" portdir="None">
      <location x="237" y="331" />
      <size width="50" height="20" />
    </transition>
    <transition id="id10" name="t10" portdir="None">
      <location x="130" y="302" />
      <size width="50" height="20" />
    </transition>
    <transition id="id21" name="t21" portdir="None">
      <location x="215" y="110" />
      <size width="50" height="20" />
    </transition>
    <arc id="id11" source="id0" target="id6" delay="0" weight="1">
      <points>
        <point x="139" y="77" />
        <point x="121" y="116" />
      </points>
    </arc>
    <arc id="id12" source="id6" target="id1" delay="0" weight="1">
      <points>
        <point x="121" y="136" />
        <point x="122" y="177" />
      </points>
    </arc>
    <arc id="id13" source="id1" target="id7" delay="0" weight="1">
      <points>
        <point x="141" y="202" />
        <point x="141" y="221" />
      </points>
    </arc>
    <arc id="id14" source="id7" target="id3" delay="0" weight="1">
      <points>
        <point x="129" y="241" />
        <point x="127" y="251" />
      </points>
    </arc>
    <arc id="id15" source="id3" target="id10" delay="0" weight="1">
      <points>
        <point x="119" y="272" />
        <point x="119" y="292" />
      </points>
    </arc>
    <arc id="id16" source="id10" target="id4" delay="0" weight="1">
      <points>
        <point x="107" y="312" />
        <point x="107" y="314" />
      </points>
    </arc>
    <arc id="id17" source="id4" target="id9" delay="0" weight="1">
      <points>
        <point x="136" y="329" />
        <point x="212" y="329" />
      </points>
    </arc>
    <arc id="id18" source="id9" target="id5" delay="0" weight="1">
      <points>
        <point x="262" y="321" />
        <point x="282" y="289" />
      </points>
    </arc>
    <arc id="id19" source="id5" target="id8" delay="0" weight="1">
      <points>
        <point x="282" y="268" />
        <point x="282" y="249" />
      </points>
    </arc>
    <arc id="id23" source="id21" target="id0" delay="0" weight="1">
      <points>
        <point x="190" y="100" />
        <point x="180" y="78" />
      </points>
    </arc>
    <arc id="id2" source="id8" target="id1" delay="0" weight="1">
      <points>
        <point x="241" y="229" />
        <point x="151" y="195" />
      </points>
    </arc>
    <arc id="id20" source="id1" target="id21" delay="0" weight="1">
      <points>
        <point x="145" y="182" />
        <point x="190" y="120" />
      </points>
    </arc>
  </page>
</petrinet>