﻿<?xml version="1.0" encoding="utf-8"?>
<petrinet name="Untitled">
  <page id="page0" name="page0">
    <place id="id0" name="p0" initialmarking="1" portdir="None">
      <location x="130" y="247" />
      <size width="50" height="30" />
    </place>
    <place id="id1" name="p1" initialmarking="1" portdir="None">
      <location x="297" y="441" />
      <size width="50" height="30" />
    </place>
    <transition id="id2" name="t2" portdir="None">
      <location x="274" y="273" />
      <size width="50" height="20" />
    </transition>
    <transition id="id3" name="t3" portdir="None">
      <location x="179" y="421" />
      <size width="50" height="20" />
    </transition>
    <arc id="id4" source="id0" target="id2" delay="1" weight="1">
      <points>
        <point x="154" y="249" />
        <point x="249" y="263" />
      </points>
    </arc>
    <arc id="id5" source="id2" target="id1" delay="0" weight="1">
      <points>
        <point x="297" y="283" />
        <point x="297" y="426" />
      </points>
    </arc>
    <arc id="id6" source="id1" target="id3" delay="0" weight="1">
      <points>
        <point x="273" y="439" />
        <point x="204" y="431" />
      </points>
    </arc>
    <arc id="id7" source="id3" target="id0" delay="0" weight="1">
      <points>
        <point x="204" y="411" />
        <point x="225" y="336" />
        <point x="140" y="260" />
      </points>
    </arc>
    <arc id="id8" source="id0" target="id3" delay="0" weight="1">
      <points>
        <point x="124" y="261" />
        <point x="101" y="347" />
        <point x="154" y="411" />
      </points>
    </arc>
    <arc id="id9" source="id3" target="id1" delay="1" weight="1">
      <points>
        <point x="186" y="431" />
        <point x="186" y="502" />
        <point x="273" y="440" />
      </points>
    </arc>
    <arc id="id10" source="id1" target="id2" delay="0" weight="1">
      <points>
        <point x="315" y="432" />
        <point x="397" y="353" />
        <point x="299" y="283" />
      </points>
    </arc>
    <arc id="id11" source="id2" target="id0" delay="0" weight="1">
      <points>
        <point x="252" y="263" />
        <point x="252" y="208" />
        <point x="154" y="248" />
      </points>
    </arc>
  </page>
</petrinet>