﻿<?xml version="1.0" encoding="utf-8"?>
<petrinet name="main">
  <page id="main.page0" name="main.page0">
    <place id="id0" name="p" initialmarking="1" portdir="None">
      <location x="255" y="474" />
      <size width="60" height="30" />
    </place>
    <place id="id11" name="p" initialmarking="0" portdir="None">
      <location x="481" y="425" />
      <size width="60" height="30" />
    </place>
    <place id="id14" name="p" initialmarking="0" portdir="None">
      <location x="433" y="642" />
      <size width="60" height="30" />
    </place>
    <place id="id15" name="p" initialmarking="0" portdir="None">
      <location x="462" y="765" />
      <size width="60" height="30" />
    </place>
    <place id="id18" name="p" initialmarking="0" portdir="None">
      <location x="106" y="493" />
      <size width="60" height="30" />
    </place>
    <transition id="id1" name="t" portdir="None">
      <location x="362" y="470" />
      <size width="50" height="20" />
    </transition>
    <transition id="id2" name="t" portdir="None">
      <location x="359" y="423" />
      <size width="50" height="20" />
    </transition>
    <transition id="id6" name="t" portdir="None">
      <location x="359" y="376" />
      <size width="50" height="20" />
    </transition>
    <transition id="id13" name="t" portdir="None">
      <location x="614" y="553" />
      <size width="50" height="20" />
    </transition>
    <transition id="id16" name="t" portdir="None">
      <location x="246" y="605" />
      <size width="50" height="20" />
    </transition>
    <transition id="id17" name="t" portdir="None">
      <location x="154" y="750" />
      <size width="50" height="20" />
    </transition>
    <transition id="id27" name="t" portdir="None">
      <location x="224" y="644" />
      <size width="50" height="20" />
    </transition>
    <subpage id="id30" original="main.page1" name="main.page1">
      <location x="491" y="526" />
      <size width="50" height="70" />
      <port id="id30.port0" name="pin" originalid="id0" type="place" initialMarking="0">
        <location x="442" y="476" />
        <size width="30" height="30" />
      </port>
      <port id="id30.port1" name="tou" originalid="id1" type="transition">
        <location x="507" y="600" />
        <size width="30" height="30" />
      </port>
    </subpage>
    <arc id="id3" source="id0" target="id2" delay="0" weight="1">
      <points>
        <point x="281" y="468" />
        <point x="334" y="433" />
      </points>
    </arc>
    <arc id="id4" source="id0" target="id1" delay="0" weight="1">
      <points>
        <point x="284" y="474" />
        <point x="337" y="474" />
      </points>
    </arc>
    <arc id="id12" source="id2" target="id11" delay="0" weight="1">
      <points>
        <point x="384" y="425" />
        <point x="451" y="425" />
      </points>
    </arc>
    <arc id="id19" source="id18" target="id6" delay="0" weight="1">
      <points>
        <point x="133" y="487" />
        <point x="334" y="386" />
      </points>
    </arc>
    <arc id="id20" source="id11" target="id13" delay="0" weight="1">
      <points>
        <point x="502" y="435" />
        <point x="589" y="543" />
      </points>
    </arc>
    <arc id="id21" source="id13" target="id15" delay="0" weight="1">
      <points>
        <point x="589" y="563" />
        <point x="477" y="753" />
      </points>
    </arc>
    <arc id="id23" source="id15" target="id17" delay="0" weight="1">
      <points>
        <point x="433" y="765" />
        <point x="179" y="760" />
      </points>
    </arc>
    <arc id="id24" source="id17" target="id18" delay="0" weight="1">
      <points>
        <point x="129" y="740" />
        <point x="108" y="507" />
      </points>
    </arc>
    <arc id="id25" source="id14" target="id16" delay="0" weight="1">
      <points>
        <point x="404" y="640" />
        <point x="271" y="615" />
      </points>
    </arc>
    <arc id="id26" source="id16" target="id0" delay="0" weight="1">
      <points>
        <point x="255" y="595" />
        <point x="255" y="489" />
      </points>
    </arc>
    <arc id="id28" source="id14" target="id27" delay="0" weight="1">
      <points>
        <point x="404" y="642" />
        <point x="249" y="642" />
      </points>
    </arc>
    <arc id="id29" source="id27" target="id18" delay="0" weight="1">
      <points>
        <point x="199" y="634" />
        <point x="122" y="505" />
      </points>
    </arc>
    <arc id="id5" source="id6" target="id30.port0" delay="0" weight="1">
      <points>
        <point x="384" y="386" />
        <point x="434" y="464" />
      </points>
    </arc>
    <arc id="id7" source="id1" target="id30.port0" delay="0" weight="1">
      <points>
        <point x="387" y="476" />
        <point x="427" y="476" />
      </points>
    </arc>
    <arc id="id8" source="id30.port1" target="id14" delay="0" weight="1">
      <points>
        <point x="492" y="615" />
        <point x="460" y="636" />
      </points>
    </arc>
  </page>
  <page id="main.page1" name="main.page1">
    <place id="id0" name="pin" initialmarking="0" portdir="In">
      <location x="119" y="220" />
      <size width="60" height="30" />
    </place>
    <place id="id4" name="p" initialmarking="0" portdir="None">
      <location x="411" y="412" />
      <size width="60" height="30" />
    </place>
    <place id="id5" name="p" initialmarking="0" portdir="None">
      <location x="302" y="487" />
      <size width="60" height="30" />
    </place>
    <place id="id6" name="p" initialmarking="0" portdir="None">
      <location x="415" y="243" />
      <size width="60" height="30" />
    </place>
    <place id="id7" name="p" initialmarking="0" portdir="None">
      <location x="332" y="307" />
      <size width="60" height="30" />
    </place>
    <place id="id8" name="p" initialmarking="0" portdir="None">
      <location x="233" y="344" />
      <size width="60" height="30" />
    </place>
    <place id="id9" name="p" initialmarking="0" portdir="None">
      <location x="155" y="380" />
      <size width="60" height="30" />
    </place>
    <transition id="id1" name="tou" portdir="Out">
      <location x="400" y="529" />
      <size width="50" height="20" />
    </transition>
    <transition id="id2" name="t" portdir="None">
      <location x="286" y="269" />
      <size width="50" height="20" />
    </transition>
    <transition id="id3" name="t" portdir="None">
      <location x="184" y="322" />
      <size width="50" height="20" />
    </transition>
    <transition id="id10" name="t" portdir="None">
      <location x="180" y="437" />
      <size width="50" height="20" />
    </transition>
    <transition id="id11" name="t" portdir="None">
      <location x="260" y="386" />
      <size width="50" height="20" />
    </transition>
    <transition id="id12" name="t" portdir="None">
      <location x="352" y="346" />
      <size width="50" height="20" />
    </transition>
    <transition id="id13" name="t" portdir="None">
      <location x="443" y="263" />
      <size width="50" height="20" />
    </transition>
    <arc id="id14" source="id13" target="id4" delay="0" weight="1">
      <points>
        <point x="418" y="273" />
        <point x="412" y="398" />
      </points>
    </arc>
    <arc id="id15" source="id11" target="id4" delay="0" weight="1">
      <points>
        <point x="285" y="396" />
        <point x="382" y="411" />
      </points>
    </arc>
    <arc id="id16" source="id12" target="id5" delay="0" weight="1">
      <points>
        <point x="327" y="356" />
        <point x="307" y="473" />
      </points>
    </arc>
    <arc id="id17" source="id10" target="id5" delay="0" weight="1">
      <points>
        <point x="205" y="447" />
        <point x="275" y="482" />
      </points>
    </arc>
    <arc id="id18" source="id2" target="id7" delay="0" weight="1">
      <points>
        <point x="311" y="279" />
        <point x="315" y="295" />
      </points>
    </arc>
    <arc id="id19" source="id7" target="id12" delay="0" weight="1">
      <points>
        <point x="345" y="320" />
        <point x="345" y="336" />
      </points>
    </arc>
    <arc id="id20" source="id2" target="id6" delay="0" weight="1">
      <points>
        <point x="311" y="259" />
        <point x="386" y="245" />
      </points>
    </arc>
    <arc id="id21" source="id6" target="id13" delay="0" weight="1">
      <points>
        <point x="439" y="251" />
        <point x="439" y="253" />
      </points>
    </arc>
    <arc id="id22" source="id3" target="id8" delay="0" weight="1">
      <points>
        <point x="209" y="332" />
        <point x="207" y="338" />
      </points>
    </arc>
    <arc id="id23" source="id8" target="id11" delay="0" weight="1">
      <points>
        <point x="249" y="356" />
        <point x="249" y="376" />
      </points>
    </arc>
    <arc id="id24" source="id3" target="id9" delay="0" weight="1">
      <points>
        <point x="159" y="332" />
        <point x="157" y="366" />
      </points>
    </arc>
    <arc id="id25" source="id9" target="id10" delay="0" weight="1">
      <points>
        <point x="167" y="393" />
        <point x="167" y="427" />
      </points>
    </arc>
    <arc id="id26" source="id5" target="id1" delay="0" weight="1">
      <points>
        <point x="329" y="492" />
        <point x="375" y="519" />
      </points>
    </arc>
    <arc id="id27" source="id4" target="id1" delay="0" weight="1">
      <points>
        <point x="409" y="426" />
        <point x="409" y="519" />
      </points>
    </arc>
    <arc id="id28" source="id0" target="id3" delay="0" weight="1">
      <points>
        <point x="135" y="232" />
        <point x="159" y="312" />
      </points>
    </arc>
    <arc id="id29" source="id0" target="id2" delay="0" weight="1">
      <points>
        <point x="147" y="224" />
        <point x="261" y="259" />
      </points>
    </arc>
  </page>
</petrinet>