﻿<?xml version="1.0" encoding="utf-8"?>
<petrinet name="main">
  <page id="main.page0" name="main.page0">
    <place id="id0" name="p" initialmarking="0" portdir="None">
      <location x="244" y="106" />
      <size width="60" height="30" />
    </place>
    <place id="id1" name="p" initialmarking="0" portdir="None">
      <location x="246" y="278" />
      <size width="60" height="30" />
    </place>
    <place id="id2" name="p" initialmarking="0" portdir="None">
      <location x="117" y="120" />
      <size width="60" height="30" />
    </place>
    <place id="id3" name="p" initialmarking="0" portdir="None">
      <location x="106" y="278" />
      <size width="60" height="30" />
    </place>
    <place id="id4" name="p" initialmarking="1" portdir="None">
      <location x="470" y="145" />
      <size width="60" height="30" />
    </place>
    <place id="id17" name="p" initialmarking="1" portdir="None">
      <location x="297" y="358" />
      <size width="60" height="30" />
    </place>
    <place id="id26" name="p" initialmarking="1" portdir="None">
      <location x="391" y="178" />
      <size width="60" height="30" />
    </place>
    <transition id="id5" name="t" portdir="None">
      <location x="240" y="197" />
      <size width="50" height="20" />
    </transition>
    <transition id="id6" name="t" portdir="None">
      <location x="114" y="196" />
      <size width="50" height="20" />
    </transition>
    <transition id="id7" name="t" portdir="None">
      <location x="160" y="27" />
      <size width="50" height="20" />
    </transition>
    <transition id="id8" name="t" portdir="None">
      <location x="176" y="371" />
      <size width="50" height="20" />
    </transition>
    <transition id="id9" name="t" portdir="None">
      <location x="483" y="310" />
      <size width="50" height="20" />
    </transition>
    <transition id="id10" name="t" portdir="None">
      <location x="386" y="248" />
      <size width="50" height="20" />
    </transition>
    <arc id="id11" source="id7" target="id2" delay="0" weight="1">
      <points>
        <point x="135" y="37" />
        <point x="123" y="106" />
      </points>
    </arc>
    <arc id="id12" source="id7" target="id0" delay="0" weight="1">
      <points>
        <point x="185" y="37" />
        <point x="225" y="95" />
      </points>
    </arc>
    <arc id="id13" source="id6" target="id1" delay="0" weight="1">
      <points>
        <point x="139" y="206" />
        <point x="222" y="270" />
      </points>
    </arc>
    <arc id="id14" source="id6" target="id3" delay="0" weight="1">
      <points>
        <point x="106" y="206" />
        <point x="106" y="263" />
      </points>
    </arc>
    <arc id="id15" source="id1" target="id8" delay="0" weight="1">
      <points>
        <point x="228" y="289" />
        <point x="201" y="361" />
      </points>
    </arc>
    <arc id="id16" source="id3" target="id8" delay="0" weight="1">
      <points>
        <point x="124" y="289" />
        <point x="151" y="361" />
      </points>
    </arc>
    <arc id="id18" source="id2" target="id6" delay="0" weight="1">
      <points>
        <point x="116" y="134" />
        <point x="116" y="186" />
      </points>
    </arc>
    <arc id="id20" source="id0" target="id5" delay="0" weight="1">
      <points>
        <point x="243" y="120" />
        <point x="243" y="187" />
      </points>
    </arc>
    <arc id="id21" source="id5" target="id1" delay="0" weight="1">
      <points>
        <point x="246" y="207" />
        <point x="246" y="263" />
      </points>
    </arc>
    <arc id="id22" source="id5" target="id3" delay="0" weight="1">
      <points>
        <point x="215" y="207" />
        <point x="131" y="270" />
      </points>
    </arc>
    <arc id="id24" source="id4" target="id7" delay="0" weight="1">
      <points>
        <point x="442" y="140" />
        <point x="185" y="37" />
      </points>
    </arc>
    <arc id="id19" source="id8" target="id17" delay="0" weight="1">
      <points>
        <point x="201" y="361" />
        <point x="268" y="358" />
      </points>
    </arc>
    <arc id="id23" source="id17" target="id9" delay="0" weight="1">
      <points>
        <point x="326" y="355" />
        <point x="458" y="320" />
      </points>
    </arc>
    <arc id="id25" source="id17" target="id10" delay="0" weight="1">
      <points>
        <point x="315" y="347" />
        <point x="361" y="258" />
      </points>
    </arc>
    <arc id="id27" source="id10" target="id26" delay="0" weight="1">
      <points>
        <point x="391" y="238" />
        <point x="391" y="193" />
      </points>
    </arc>
    <arc id="id28" source="id9" target="id4" delay="0" weight="1">
      <points>
        <point x="470" y="300" />
        <point x="470" y="160" />
      </points>
    </arc>
    <arc id="id29" source="id26" target="id7" delay="0" weight="1">
      <points>
        <point x="366" y="170" />
        <point x="185" y="37" />
      </points>
    </arc>
  </page>
</petrinet>