﻿<?xml version="1.0" encoding="utf-8"?>
<petrinet name="main">
  <page id="main.page0" name="main.page0">
    <place id="id5" name="外来患者到着" initialmarking="1" portdir="None">
      <location x="236" y="279" />
      <size width="60" height="30" />
    </place>
    <place id="id7" name="p3" initialmarking="0" portdir="None">
      <location x="434" y="279" />
      <size width="60" height="30" />
    </place>
    <place id="id9" name="p4" initialmarking="0" portdir="None">
      <location x="958" y="276" />
      <size width="60" height="30" />
    </place>
    <place id="id10" name="p5" initialmarking="0" portdir="None">
      <location x="614" y="279" />
      <size width="60" height="30" />
    </place>
    <place id="id11" name="p6" initialmarking="0" portdir="None">
      <location x="786" y="272" />
      <size width="60" height="30" />
    </place>
    <transition id="id6" name="診察" portdir="None">
      <location x="338" y="283" />
      <size width="70" height="30" />
    </transition>
    <transition id="id8" name="入院" portdir="None">
      <location x="700" y="412" />
      <size width="70" height="30" />
    </transition>
    <transition id="id12" name="処方箋送信" portdir="None">
      <location x="703" y="277" />
      <size width="70" height="30" />
    </transition>
    <transition id="id13" name="受理＆診察終了" portdir="None">
      <location x="870" y="274" />
      <size width="70" height="30" />
    </transition>
    <transition id="id14" name="不受理" portdir="None">
      <location x="873" y="225" />
      <size width="70" height="30" />
    </transition>
    <transition id="id15" name="検査依頼" portdir="None">
      <location x="346" y="330" />
      <size width="70" height="30" />
    </transition>
    <transition id="id31" name="処方箋作成" portdir="None">
      <location x="522" y="280" />
      <size width="70" height="30" />
    </transition>
    <arc id="id22" source="id5" target="id6" delay="0" weight="1">
      <points>
        <point x="265" y="279" />
        <point x="303" y="279" />
      </points>
    </arc>
    <arc id="id23" source="id6" target="id7" delay="0" weight="1">
      <points>
        <point x="373" y="279" />
        <point x="404" y="279" />
      </points>
    </arc>
    <arc id="id24" source="id7" target="id15" delay="0" weight="1">
      <points>
        <point x="409" y="286" />
        <point x="381" y="315" />
      </points>
    </arc>
    <arc id="id25" source="id15" target="id5" delay="0" weight="1">
      <points>
        <point x="311" y="315" />
        <point x="263" y="285" />
      </points>
    </arc>
    <arc id="id27" source="id7" target="id8" delay="0" weight="1">
      <points>
        <point x="460" y="285" />
        <point x="665" y="397" />
      </points>
    </arc>
    <arc id="id28" source="id8" target="id9" delay="0" weight="1">
      <points>
        <point x="735" y="397" />
        <point x="932" y="283" />
      </points>
    </arc>
    <arc id="id32" source="id7" target="id31" delay="0" weight="1">
      <points>
        <point x="463" y="279" />
        <point x="487" y="279" />
      </points>
    </arc>
    <arc id="id33" source="id31" target="id10" delay="0" weight="1">
      <points>
        <point x="557" y="279" />
        <point x="584" y="279" />
      </points>
    </arc>
    <arc id="id34" source="id10" target="id12" delay="0" weight="1">
      <points>
        <point x="643" y="279" />
        <point x="668" y="279" />
      </points>
    </arc>
    <arc id="id35" source="id12" target="id11" delay="0" weight="1">
      <points>
        <point x="738" y="272" />
        <point x="756" y="272" />
      </points>
    </arc>
    <arc id="id36" source="id11" target="id13" delay="0" weight="1">
      <points>
        <point x="815" y="272" />
        <point x="835" y="272" />
      </points>
    </arc>
    <arc id="id37" source="id13" target="id9" delay="0" weight="1">
      <points>
        <point x="905" y="276" />
        <point x="928" y="276" />
      </points>
    </arc>
    <arc id="id38" source="id11" target="id14" delay="0" weight="1">
      <points>
        <point x="812" y="265" />
        <point x="838" y="240" />
      </points>
    </arc>
    <arc id="id0" source="id14" target="id7" delay="0" weight="1">
      <points>
        <point x="838" y="210" />
        <point x="803" y="185" />
        <point x="534" y="191" />
        <point x="463" y="277" />
      </points>
    </arc>
    <arc id="id1" source="id14" target="id5" delay="0" weight="1">
      <points>
        <point x="838" y="210" />
        <point x="791" y="143" />
        <point x="359" y="147" />
        <point x="265" y="278" />
      </points>
    </arc>
  </page>
  <page id="main.page1" name="main.page1">
    <place id="id4" name="p3" initialmarking="0" portdir="None">
      <location x="444" y="289" />
      <size width="60" height="30" />
    </place>
    <place id="id6" name="p4" initialmarking="0" portdir="None">
      <location x="968" y="286" />
      <size width="60" height="30" />
    </place>
    <place id="id7" name="p5" initialmarking="0" portdir="None">
      <location x="624" y="289" />
      <size width="60" height="30" />
    </place>
    <place id="id8" name="p6" initialmarking="0" portdir="None">
      <location x="796" y="282" />
      <size width="60" height="30" />
    </place>
    <place id="id29" name="p6" initialmarking="0" portdir="None">
      <location x="776" y="189" />
      <size width="60" height="30" />
    </place>
    <place id="id2" name="外来患者到着" initialmarking="1" portdir="None">
      <location x="246" y="289" />
      <size width="60" height="30" />
    </place>
    <transition id="id3" name="診察" portdir="None">
      <location x="348" y="293" />
      <size width="70" height="30" />
    </transition>
    <transition id="id5" name="入院" portdir="None">
      <location x="710" y="422" />
      <size width="70" height="30" />
    </transition>
    <transition id="id9" name="処方箋送信" portdir="None">
      <location x="713" y="287" />
      <size width="70" height="30" />
    </transition>
    <transition id="id10" name="受理＆診察終了" portdir="None">
      <location x="880" y="284" />
      <size width="70" height="30" />
    </transition>
    <transition id="id11" name="不受理" portdir="None">
      <location x="883" y="235" />
      <size width="70" height="30" />
    </transition>
    <transition id="id12" name="検査依頼" portdir="None">
      <location x="356" y="340" />
      <size width="70" height="30" />
    </transition>
    <transition id="id13" name="処方箋作成" portdir="None">
      <location x="532" y="290" />
      <size width="70" height="30" />
    </transition>
    <transition id="id31" name="再処方" portdir="None">
      <location x="655" y="211" />
      <size width="50" height="20" />
    </transition>
    <transition id="id32" name="再診療" portdir="None">
      <location x="654" y="163" />
      <size width="50" height="20" />
    </transition>
    <arc id="id17" source="id3" target="id4" delay="0" weight="1">
      <points>
        <point x="383" y="289" />
        <point x="414" y="289" />
      </points>
    </arc>
    <arc id="id18" source="id4" target="id12" delay="0" weight="1">
      <points>
        <point x="419" y="296" />
        <point x="391" y="325" />
      </points>
    </arc>
    <arc id="id20" source="id4" target="id5" delay="0" weight="1">
      <points>
        <point x="470" y="295" />
        <point x="675" y="407" />
      </points>
    </arc>
    <arc id="id21" source="id5" target="id6" delay="0" weight="1">
      <points>
        <point x="745" y="407" />
        <point x="942" y="293" />
      </points>
    </arc>
    <arc id="id22" source="id4" target="id13" delay="0" weight="1">
      <points>
        <point x="473" y="289" />
        <point x="497" y="289" />
      </points>
    </arc>
    <arc id="id23" source="id13" target="id7" delay="0" weight="1">
      <points>
        <point x="567" y="289" />
        <point x="594" y="289" />
      </points>
    </arc>
    <arc id="id24" source="id7" target="id9" delay="0" weight="1">
      <points>
        <point x="653" y="289" />
        <point x="678" y="289" />
      </points>
    </arc>
    <arc id="id25" source="id9" target="id8" delay="0" weight="1">
      <points>
        <point x="748" y="282" />
        <point x="766" y="282" />
      </points>
    </arc>
    <arc id="id26" source="id8" target="id10" delay="0" weight="1">
      <points>
        <point x="825" y="282" />
        <point x="845" y="282" />
      </points>
    </arc>
    <arc id="id27" source="id10" target="id6" delay="0" weight="1">
      <points>
        <point x="915" y="286" />
        <point x="938" y="286" />
      </points>
    </arc>
    <arc id="id28" source="id8" target="id11" delay="0" weight="1">
      <points>
        <point x="822" y="275" />
        <point x="848" y="250" />
      </points>
    </arc>
    <arc id="id30" source="id11" target="id29" delay="0" weight="1">
      <points>
        <point x="848" y="220" />
        <point x="803" y="194" />
      </points>
    </arc>
    <arc id="id33" source="id29" target="id32" delay="0" weight="1">
      <points>
        <point x="747" y="186" />
        <point x="679" y="173" />
      </points>
    </arc>
    <arc id="id34" source="id29" target="id31" delay="0" weight="1">
      <points>
        <point x="747" y="191" />
        <point x="680" y="201" />
      </points>
    </arc>
    <arc id="id35" source="id31" target="id4" delay="0" weight="1">
      <points>
        <point x="630" y="221" />
        <point x="472" y="284" />
      </points>
    </arc>
    <arc id="id16" source="id2" target="id3" delay="0" weight="1">
      <points>
        <point x="275" y="289" />
        <point x="313" y="289" />
      </points>
    </arc>
    <arc id="id36" source="id32" target="id2" delay="0" weight="1">
      <points>
        <point x="629" y="173" />
        <point x="274" y="285" />
      </points>
    </arc>
    <arc id="id19" source="id12" target="id2" delay="0" weight="1">
      <points>
        <point x="321" y="325" />
        <point x="273" y="295" />
      </points>
    </arc>
  </page>
</petrinet>