﻿<?xml version="1.0" encoding="utf-8"?>
<petrinet name="main">
  <page id="main.page0" name="main.page0">
    <place id="id0" name="p7" initialmarking="0" portdir="None">
      <location x="312" y="42" />
      <size width="60" height="30" />
    </place>
    <place id="id1" name="p9" initialmarking="0" portdir="None">
      <location x="235" y="137" />
      <size width="60" height="30" />
    </place>
    <place id="id2" name="p8" initialmarking="0" portdir="None">
      <location x="306" y="137" />
      <size width="60" height="30" />
    </place>
    <place id="id3" name="p1" initialmarking="1" portdir="None">
      <location x="374" y="143" />
      <size width="60" height="30" />
    </place>
    <place id="id4" name="pb" initialmarking="0" portdir="None">
      <location x="236" y="265" />
      <size width="60" height="30" />
    </place>
    <place id="id5" name="pa" initialmarking="0" portdir="None">
      <location x="299" y="261" />
      <size width="60" height="30" />
    </place>
    <place id="id6" name="p2" initialmarking="0" portdir="None">
      <location x="384" y="265" />
      <size width="60" height="30" />
    </place>
    <place id="id7" name="p3" initialmarking="0" portdir="None">
      <location x="329" y="397" />
      <size width="60" height="30" />
    </place>
    <place id="id8" name="p4" initialmarking="0" portdir="None">
      <location x="118" y="362" />
      <size width="60" height="30" />
    </place>
    <place id="id9" name="p5" initialmarking="0" portdir="None">
      <location x="120" y="153" />
      <size width="60" height="30" />
    </place>
    <place id="id10" name="p6" initialmarking="0" portdir="None">
      <location x="32" y="145" />
      <size width="60" height="30" />
    </place>
    <place id="id11" name="pc" initialmarking="1" portdir="None">
      <location x="50" y="368" />
      <size width="60" height="30" />
    </place>
    <place id="id47" name="pi" initialmarking="1" portdir="None">
      <location x="507" y="227" />
      <size width="60" height="30" />
    </place>
    <place id="id48" name="pg" initialmarking="0" portdir="None">
      <location x="659" y="154" />
      <size width="60" height="30" />
    </place>
    <place id="id49" name="ph" initialmarking="0" portdir="None">
      <location x="478" y="126" />
      <size width="60" height="30" />
    </place>
    <place id="id53" name="pf" initialmarking="0" portdir="None">
      <location x="453" y="327" />
      <size width="60" height="30" />
    </place>
    <place id="id54" name="pd" initialmarking="1" portdir="None">
      <location x="465" y="415" />
      <size width="60" height="30" />
    </place>
    <place id="id55" name="pe" initialmarking="0" portdir="None">
      <location x="702" y="344" />
      <size width="60" height="30" />
    </place>
    <transition id="id12" name="t" portdir="None">
      <location x="94" y="71" />
      <size width="50" height="20" />
    </transition>
    <transition id="id13" name="t" portdir="None">
      <location x="89" y="266" />
      <size width="50" height="20" />
    </transition>
    <transition id="id14" name="t" portdir="None">
      <location x="97" y="452" />
      <size width="50" height="20" />
    </transition>
    <transition id="id15" name="t" portdir="None">
      <location x="350" y="335" />
      <size width="50" height="20" />
    </transition>
    <transition id="id16" name="t" portdir="None">
      <location x="272" y="331" />
      <size width="50" height="20" />
    </transition>
    <transition id="id17" name="t" portdir="None">
      <location x="365" y="208" />
      <size width="50" height="20" />
    </transition>
    <transition id="id18" name="t" portdir="None">
      <location x="279" y="202" />
      <size width="50" height="20" />
    </transition>
    <transition id="id19" name="t" portdir="None">
      <location x="358" y="91" />
      <size width="50" height="20" />
    </transition>
    <transition id="id20" name="t" portdir="None">
      <location x="266" y="89" />
      <size width="50" height="20" />
    </transition>
    <transition id="id50" name="t" portdir="None">
      <location x="583" y="94" />
      <size width="50" height="20" />
    </transition>
    <transition id="id51" name="t" portdir="None">
      <location x="590" y="254" />
      <size width="50" height="20" />
    </transition>
    <transition id="id52" name="t" portdir="None">
      <location x="602" y="417" />
      <size width="50" height="20" />
    </transition>
    <arc id="id21" source="id0" target="id19" delay="0" weight="1">
      <points>
        <point x="332" y="52" />
        <point x="333" y="81" />
      </points>
    </arc>
    <arc id="id22" source="id19" target="id3" delay="0" weight="1">
      <points>
        <point x="374" y="101" />
        <point x="374" y="128" />
      </points>
    </arc>
    <arc id="id23" source="id3" target="id17" delay="0" weight="1">
      <points>
        <point x="370" y="157" />
        <point x="370" y="198" />
      </points>
    </arc>
    <arc id="id24" source="id17" target="id6" delay="0" weight="1">
      <points>
        <point x="384" y="218" />
        <point x="384" y="250" />
      </points>
    </arc>
    <arc id="id25" source="id6" target="id15" delay="0" weight="1">
      <points>
        <point x="371" y="278" />
        <point x="371" y="325" />
      </points>
    </arc>
    <arc id="id26" source="id15" target="id7" delay="0" weight="1">
      <points>
        <point x="329" y="345" />
        <point x="329" y="382" />
      </points>
    </arc>
    <arc id="id27" source="id0" target="id20" delay="0" weight="1">
      <points>
        <point x="292" y="52" />
        <point x="291" y="79" />
      </points>
    </arc>
    <arc id="id28" source="id20" target="id2" delay="0" weight="1">
      <points>
        <point x="291" y="99" />
        <point x="295" y="124" />
      </points>
    </arc>
    <arc id="id29" source="id20" target="id1" delay="0" weight="1">
      <points>
        <point x="241" y="99" />
        <point x="239" y="123" />
      </points>
    </arc>
    <arc id="id30" source="id1" target="id18" delay="0" weight="1">
      <points>
        <point x="251" y="149" />
        <point x="254" y="192" />
      </points>
    </arc>
    <arc id="id31" source="id2" target="id18" delay="0" weight="1">
      <points>
        <point x="295" y="150" />
        <point x="295" y="192" />
      </points>
    </arc>
    <arc id="id32" source="id18" target="id5" delay="0" weight="1">
      <points>
        <point x="299" y="212" />
        <point x="299" y="246" />
      </points>
    </arc>
    <arc id="id33" source="id18" target="id4" delay="0" weight="1">
      <points>
        <point x="254" y="212" />
        <point x="245" y="251" />
      </points>
    </arc>
    <arc id="id34" source="id4" target="id16" delay="0" weight="1">
      <points>
        <point x="250" y="278" />
        <point x="250" y="321" />
      </points>
    </arc>
    <arc id="id35" source="id5" target="id16" delay="0" weight="1">
      <points>
        <point x="289" y="274" />
        <point x="289" y="321" />
      </points>
    </arc>
    <arc id="id36" source="id16" target="id7" delay="0" weight="1">
      <points>
        <point x="297" y="341" />
        <point x="315" y="384" />
      </points>
    </arc>
    <arc id="id37" source="id7" target="id14" delay="0" weight="1">
      <points>
        <point x="300" y="400" />
        <point x="122" y="442" />
      </points>
    </arc>
    <arc id="id38" source="id14" target="id8" delay="0" weight="1">
      <points>
        <point x="118" y="442" />
        <point x="118" y="377" />
      </points>
    </arc>
    <arc id="id39" source="id8" target="id13" delay="0" weight="1">
      <points>
        <point x="110" y="348" />
        <point x="110" y="276" />
      </points>
    </arc>
    <arc id="id40" source="id13" target="id11" delay="0" weight="1">
      <points>
        <point x="64" y="276" />
        <point x="54" y="354" />
      </points>
    </arc>
    <arc id="id41" source="id11" target="id14" delay="0" weight="1">
      <points>
        <point x="64" y="381" />
        <point x="72" y="442" />
      </points>
    </arc>
    <arc id="id42" source="id13" target="id9" delay="0" weight="1">
      <points>
        <point x="114" y="256" />
        <point x="119" y="167" />
      </points>
    </arc>
    <arc id="id43" source="id13" target="id10" delay="0" weight="1">
      <points>
        <point x="64" y="256" />
        <point x="40" y="159" />
      </points>
    </arc>
    <arc id="id44" source="id9" target="id12" delay="0" weight="1">
      <points>
        <point x="111" y="139" />
        <point x="111" y="81" />
      </points>
    </arc>
    <arc id="id45" source="id10" target="id12" delay="0" weight="1">
      <points>
        <point x="51" y="134" />
        <point x="69" y="81" />
      </points>
    </arc>
    <arc id="id46" source="id12" target="id0" delay="0" weight="1">
      <points>
        <point x="119" y="61" />
        <point x="283" y="43" />
      </points>
    </arc>
    <arc id="id56" source="id15" target="id54" delay="0" weight="1">
      <points>
        <point x="375" y="345" />
        <point x="442" y="406" />
      </points>
    </arc>
    <arc id="id57" source="id54" target="id52" delay="0" weight="1">
      <points>
        <point x="494" y="415" />
        <point x="577" y="415" />
      </points>
    </arc>
    <arc id="id58" source="id52" target="id55" delay="0" weight="1">
      <points>
        <point x="627" y="407" />
        <point x="680" y="353" />
      </points>
    </arc>
    <arc id="id59" source="id55" target="id51" delay="0" weight="1">
      <points>
        <point x="679" y="335" />
        <point x="615" y="264" />
      </points>
    </arc>
    <arc id="id60" source="id51" target="id53" delay="0" weight="1">
      <points>
        <point x="565" y="264" />
        <point x="479" y="320" />
      </points>
    </arc>
    <arc id="id61" source="id53" target="id15" delay="0" weight="1">
      <points>
        <point x="424" y="328" />
        <point x="375" y="328" />
      </points>
    </arc>
    <arc id="id62" source="id17" target="id47" delay="0" weight="1">
      <points>
        <point x="390" y="218" />
        <point x="478" y="226" />
      </points>
    </arc>
    <arc id="id63" source="id47" target="id51" delay="0" weight="1">
      <points>
        <point x="535" y="231" />
        <point x="565" y="244" />
      </points>
    </arc>
    <arc id="id64" source="id51" target="id48" delay="0" weight="1">
      <points>
        <point x="615" y="244" />
        <point x="646" y="167" />
      </points>
    </arc>
    <arc id="id65" source="id48" target="id50" delay="0" weight="1">
      <points>
        <point x="636" y="145" />
        <point x="608" y="104" />
      </points>
    </arc>
    <arc id="id66" source="id50" target="id49" delay="0" weight="1">
      <points>
        <point x="558" y="104" />
        <point x="506" y="123" />
      </points>
    </arc>
    <arc id="id67" source="id49" target="id17" delay="0" weight="1">
      <points>
        <point x="454" y="134" />
        <point x="390" y="198" />
      </points>
    </arc>
  </page>
</petrinet>