﻿<?xml version="1.0" encoding="utf-8"?>
<petrinet name="main">
  <page id="main.page0" name="main.page0">
    <place id="id55" name="p1" initialmarking="1" portdir="None">
      <location x="454" y="173" />
      <size width="60" height="30" />
    </place>
    <place id="id53" name="p3" initialmarking="0" portdir="None">
      <location x="379" y="175" />
      <size width="60" height="30" />
    </place>
    <place id="id48" name="p4" initialmarking="0" portdir="None">
      <location x="383" y="284" />
      <size width="60" height="30" />
    </place>
    <place id="id47" name="p2" initialmarking="1" portdir="None">
      <location x="460" y="281" />
      <size width="60" height="30" />
    </place>
    <place id="id6" name="p5" initialmarking="0" portdir="None">
      <location x="289" y="229" />
      <size width="60" height="30" />
    </place>
    <transition id="id4" name="t" portdir="None">
      <location x="384" y="228" />
      <size width="50" height="20" />
    </transition>
    <transition id="id17" name="t" portdir="None">
      <location x="383" y="344" />
      <size width="50" height="20" />
    </transition>
    <transition id="id15" name="t" portdir="None">
      <location x="379" y="121" />
      <size width="50" height="20" />
    </transition>
    <arc id="id0" source="id55" target="id4" delay="0" weight="1">
      <points>
        <point x="431" y="182" />
        <point x="409" y="218" />
      </points>
    </arc>
    <arc id="id14" source="id53" target="id15" delay="0" weight="1">
      <points>
        <point x="379" y="160" />
        <point x="379" y="131" />
      </points>
    </arc>
    <arc id="id1" source="id4" target="id53" delay="0" weight="1">
      <points>
        <point x="379" y="218" />
        <point x="379" y="190" />
      </points>
    </arc>
    <arc id="id12" source="id4" target="id48" delay="0" weight="1">
      <points>
        <point x="383" y="238" />
        <point x="383" y="269" />
      </points>
    </arc>
    <arc id="id11" source="id47" target="id4" delay="0" weight="1">
      <points>
        <point x="436" y="273" />
        <point x="409" y="238" />
      </points>
    </arc>
    <arc id="id10" source="id17" target="id47" delay="0" weight="1">
      <points>
        <point x="408" y="334" />
        <point x="439" y="291" />
      </points>
    </arc>
    <arc id="id25" source="id6" target="id15" delay="0" weight="1">
      <points>
        <point x="308" y="218" />
        <point x="354" y="131" />
      </points>
    </arc>
    <arc id="id24" source="id17" target="id6" delay="0" weight="1">
      <points>
        <point x="358" y="334" />
        <point x="305" y="241" />
      </points>
    </arc>
    <arc id="id2" source="id48" target="id17" delay="0" weight="1">
      <points>
        <point x="383" y="299" />
        <point x="383" y="334" />
      </points>
    </arc>
    <arc id="id3" source="id15" target="id55" delay="0" weight="1">
      <points>
        <point x="404" y="131" />
        <point x="432" y="164" />
      </points>
    </arc>
  </page>
</petrinet>