﻿<?xml version="1.0" encoding="utf-8"?>
<petrinet name="main">
  <page id="main.page0" name="main.page0">
    <place id="id0" name="p1" initialmarking="1" portdir="None">
      <location x="161" y="709" />
      <size width="60" height="30" />
    </place>
    <place id="id4" name="p2" initialmarking="0" portdir="None">
      <location x="373" y="359" />
      <size width="60" height="30" />
    </place>
    <place id="id5" name="p3" initialmarking="0" portdir="None">
      <location x="366" y="444" />
      <size width="60" height="30" />
    </place>
    <place id="id6" name="p6" initialmarking="0" portdir="None">
      <location x="613" y="507" />
      <size width="60" height="30" />
    </place>
    <place id="id7" name="p7" initialmarking="0" portdir="None">
      <location x="601" y="569" />
      <size width="60" height="30" />
    </place>
    <place id="id8" name="p4" initialmarking="0" portdir="None">
      <location x="360" y="508" />
      <size width="60" height="30" />
    </place>
    <place id="id9" name="p5" initialmarking="0" portdir="None">
      <location x="360" y="579" />
      <size width="60" height="30" />
    </place>
    <transition id="id1" name="t1" portdir="None">
      <location x="274" y="453" />
      <size width="50" height="20" />
    </transition>
    <transition id="id2" name="t2" portdir="None">
      <location x="268" y="589" />
      <size width="50" height="20" />
    </transition>
    <transition id="id3" name="t7" portdir="None">
      <location x="737" y="727" />
      <size width="50" height="20" />
    </transition>
    <transition id="id10" name="t3" portdir="None">
      <location x="481" y="359" />
      <size width="50" height="20" />
    </transition>
    <transition id="id11" name="t4" portdir="None">
      <location x="479" y="438" />
      <size width="50" height="20" />
    </transition>
    <transition id="id12" name="t5" portdir="None">
      <location x="467" y="510" />
      <size width="50" height="20" />
    </transition>
    <transition id="id13" name="t6" portdir="None">
      <location x="465" y="564" />
      <size width="50" height="20" />
    </transition>
    <arc id="id14" source="id0" target="id1" delay="0" weight="1">
      <points>
        <point x="173" y="696" />
        <point x="249" y="463" />
      </points>
    </arc>
    <arc id="id15" source="id1" target="id4" delay="0" weight="1">
      <points>
        <point x="299" y="443" />
        <point x="354" y="370" />
      </points>
    </arc>
    <arc id="id16" source="id4" target="id10" delay="0" weight="1">
      <points>
        <point x="403" y="359" />
        <point x="456" y="359" />
      </points>
    </arc>
    <arc id="id17" source="id1" target="id5" delay="0" weight="1">
      <points>
        <point x="299" y="444" />
        <point x="336" y="444" />
      </points>
    </arc>
    <arc id="id19" source="id0" target="id2" delay="0" weight="1">
      <points>
        <point x="180" y="698" />
        <point x="243" y="599" />
      </points>
    </arc>
    <arc id="id20" source="id2" target="id8" delay="0" weight="1">
      <points>
        <point x="293" y="579" />
        <point x="340" y="518" />
      </points>
    </arc>
    <arc id="id21" source="id2" target="id9" delay="0" weight="1">
      <points>
        <point x="293" y="579" />
        <point x="330" y="579" />
      </points>
    </arc>
    <arc id="id23" source="id9" target="id13" delay="0" weight="1">
      <points>
        <point x="389" y="577" />
        <point x="440" y="574" />
      </points>
    </arc>
    <arc id="id24" source="id13" target="id7" delay="0" weight="1">
      <points>
        <point x="490" y="569" />
        <point x="571" y="569" />
      </points>
    </arc>
    <arc id="id27" source="id10" target="id6" delay="0" weight="1">
      <points>
        <point x="506" y="369" />
        <point x="595" y="496" />
      </points>
    </arc>
    <arc id="id28" source="id6" target="id3" delay="0" weight="1">
      <points>
        <point x="627" y="520" />
        <point x="712" y="717" />
      </points>
    </arc>
    <arc id="id29" source="id7" target="id3" delay="0" weight="1">
      <points>
        <point x="620" y="580" />
        <point x="712" y="717" />
      </points>
    </arc>
    <arc id="id30" source="id3" target="id0" delay="0" weight="1">
      <points>
        <point x="712" y="717" />
        <point x="190" y="709" />
      </points>
    </arc>
    <arc id="id18" source="id8" target="id12" delay="0" weight="1">
      <points>
        <point x="389" y="508" />
        <point x="442" y="508" />
      </points>
    </arc>
    <arc id="id22" source="id5" target="id11" delay="0" weight="1">
      <points>
        <point x="395" y="444" />
        <point x="454" y="444" />
      </points>
    </arc>
    <arc id="id25" source="id11" target="id7" delay="0" weight="1">
      <points>
        <point x="504" y="448" />
        <point x="583" y="558" />
      </points>
    </arc>
    <arc id="id26" source="id12" target="id6" delay="0" weight="1">
      <points>
        <point x="492" y="507" />
        <point x="583" y="507" />
      </points>
    </arc>
  </page>
</petrinet>