﻿<?xml version="1.0" encoding="utf-8"?>
<petrinet name="main">
  <page id="main.page0" name="main.page0">
    <place id="id0" name="p" initialmarking="0" portdir="In">
      <location x="190" y="71" />
      <size width="60" height="30" />
    </place>
    <transition id="id1" name="t" portdir="Out">
      <location x="193" y="153" />
      <size width="50" height="20" />
    </transition>
    <arc id="id2" source="id0" target="id1" delay="0" weight="1">
      <points>
        <point x="191" y="85" />
        <point x="191" y="143" />
      </points>
    </arc>
  </page>
  <page id="main.page1" name="main.page1">
    <subpage id="id0" original="main.page0" name="main.page0">
      <location x="259" y="80" />
      <size width="50" height="70" />
      <port id="id0.port0" name="p" originalid="id0" type="place" initialMarking="0">
        <location x="214" y="80" />
        <size width="30" height="30" />
      </port>
      <port id="id0.port1" name="t" originalid="id1" type="transition">
        <location x="304" y="80" />
        <size width="30" height="30" />
      </port>
    </subpage>
    <subpage id="id1" original="main.page0" name="main.page0">
      <location x="275" y="228" />
      <size width="50" height="70" />
      <port id="id1.port0" name="p" originalid="id0" type="place" initialMarking="0">
        <location x="333" y="230" />
        <size width="30" height="30" />
      </port>
      <port id="id1.port1" name="t" originalid="id1" type="transition">
        <location x="199" y="226" />
        <size width="30" height="30" />
      </port>
    </subpage>
    <arc id="id3" source="id0.port1" target="id1.port0" delay="0" weight="1">
      <points>
        <point x="319" y="95" />
        <point x="332" y="216" />
      </points>
    </arc>
  </page>
  <page id="main.page2" name="main.page2">
    <subpage id="id0" original="main.page1" name="main.page1">
      <location x="125" y="89" />
      <size width="50" height="70" />
      <port id="id0.port0" name="p" originalid="id0.port0" type="place" initialMarking="1">
        <location x="80" y="89" />
        <size width="30" height="30" />
      </port>
      <port id="id0.port1" name="t" originalid="id1.port1" type="transition">
        <location x="170" y="89" />
        <size width="30" height="30" />
      </port>
    </subpage>
    <subpage id="id1" original="main.page1" name="main.page1">
      <location x="94" y="219" />
      <size width="50" height="70" />
      <port id="id1.port0" name="p" originalid="id0.port0" type="place" initialMarking="0">
        <location x="49" y="219" />
        <size width="30" height="30" />
      </port>
      <port id="id1.port1" name="t" originalid="id1.port1" type="transition">
        <location x="139" y="219" />
        <size width="30" height="30" />
      </port>
    </subpage>
    <arc id="id2" source="id1.port1" target="id0.port0" delay="0" weight="1">
      <points>
        <point x="124" y="204" />
        <point x="85" y="103" />
      </points>
    </arc>
    <arc id="id3" source="id0.port1" target="id1.port0" delay="0" weight="1">
      <points>
        <point x="155" y="104" />
        <point x="59" y="208" />
      </points>
    </arc>
  </page>
</petrinet>