﻿<?xml version="1.0" encoding="utf-8"?>
<petrinet name="main">
  <page id="main.page0" name="main.page0">
    <place id="id0" name="p1" portdir="None" specifiedType="Bool" capacity="0">
      <initialMarking exp="1,true;&#xD;&#xA;1,false;" />
      <location x="84" y="104" />
      <size width="60" height="30" />
    </place>
    <place id="id4" name="p3" portdir="None" specifiedType="Bool" capacity="0">
      <initialMarking exp="" />
      <location x="317" y="149" />
      <size width="60" height="30" />
    </place>
    <place id="id5" name="p2" portdir="None" specifiedType="Bool" capacity="0">
      <initialMarking exp="" />
      <location x="315" y="61" />
      <size width="60" height="30" />
    </place>
    <transition id="id2" name="t1" portdir="None">
      <conditionalExp exp="if(a)b=a;&#xD;&#xA;else c=a;" />
      <location x="219" y="105" />
      <size width="50" height="20" />
    </transition>
    <arc id="id3" source="id0" target="id2" delay="0" weight="1" variableLabel="a">
      <points>
        <probability1 average1="0" variance1="1" freedom1="2" lambda1="1" rate1="100" probdist1="none" />
        <probability2 average2="0" variance2="1" freedom2="2" lambda2="1" rate2="0" probdist2="none" />
        <probability3 average3="0" variance3="1" freedom3="2" lambda3="1" rate3="0" probdist3="none" />
        <probability4 average4="0" variance4="1" freedom4="2" lambda4="1" rate4="0" probdist4="none" />
        <probability5 average5="0" variance5="1" freedom5="2" lambda5="1" rate5="0" probdist5="none" />
        <point x="113" y="104" />
        <point x="194" y="104" />
      </points>
    </arc>
    <arc id="id6" source="id2" target="id5" delay="0" weight="1" variableLabel="b">
      <points>
        <probability1 average1="0" variance1="1" freedom1="2" lambda1="1" rate1="100" probdist1="none" />
        <probability2 average2="0" variance2="1" freedom2="2" lambda2="1" rate2="0" probdist2="none" />
        <probability3 average3="0" variance3="1" freedom3="2" lambda3="1" rate3="0" probdist3="none" />
        <probability4 average4="0" variance4="1" freedom4="2" lambda4="1" rate4="0" probdist4="none" />
        <probability5 average5="0" variance5="1" freedom5="2" lambda5="1" rate5="0" probdist5="none" />
        <point x="244" y="95" />
        <point x="288" y="67" />
      </points>
    </arc>
    <arc id="id7" source="id2" target="id4" delay="0" weight="1" variableLabel="c">
      <points>
        <probability1 average1="0" variance1="1" freedom1="2" lambda1="1" rate1="100" probdist1="none" />
        <probability2 average2="0" variance2="1" freedom2="2" lambda2="1" rate2="0" probdist2="none" />
        <probability3 average3="0" variance3="1" freedom3="2" lambda3="1" rate3="0" probdist3="none" />
        <probability4 average4="0" variance4="1" freedom4="2" lambda4="1" rate4="0" probdist4="none" />
        <probability5 average5="0" variance5="1" freedom5="2" lambda5="1" rate5="0" probdist5="none" />
        <point x="244" y="115" />
        <point x="290" y="143" />
      </points>
    </arc>
  </page>
</petrinet>