﻿<?xml version="1.0" encoding="utf-8"?>
<petrinet name="Untitled">
  <page id="page0" name="page0">
    <place id="id4" name="p1" initialmarking="1" portdir="None" capacity="0">
      <location x="233" y="96" />
      <size width="50" height="30" />
    </place>
    <place id="id5" name="p3" initialmarking="0" portdir="None" capacity="0">
      <location x="228" y="313" />
      <size width="50" height="30" />
    </place>
    <place id="id6" name="p2" initialmarking="0" portdir="None" capacity="0">
      <location x="99" y="200" />
      <size width="50" height="30" />
    </place>
    <transition id="id0" name="t0" portdir="None">
      <location x="372" y="219" />
      <size width="50" height="20" />
    </transition>
    <transition id="id1" name="t1" portdir="None">
      <location x="234" y="205" />
      <size width="50" height="20" />
    </transition>
    <transition id="id2" name="t2" portdir="None">
      <location x="101" y="317" />
      <size width="50" height="20" />
    </transition>
    <transition id="id3" name="t3" portdir="None">
      <location x="95" y="93" />
      <size width="50" height="20" />
    </transition>
    <arc id="id7" source="id4" target="id0" delay="0" weight="1">
      <points>
        <point x="251" y="105" />
        <point x="347" y="209" />
      </points>
    </arc>
    <arc id="id8" source="id5" target="id0" delay="0" weight="1">
      <points>
        <point x="248" y="305" />
        <point x="347" y="229" />
      </points>
    </arc>
    <arc id="id9" source="id4" target="id1" delay="0" weight="1">
      <points>
        <point x="233" y="110" />
        <point x="233" y="195" />
      </points>
    </arc>
    <arc id="id10" source="id1" target="id5" delay="0" weight="1">
      <points>
        <point x="228" y="215" />
        <point x="228" y="298" />
      </points>
    </arc>
    <arc id="id11" source="id3" target="id6" delay="0" weight="1">
      <points>
        <point x="99" y="103" />
        <point x="99" y="185" />
      </points>
    </arc>
    <arc id="id12" source="id6" target="id2" delay="0" weight="1">
      <points>
        <point x="99" y="214" />
        <point x="99" y="307" />
      </points>
    </arc>
    <arc id="id13" source="id4" target="id3" delay="0" weight="1">
      <points>
        <point x="213" y="88" />
        <point x="155" y="44" />
        <point x="120" y="88" />
      </points>
    </arc>
    <arc id="id14" source="id3" target="id4" delay="0" weight="1">
      <points>
        <point x="120" y="103" />
        <point x="162" y="134" />
        <point x="209" y="96" />
      </points>
    </arc>
    <arc id="id15" source="id5" target="id2" delay="0" weight="1">
      <points>
        <point x="208" y="305" />
        <point x="165" y="271" />
        <point x="126" y="307" />
      </points>
    </arc>
    <arc id="id16" source="id2" target="id5" delay="0" weight="1">
      <points>
        <point x="126" y="327" />
        <point x="175" y="352" />
        <point x="204" y="315" />
      </points>
    </arc>
  </page>
</petrinet>