﻿<?xml version="1.0" encoding="utf-8"?>
<petrinet name="Untitled">
  <page id="page0" name="a">
    <place id="id0" name="p2" initialmarking="1" portdir="None" capacity="0">
      <location x="280" y="81" />
      <size width="50" height="30" />
    </place>
    <place id="id1" name="p3" initialmarking="0" portdir="None" capacity="0">
      <location x="190" y="241" />
      <size width="50" height="30" />
    </place>
    <place id="id2" name="p1" initialmarking="0" portdir="None" capacity="0">
      <location x="347" y="239" />
      <size width="50" height="30" />
    </place>
    <place id="id7" name="p4" initialmarking="0" portdir="None" capacity="0">
      <location x="198" y="398" />
      <size width="50" height="30" />
    </place>
    <transition id="id3" name="t3" portdir="None">
      <location x="261" y="191" />
      <size width="50" height="20" />
    </transition>
    <transition id="id4" name="t2" portdir="None">
      <location x="200" y="309" />
      <size width="50" height="20" />
    </transition>
    <transition id="id5" name="t1" portdir="None">
      <location x="114" y="315" />
      <size width="50" height="20" />
    </transition>
    <transition id="id6" name="t4" portdir="None">
      <location x="347" y="390" />
      <size width="50" height="20" />
    </transition>
    <arc id="id8" source="id0" target="id3" delay="0" weight="1">
      <points>
        <point x="276" y="95" />
        <point x="276" y="181" />
      </points>
    </arc>
    <arc id="id9" source="id3" target="id1" delay="0" weight="1">
      <points>
        <point x="236" y="201" />
        <point x="208" y="232" />
      </points>
    </arc>
    <arc id="id10" source="id3" target="id2" delay="0" weight="1">
      <points>
        <point x="286" y="201" />
        <point x="326" y="232" />
      </points>
    </arc>
    <arc id="id11" source="id1" target="id5" delay="0" weight="1">
      <points>
        <point x="173" y="251" />
        <point x="139" y="305" />
      </points>
    </arc>
    <arc id="id12" source="id1" target="id4" delay="0" weight="1">
      <points>
        <point x="193" y="255" />
        <point x="193" y="299" />
      </points>
    </arc>
    <arc id="id13" source="id4" target="id7" delay="0" weight="1">
      <points>
        <point x="198" y="319" />
        <point x="198" y="383" />
      </points>
    </arc>
    <arc id="id14" source="id7" target="id5" delay="0" weight="1">
      <points>
        <point x="181" y="388" />
        <point x="139" y="325" />
      </points>
    </arc>
    <arc id="id15" source="id7" target="id6" delay="0" weight="1">
      <points>
        <point x="222" y="398" />
        <point x="322" y="398" />
      </points>
    </arc>
    <arc id="id16" source="id6" target="id2" delay="0" weight="1">
      <points>
        <point x="322" y="380" />
        <point x="320" y="296" />
        <point x="343" y="253" />
      </points>
    </arc>
    <arc id="id17" source="id2" target="id6" delay="0" weight="1">
      <points>
        <point x="348" y="253" />
        <point x="352" y="338" />
        <point x="348" y="380" />
      </points>
    </arc>
    <arc id="id18" source="id6" target="id0" delay="0" weight="1">
      <points>
        <point x="372" y="400" />
        <point x="414" y="401" />
        <point x="393" y="97" />
        <point x="286" y="95" />
      </points>
    </arc>
    <arc id="id19" source="id5" target="id0" delay="0" weight="1">
      <points>
        <point x="89" y="305" />
        <point x="86" y="97" />
        <point x="264" y="92" />
      </points>
    </arc>
  </page>
  <page id="page1" name="b">
    <place id="id0" name="p3" initialmarking="0" portdir="None" capacity="0">
      <location x="63" y="140" />
      <size width="50" height="30" />
    </place>
    <place id="id1" name="p4" initialmarking="1" portdir="None" capacity="0">
      <location x="197" y="146" />
      <size width="50" height="30" />
    </place>
    <place id="id2" name="p1" initialmarking="0" portdir="None" capacity="0">
      <location x="164" y="327" />
      <size width="50" height="30" />
    </place>
    <place id="id3" name="p2" initialmarking="1" portdir="None" capacity="0">
      <location x="285" y="333" />
      <size width="50" height="30" />
    </place>
    <place id="id4" name="p5" initialmarking="0" portdir="None" capacity="0">
      <location x="441" y="212" />
      <size width="50" height="30" />
    </place>
    <transition id="id5" name="t3" portdir="None">
      <location x="118" y="73" />
      <size width="50" height="20" />
    </transition>
    <transition id="id6" name="t4" portdir="None">
      <location x="117" y="204" />
      <size width="50" height="20" />
    </transition>
    <transition id="id7" name="t1" portdir="None">
      <location x="279" y="219" />
      <size width="50" height="20" />
    </transition>
    <transition id="id8" name="t2" portdir="None">
      <location x="351" y="294" />
      <size width="50" height="20" />
    </transition>
    <transition id="id9" name="t5" portdir="None">
      <location x="245" y="404" />
      <size width="50" height="20" />
    </transition>
    <arc id="id10" source="id0" target="id5" delay="0" weight="1">
      <points>
        <point x="74" y="127" />
        <point x="84" y="98" />
        <point x="93" y="83" />
      </points>
    </arc>
    <arc id="id11" source="id5" target="id1" delay="0" weight="1">
      <points>
        <point x="143" y="83" />
        <point x="164" y="105" />
        <point x="181" y="135" />
      </points>
    </arc>
    <arc id="id12" source="id1" target="id6" delay="0" weight="1">
      <points>
        <point x="177" y="154" />
        <point x="165" y="168" />
        <point x="142" y="194" />
      </points>
    </arc>
    <arc id="id13" source="id6" target="id0" delay="0" weight="1">
      <points>
        <point x="92" y="194" />
        <point x="87" y="179" />
        <point x="74" y="153" />
      </points>
    </arc>
    <arc id="id14" source="id7" target="id1" delay="0" weight="1">
      <points>
        <point x="254" y="209" />
        <point x="213" y="157" />
      </points>
    </arc>
    <arc id="id15" source="id3" target="id7" delay="0" weight="1">
      <points>
        <point x="284" y="319" />
        <point x="284" y="229" />
      </points>
    </arc>
    <arc id="id16" source="id4" target="id7" delay="0" weight="1">
      <points>
        <point x="417" y="212" />
        <point x="304" y="212" />
      </points>
    </arc>
    <arc id="id17" source="id4" target="id8" delay="0" weight="1">
      <points>
        <point x="423" y="222" />
        <point x="376" y="284" />
      </points>
    </arc>
    <arc id="id18" source="id8" target="id3" delay="0" weight="1">
      <points>
        <point x="326" y="304" />
        <point x="305" y="325" />
      </points>
    </arc>
    <arc id="id19" source="id9" target="id4" delay="0" weight="1">
      <points>
        <point x="270" y="395" />
        <point x="421" y="395" />
        <point x="424" y="222" />
      </points>
    </arc>
    <arc id="id20" source="id6" target="id2" delay="0" weight="1">
      <points>
        <point x="128" y="214" />
        <point x="128" y="231" />
        <point x="157" y="313" />
      </points>
    </arc>
    <arc id="id21" source="id2" target="id9" delay="0" weight="1">
      <points>
        <point x="182" y="337" />
        <point x="220" y="394" />
      </points>
    </arc>
    <arc id="id22" source="id3" target="id9" delay="0" weight="1">
      <points>
        <point x="273" y="346" />
        <point x="270" y="394" />
      </points>
    </arc>
  </page>
  <page id="page2" name="c">
    <place id="id0" name="p1" initialmarking="1" portdir="None" capacity="0">
      <location x="280" y="105" />
      <size width="50" height="30" />
    </place>
    <place id="id1" name="p2" initialmarking="0" portdir="None" capacity="0">
      <location x="218" y="207" />
      <size width="50" height="30" />
    </place>
    <place id="id2" name="p3" initialmarking="0" portdir="None" capacity="0">
      <location x="366" y="210" />
      <size width="50" height="30" />
    </place>
    <place id="id3" name="p5" initialmarking="0" portdir="None" capacity="0">
      <location x="366" y="366" />
      <size width="50" height="30" />
    </place>
    <place id="id4" name="p4" initialmarking="0" portdir="None" capacity="0">
      <location x="220" y="363" />
      <size width="50" height="30" />
    </place>
    <transition id="id5" name="t1" portdir="None">
      <location x="283" y="168" />
      <size width="50" height="20" />
    </transition>
    <transition id="id6" name="t2" portdir="None">
      <location x="217" y="288" />
      <size width="50" height="20" />
    </transition>
    <transition id="id7" name="t3" portdir="None">
      <location x="367" y="290" />
      <size width="50" height="20" />
    </transition>
    <transition id="id8" name="t4" portdir="None">
      <location x="292" y="419" />
      <size width="50" height="20" />
    </transition>
    <arc id="id9" source="id0" target="id5" delay="0" weight="1">
      <points>
        <point x="281" y="119" />
        <point x="281" y="158" />
      </points>
    </arc>
    <arc id="id10" source="id5" target="id1" delay="0" weight="1">
      <points>
        <point x="258" y="178" />
        <point x="238" y="199" />
      </points>
    </arc>
    <arc id="id11" source="id1" target="id6" delay="0" weight="1">
      <points>
        <point x="218" y="221" />
        <point x="218" y="278" />
      </points>
    </arc>
    <arc id="id12" source="id6" target="id4" delay="0" weight="1">
      <points>
        <point x="220" y="298" />
        <point x="220" y="348" />
      </points>
    </arc>
    <arc id="id13" source="id5" target="id2" delay="0" weight="1">
      <points>
        <point x="308" y="178" />
        <point x="345" y="203" />
      </points>
    </arc>
    <arc id="id14" source="id2" target="id7" delay="0" weight="1">
      <points>
        <point x="366" y="224" />
        <point x="366" y="280" />
      </points>
    </arc>
    <arc id="id15" source="id7" target="id3" delay="0" weight="1">
      <points>
        <point x="366" y="300" />
        <point x="366" y="351" />
      </points>
    </arc>
    <arc id="id16" source="id3" target="id8" delay="0" weight="1">
      <points>
        <point x="346" y="374" />
        <point x="317" y="409" />
      </points>
    </arc>
    <arc id="id17" source="id4" target="id8" delay="0" weight="1">
      <points>
        <point x="239" y="372" />
        <point x="267" y="409" />
      </points>
    </arc>
    <arc id="id18" source="id8" target="id1" delay="0" weight="1">
      <points>
        <point x="275" y="429" />
        <point x="275" y="440" />
        <point x="81" y="439" />
        <point x="89" y="208" />
        <point x="224" y="221" />
      </points>
    </arc>
    <arc id="id19" source="id8" target="id0" delay="0" weight="1">
      <points>
        <point x="300" y="429" />
        <point x="300" y="439" />
        <point x="482" y="438" />
        <point x="477" y="97" />
        <point x="281" y="119" />
      </points>
    </arc>
  </page>
  <page id="page3" name="d">
    <place id="id0" name="p1" initialmarking="1" portdir="None" capacity="0">
      <location x="234" y="117" />
      <size width="50" height="30" />
    </place>
    <place id="id1" name="p2" initialmarking="0" portdir="None" capacity="0">
      <location x="238" y="245" />
      <size width="50" height="30" />
    </place>
    <place id="id2" name="p4" initialmarking="0" portdir="None" capacity="0">
      <location x="326" y="379" />
      <size width="50" height="30" />
    </place>
    <place id="id3" name="p3" initialmarking="1" portdir="None" capacity="0">
      <location x="160" y="383" />
      <size width="50" height="30" />
    </place>
    <transition id="id4" name="t1" portdir="None">
      <location x="139" y="183" />
      <size width="50" height="20" />
    </transition>
    <transition id="id5" name="t2" portdir="None">
      <location x="322" y="186" />
      <size width="50" height="20" />
    </transition>
    <transition id="id6" name="t3" portdir="None">
      <location x="235" y="318" />
      <size width="50" height="20" />
    </transition>
    <transition id="id7" name="t4" portdir="None">
      <location x="250" y="451" />
      <size width="50" height="20" />
    </transition>
    <arc id="id12" source="id1" target="id6" delay="0" weight="1">
      <points>
        <point x="237" y="259" />
        <point x="237" y="308" />
      </points>
    </arc>
    <arc id="id8" source="id4" target="id0" delay="0" weight="1">
      <points>
        <point x="164" y="173" />
        <point x="215" y="126" />
      </points>
    </arc>
    <arc id="id9" source="id0" target="id5" delay="0" weight="1">
      <points>
        <point x="253" y="126" />
        <point x="297" y="176" />
      </points>
    </arc>
    <arc id="id10" source="id5" target="id1" delay="0" weight="1">
      <points>
        <point x="297" y="196" />
        <point x="257" y="236" />
      </points>
    </arc>
    <arc id="id11" source="id1" target="id4" delay="0" weight="1">
      <points>
        <point x="217" y="238" />
        <point x="164" y="193" />
      </points>
    </arc>
    <arc id="id13" source="id3" target="id6" delay="0" weight="1">
      <points>
        <point x="178" y="374" />
        <point x="210" y="328" />
      </points>
    </arc>
    <arc id="id14" source="id6" target="id2" delay="0" weight="1">
      <points>
        <point x="260" y="328" />
        <point x="307" y="370" />
      </points>
    </arc>
    <arc id="id15" source="id2" target="id7" delay="0" weight="1">
      <points>
        <point x="308" y="389" />
        <point x="275" y="441" />
      </points>
    </arc>
    <arc id="id16" source="id7" target="id3" delay="0" weight="1">
      <points>
        <point x="225" y="441" />
        <point x="178" y="392" />
      </points>
    </arc>
  </page>
  <page id="page4" name="e">
    <place id="id0" name="p2" initialmarking="0" portdir="None" capacity="0">
      <location x="162" y="143" />
      <size width="50" height="30" />
    </place>
    <place id="id5" name="p3" initialmarking="1" portdir="None" capacity="0">
      <location x="327" y="148" />
      <size width="50" height="30" />
    </place>
    <place id="id6" name="p4" initialmarking="1" portdir="None" capacity="0">
      <location x="171" y="382" />
      <size width="50" height="30" />
    </place>
    <place id="id7" name="p5" initialmarking="0" portdir="None" capacity="0">
      <location x="327" y="385" />
      <size width="50" height="30" />
    </place>
    <place id="id8" name="p1" initialmarking="0" portdir="None" capacity="0">
      <location x="163" y="265" />
      <size width="50" height="30" />
    </place>
    <transition id="id1" name="t1" portdir="None">
      <location x="242" y="87" />
      <size width="50" height="20" />
    </transition>
    <transition id="id2" name="t2" portdir="None">
      <location x="244" y="218" />
      <size width="50" height="20" />
    </transition>
    <transition id="id3" name="t3" portdir="None">
      <location x="252" y="319" />
      <size width="50" height="20" />
    </transition>
    <transition id="id4" name="t4" portdir="None">
      <location x="258" y="445" />
      <size width="50" height="20" />
    </transition>
    <arc id="id9" source="id0" target="id1" delay="0" weight="1">
      <points>
        <point x="182" y="135" />
        <point x="217" y="97" />
      </points>
    </arc>
    <arc id="id10" source="id1" target="id5" delay="0" weight="1">
      <points>
        <point x="267" y="97" />
        <point x="308" y="139" />
      </points>
    </arc>
    <arc id="id11" source="id5" target="id2" delay="0" weight="1">
      <points>
        <point x="308" y="157" />
        <point x="269" y="208" />
      </points>
    </arc>
    <arc id="id12" source="id2" target="id8" delay="0" weight="1">
      <points>
        <point x="219" y="228" />
        <point x="183" y="257" />
      </points>
    </arc>
    <arc id="id13" source="id2" target="id0" delay="0" weight="1">
      <points>
        <point x="219" y="208" />
        <point x="178" y="154" />
      </points>
    </arc>
    <arc id="id14" source="id8" target="id3" delay="0" weight="1">
      <points>
        <point x="184" y="272" />
        <point x="227" y="309" />
      </points>
    </arc>
    <arc id="id15" source="id3" target="id7" delay="0" weight="1">
      <points>
        <point x="277" y="329" />
        <point x="311" y="374" />
      </points>
    </arc>
    <arc id="id16" source="id7" target="id4" delay="0" weight="1">
      <points>
        <point x="309" y="394" />
        <point x="283" y="435" />
      </points>
    </arc>
    <arc id="id17" source="id4" target="id6" delay="0" weight="1">
      <points>
        <point x="233" y="435" />
        <point x="190" y="391" />
      </points>
    </arc>
    <arc id="id18" source="id6" target="id3" delay="0" weight="1">
      <points>
        <point x="190" y="373" />
        <point x="227" y="329" />
      </points>
    </arc>
  </page>
  <page id="page5" name="f">
    <place id="id0" name="p1" initialmarking="1" portdir="None" capacity="0">
      <location x="246" y="84" />
      <size width="50" height="30" />
    </place>
    <place id="id7" name="p3" initialmarking="0" portdir="None" capacity="0">
      <location x="351" y="267" />
      <size width="50" height="30" />
    </place>
    <place id="id6" name="p2" initialmarking="0" portdir="None" capacity="0">
      <location x="134" y="249" />
      <size width="50" height="30" />
    </place>
    <transition id="id1" name="t1" portdir="None">
      <location x="247" y="321" />
      <size width="50" height="20" />
    </transition>
    <transition id="id2" name="t2" portdir="None">
      <location x="135" y="154" />
      <size width="50" height="20" />
    </transition>
    <transition id="id3" name="t3" portdir="None">
      <location x="350" y="162" />
      <size width="50" height="20" />
    </transition>
    <transition id="id4" name="t4" portdir="None">
      <location x="136" y="349" />
      <size width="50" height="20" />
    </transition>
    <transition id="id5" name="t5" portdir="None">
      <location x="357" y="358" />
      <size width="50" height="20" />
    </transition>
    <arc id="id8" source="id0" target="id2" delay="0" weight="1">
      <points>
        <point x="225" y="92" />
        <point x="160" y="144" />
      </points>
    </arc>
    <arc id="id9" source="id0" target="id3" delay="0" weight="1">
      <points>
        <point x="266" y="93" />
        <point x="325" y="152" />
      </points>
    </arc>
    <arc id="id10" source="id1" target="id0" delay="0" weight="1">
      <points>
        <point x="246" y="311" />
        <point x="246" y="99" />
      </points>
    </arc>
    <arc id="id11" source="id2" target="id6" delay="0" weight="1">
      <points>
        <point x="134" y="164" />
        <point x="134" y="234" />
      </points>
    </arc>
    <arc id="id12" source="id6" target="id4" delay="0" weight="1">
      <points>
        <point x="134" y="263" />
        <point x="134" y="339" />
      </points>
    </arc>
    <arc id="id13" source="id6" target="id1" delay="0" weight="1">
      <points>
        <point x="155" y="257" />
        <point x="222" y="311" />
      </points>
    </arc>
    <arc id="id14" source="id3" target="id7" delay="0" weight="1">
      <points>
        <point x="351" y="172" />
        <point x="351" y="252" />
      </points>
    </arc>
    <arc id="id15" source="id7" target="id1" delay="0" weight="1">
      <points>
        <point x="329" y="273" />
        <point x="272" y="311" />
      </points>
    </arc>
    <arc id="id16" source="id7" target="id5" delay="0" weight="1">
      <points>
        <point x="352" y="281" />
        <point x="352" y="348" />
      </points>
    </arc>
    <arc id="id17" source="id5" target="id0" delay="0" weight="1">
      <points>
        <point x="382" y="348" />
        <point x="444" y="260" />
        <point x="402" y="94" />
        <point x="257" y="97" />
      </points>
    </arc>
    <arc id="id18" source="id4" target="id0" delay="0" weight="1">
      <points>
        <point x="111" y="339" />
        <point x="49" y="290" />
        <point x="67" y="99" />
        <point x="235" y="97" />
      </points>
    </arc>
  </page>
  <page id="page6" name="g">
    <place id="id0" name="p1" initialmarking="1" portdir="None" capacity="0">
      <location x="157" y="137" />
      <size width="50" height="30" />
    </place>
    <place id="id1" name="p2" initialmarking="0" portdir="None" capacity="0">
      <location x="359" y="136" />
      <size width="50" height="30" />
    </place>
    <place id="id2" name="p3" initialmarking="1" portdir="None" capacity="0">
      <location x="259" y="292" />
      <size width="50" height="30" />
    </place>
    <place id="id3" name="p4" initialmarking="0" portdir="None" capacity="0">
      <location x="361" y="287" />
      <size width="50" height="30" />
    </place>
    <place id="id4" name="p5" initialmarking="0" portdir="None" capacity="0">
      <location x="159" y="405" />
      <size width="50" height="30" />
    </place>
    <transition id="id5" name="t1" portdir="None">
      <location x="262" y="135" />
      <size width="50" height="20" />
    </transition>
    <transition id="id6" name="t3" portdir="None">
      <location x="361" y="212" />
      <size width="50" height="20" />
    </transition>
    <transition id="id7" name="t4" portdir="None">
      <location x="376" y="367" />
      <size width="50" height="20" />
    </transition>
    <transition id="id8" name="t2" portdir="None">
      <location x="151" y="211" />
      <size width="50" height="20" />
    </transition>
    <arc id="id9" source="id0" target="id5" delay="0" weight="1">
      <points>
        <point x="181" y="137" />
        <point x="237" y="137" />
      </points>
    </arc>
    <arc id="id10" source="id5" target="id1" delay="0" weight="1">
      <points>
        <point x="287" y="136" />
        <point x="334" y="136" />
      </points>
    </arc>
    <arc id="id11" source="id1" target="id8" delay="0" weight="1">
      <points>
        <point x="336" y="141" />
        <point x="176" y="201" />
      </points>
    </arc>
    <arc id="id12" source="id6" target="id1" delay="0" weight="1">
      <points>
        <point x="359" y="202" />
        <point x="359" y="151" />
      </points>
    </arc>
    <arc id="id13" source="id3" target="id6" delay="0" weight="1">
      <points>
        <point x="361" y="272" />
        <point x="361" y="222" />
      </points>
    </arc>
    <arc id="id14" source="id7" target="id3" delay="0" weight="1">
      <points>
        <point x="361" y="357" />
        <point x="361" y="302" />
      </points>
    </arc>
    <arc id="id15" source="id1" target="id7" delay="0" weight="1">
      <points>
        <point x="373" y="148" />
        <point x="449" y="266" />
        <point x="373" y="357" />
      </points>
    </arc>
    <arc id="id16" source="id4" target="id7" delay="0" weight="1">
      <points>
        <point x="183" y="403" />
        <point x="351" y="377" />
      </points>
    </arc>
    <arc id="id17" source="id7" target="id2" delay="0" weight="1">
      <points>
        <point x="351" y="357" />
        <point x="279" y="300" />
      </points>
    </arc>
    <arc id="id18" source="id2" target="id8" delay="0" weight="1">
      <points>
        <point x="239" y="283" />
        <point x="176" y="221" />
      </points>
    </arc>
    <arc id="id19" source="id8" target="id4" delay="0" weight="1">
      <points>
        <point x="159" y="221" />
        <point x="159" y="390" />
      </points>
    </arc>
    <arc id="id20" source="id8" target="id0" delay="0" weight="1">
      <points>
        <point x="157" y="201" />
        <point x="157" y="152" />
      </points>
    </arc>
  </page>
  <page id="page7" name="h">
    <place id="id0" name="p1" initialmarking="1" portdir="None" capacity="0">
      <location x="261" y="167" />
      <size width="50" height="30" />
    </place>
    <place id="id3" name="p2" initialmarking="0" portdir="None" capacity="0">
      <location x="260" y="320" />
      <size width="50" height="30" />
    </place>
    <transition id="id1" name="t1" portdir="None">
      <location x="156" y="242" />
      <size width="50" height="20" />
    </transition>
    <transition id="id2" name="t2" portdir="None">
      <location x="362" y="244" />
      <size width="50" height="20" />
    </transition>
    <arc id="id4" source="id0" target="id2" delay="0" weight="1">
      <points>
        <point x="280" y="176" />
        <point x="337" y="234" />
      </points>
    </arc>
    <arc id="id5" source="id2" target="id3" delay="0" weight="1">
      <points>
        <point x="337" y="254" />
        <point x="278" y="311" />
      </points>
    </arc>
    <arc id="id6" source="id3" target="id1" delay="0" weight="1">
      <points>
        <point x="240" y="311" />
        <point x="181" y="252" />
      </points>
    </arc>
    <arc id="id7" source="id1" target="id0" delay="0" weight="1">
      <points>
        <point x="181" y="232" />
        <point x="242" y="176" />
      </points>
    </arc>
  </page>
</petrinet>