﻿<?xml version="1.0" encoding="utf-8"?>
<petrinet name="Untitled">
  <page id="page0" name="page0">
    <place id="id0" name="p0" initialmarking="1" portdir="None" capacity="0">
      <location x="152" y="119" />
      <size width="50" height="30" />
    </place>
    <place id="id1" name="p1" initialmarking="1" portdir="None" capacity="0">
      <location x="151" y="308" />
      <size width="50" height="30" />
    </place>
    <place id="id2" name="p2" initialmarking="0" portdir="None" capacity="1">
      <location x="450" y="218" />
      <size width="50" height="30" />
    </place>
    <place id="id10" name="p10" initialmarking="0" portdir="None" capacity="0">
      <location x="151" y="210" />
      <size width="50" height="30" />
    </place>
    <transition id="id3" name="t3" portdir="None">
      <location x="304" y="124" />
      <size width="50" height="20" />
    </transition>
    <transition id="id4" name="t4" portdir="None">
      <location x="301" y="305" />
      <size width="50" height="20" />
    </transition>
    <transition id="id9" name="t9" portdir="None">
      <location x="249" y="211" />
      <size width="50" height="20" />
    </transition>
    <arc id="id5" source="id0" target="id3" delay="1" weight="1">
      <points>
        <point x="176" y="119" />
        <point x="279" y="119" />
      </points>
    </arc>
    <arc id="id6" source="id3" target="id2" delay="5" weight="1">
      <points>
        <point x="329" y="134" />
        <point x="430" y="210" />
      </points>
    </arc>
    <arc id="id7" source="id4" target="id2" delay="0" weight="1">
      <points>
        <point x="326" y="295" />
        <point x="429" y="225" />
      </points>
    </arc>
    <arc id="id8" source="id1" target="id4" delay="2" weight="1">
      <points>
        <point x="175" y="308" />
        <point x="276" y="308" />
      </points>
    </arc>
    <arc id="id11" source="id2" target="id9" delay="5" weight="1">
      <points>
        <point x="426" y="218" />
        <point x="274" y="218" />
      </points>
    </arc>
    <arc id="id12" source="id9" target="id10" delay="0" weight="1">
      <points>
        <point x="224" y="210" />
        <point x="176" y="210" />
      </points>
    </arc>
  </page>
  <page id="page1" name="page1">
    <place id="id0" name="p0" initialmarking="10" portdir="None" capacity="0">
      <location x="31" y="51" />
      <size width="50" height="30" />
    </place>
    <place id="id1" name="p1" initialmarking="0" portdir="None" capacity="0">
      <location x="296" y="51" />
      <size width="50" height="30" />
    </place>
    <transition id="id2" name="t2" portdir="None">
      <location x="162" y="55" />
      <size width="50" height="20" />
    </transition>
    <arc id="id3" source="id0" target="id2" delay="1" weight="1">
      <points>
        <point x="55" y="51" />
        <point x="137" y="51" />
      </points>
    </arc>
    <arc id="id4" source="id2" target="id1" delay="1" weight="1">
      <points>
        <point x="187" y="51" />
        <point x="271" y="51" />
      </points>
    </arc>
  </page>
</petrinet>