﻿<?xml version="1.0" encoding="utf-8"?>
<petrinet name="Untitled">
  <page id="page0" name="page0">
    <place id="id0" name="p0" initialmarking="1" portdir="None" capacity="0">
      <location x="101" y="101" />
      <size width="50" height="30" />
    </place>
    <place id="id1" name="p1" initialmarking="1" portdir="None" capacity="0">
      <location x="100" y="229" />
      <size width="50" height="30" />
    </place>
    <place id="id2" name="p2" initialmarking="0" portdir="None" capacity="0">
      <location x="320" y="72" />
      <size width="50" height="30" />
    </place>
    <place id="id3" name="p3" initialmarking="0" portdir="None" capacity="0">
      <location x="321" y="229" />
      <size width="50" height="30" />
    </place>
    <transition id="id4" name="t4" portdir="None">
      <location x="195" y="177" />
      <size width="50" height="20" />
    </transition>
    <transition id="id9" name="t9" portdir="None">
      <location x="225" y="30" />
      <size width="50" height="20" />
    </transition>
    <transition id="id10" name="t10" portdir="None">
      <location x="319" y="391" />
      <size width="50" height="20" />
    </transition>
    <arc id="id5" source="id0" target="id4" delay="1" weight="1">
      <points>
        <point x="120" y="110" />
        <point x="170" y="167" />
      </points>
    </arc>
    <arc id="id6" source="id4" target="id2" delay="3" weight="1">
      <points>
        <point x="220" y="167" />
        <point x="302" y="82" />
      </points>
    </arc>
    <arc id="id7" source="id1" target="id4" delay="2" weight="1">
      <points>
        <point x="121" y="222" />
        <point x="170" y="187" />
      </points>
    </arc>
    <arc id="id8" source="id4" target="id3" delay="2" weight="1">
      <points>
        <point x="220" y="187" />
        <point x="298" y="224" />
      </points>
    </arc>
    <arc id="id11" source="id3" target="id10" delay="0" weight="1">
      <points>
        <point x="334" y="241" />
        <point x="388" y="332" />
        <point x="334" y="381" />
      </points>
    </arc>
    <arc id="id12" source="id10" target="id1" delay="0" weight="1">
      <points>
        <point x="294" y="381" />
        <point x="129" y="333" />
        <point x="119" y="238" />
      </points>
    </arc>
    <arc id="id13" source="id2" target="id9" delay="0" weight="1">
      <points>
        <point x="312" y="58" />
        <point x="301" y="19" />
        <point x="250" y="40" />
      </points>
    </arc>
    <arc id="id14" source="id9" target="id0" delay="0" weight="1">
      <points>
        <point x="200" y="40" />
        <point x="116" y="64" />
        <point x="122" y="94" />
      </points>
    </arc>
  </page>
</petrinet>