﻿<?xml version="1.0" encoding="utf-8"?>
<petrinet name="Untitled">
  <page id="page0" name="page0">
    <place id="id0" name="p0" initialmarking="2" portdir="None">
      <location x="321" y="245" />
      <size width="50" height="30" />
    </place>
    <place id="id1" name="p1" initialmarking="1" portdir="None">
      <location x="332" y="400" />
      <size width="50" height="30" />
    </place>
    <place id="id17" name="p17" initialmarking="0" portdir="None">
      <location x="101" y="36" />
      <size width="50" height="30" />
    </place>
    <place id="id20" name="p20" initialmarking="0" portdir="None">
      <location x="-73" y="574" />
      <size width="50" height="30" />
    </place>
    <transition id="id2" name="t2" portdir="None">
      <location x="595" y="127" />
      <size width="50" height="20" />
    </transition>
    <transition id="id3" name="t3" portdir="None">
      <location x="80" y="294" />
      <size width="50" height="20" />
    </transition>
    <transition id="id4" name="t4" portdir="None">
      <location x="646" y="574" />
      <size width="50" height="20" />
    </transition>
    <transition id="id18" name="t18" portdir="None">
      <location x="204" y="95" />
      <size width="50" height="20" />
    </transition>
    <transition id="id19" name="t19" portdir="None">
      <location x="161" y="549" />
      <size width="50" height="20" />
    </transition>
    <arc id="id5" source="id0" target="id2" delay="1" weight="1">
      <points>
        <point x="343" y="240" />
        <point x="570" y="137" />
      </points>
    </arc>
    <arc id="id6" source="id1" target="id2" delay="3" weight="1">
      <points>
        <point x="349" y="390" />
        <point x="570" y="137" />
      </points>
    </arc>
    <arc id="id7" source="id0" target="id3" delay="2" weight="2">
      <points>
        <point x="297" y="247" />
        <point x="105" y="284" />
      </points>
    </arc>
    <arc id="id8" source="id0" target="id4" delay="3" weight="2">
      <points>
        <point x="338" y="255" />
        <point x="621" y="564" />
      </points>
    </arc>
    <arc id="id9" source="id1" target="id3" delay="2" weight="1">
      <points>
        <point x="309" y="395" />
        <point x="105" y="304" />
      </points>
    </arc>
    <arc id="id10" source="id1" target="id4" delay="1" weight="1">
      <points>
        <point x="353" y="407" />
        <point x="621" y="564" />
      </points>
    </arc>
    <arc id="id11" source="id2" target="id0" delay="1" weight="1">
      <points>
        <point x="570" y="129" />
        <point x="457" y="129" />
        <point x="343" y="239" />
      </points>
    </arc>
    <arc id="id12" source="id4" target="id1" delay="1" weight="1">
      <points>
        <point x="621" y="564" />
        <point x="457" y="529" />
        <point x="353" y="407" />
      </points>
    </arc>
    <arc id="id13" source="id4" target="id0" delay="3" weight="2">
      <points>
        <point x="621" y="564" />
        <point x="526" y="394" />
        <point x="338" y="255" />
      </points>
    </arc>
    <arc id="id14" source="id2" target="id1" delay="3" weight="1">
      <points>
        <point x="587" y="137" />
        <point x="587" y="214" />
        <point x="349" y="390" />
      </points>
    </arc>
    <arc id="id15" source="id3" target="id0" delay="2" weight="2">
      <points>
        <point x="105" y="284" />
        <point x="169" y="220" />
        <point x="297" y="247" />
      </points>
    </arc>
    <arc id="id16" source="id3" target="id1" delay="0" weight="1">
      <points>
        <point x="105" y="304" />
        <point x="158" y="382" />
        <point x="309" y="395" />
      </points>
    </arc>
    <arc id="id21" source="id17" target="id18" delay="0" weight="1">
      <points>
        <point x="122" y="43" />
        <point x="179" y="85" />
      </points>
    </arc>
    <arc id="id22" source="id18" target="id0" delay="0" weight="1">
      <points>
        <point x="229" y="105" />
        <point x="308" y="233" />
      </points>
    </arc>
    <arc id="id23" source="id20" target="id19" delay="0" weight="1">
      <points>
        <point x="-49" y="573" />
        <point x="136" y="559" />
      </points>
    </arc>
    <arc id="id24" source="id19" target="id1" delay="0" weight="1">
      <points>
        <point x="186" y="539" />
        <point x="314" y="410" />
      </points>
    </arc>
  </page>
</petrinet>