﻿<?xml version="1.0" encoding="utf-8"?>
<petrinet name="main">
  <page id="main.page0" name="Def1">
    <place id="id0" name="p1" portdir="None" specifiedType="" capacity="0">
      <initialMarking exp="1;" />
      <location x="183" y="56" />
      <size width="60" height="30" />
    </place>
    <place id="id1" name="p2" portdir="None" specifiedType="" capacity="0">
      <initialMarking exp="" />
      <location x="183" y="155" />
      <size width="60" height="30" />
    </place>
    <place id="id2" name="p3" portdir="None" specifiedType="" capacity="0">
      <initialMarking exp="" />
      <location x="186" y="251" />
      <size width="60" height="30" />
    </place>
    <place id="id3" name="p4" portdir="None" specifiedType="" capacity="0">
      <initialMarking exp="" />
      <location x="188" y="346" />
      <size width="60" height="30" />
    </place>
    <transition id="id4" name="t1" portdir="None">
      <conditionalExp exp="" />
      <location x="184" y="107" />
      <size width="50" height="20" />
    </transition>
    <transition id="id5" name="t2" portdir="None">
      <conditionalExp exp="" />
      <location x="186" y="201" />
      <size width="50" height="20" />
    </transition>
    <transition id="id6" name="t4" portdir="None">
      <conditionalExp exp="" />
      <location x="187" y="298" />
      <size width="50" height="20" />
    </transition>
    <transition id="id7" name="t3" portdir="None">
      <conditionalExp exp="" />
      <location x="292" y="203" />
      <size width="50" height="20" />
    </transition>
    <arc id="id8" source="id0" target="id4" delay="0" weight="1" variableLabel="">
      <points>
        <probability1 average1="0" variance1="1" freedom1="2" lambda1="1" rate1="100" probdist1="none" />
        <probability2 average2="0" variance2="1" freedom2="2" lambda2="1" rate2="0" probdist2="none" />
        <probability3 average3="0" variance3="1" freedom3="2" lambda3="1" rate3="0" probdist3="none" />
        <probability4 average4="0" variance4="1" freedom4="2" lambda4="1" rate4="0" probdist4="none" />
        <probability5 average5="0" variance5="1" freedom5="2" lambda5="1" rate5="0" probdist5="none" />
        <point x="183" y="70" />
        <point x="183" y="97" />
      </points>
    </arc>
    <arc id="id9" source="id4" target="id1" delay="0" weight="1" variableLabel="">
      <points>
        <probability1 average1="0" variance1="1" freedom1="2" lambda1="1" rate1="100" probdist1="none" />
        <probability2 average2="0" variance2="1" freedom2="2" lambda2="1" rate2="0" probdist2="none" />
        <probability3 average3="0" variance3="1" freedom3="2" lambda3="1" rate3="0" probdist3="none" />
        <probability4 average4="0" variance4="1" freedom4="2" lambda4="1" rate4="0" probdist4="none" />
        <probability5 average5="0" variance5="1" freedom5="2" lambda5="1" rate5="0" probdist5="none" />
        <point x="183" y="117" />
        <point x="183" y="140" />
      </points>
    </arc>
    <arc id="id10" source="id1" target="id5" delay="0" weight="1" variableLabel="">
      <points>
        <probability1 average1="0" variance1="1" freedom1="2" lambda1="1" rate1="100" probdist1="none" />
        <probability2 average2="0" variance2="1" freedom2="2" lambda2="1" rate2="0" probdist2="none" />
        <probability3 average3="0" variance3="1" freedom3="2" lambda3="1" rate3="0" probdist3="none" />
        <probability4 average4="0" variance4="1" freedom4="2" lambda4="1" rate4="0" probdist4="none" />
        <probability5 average5="0" variance5="1" freedom5="2" lambda5="1" rate5="0" probdist5="none" />
        <point x="184" y="169" />
        <point x="184" y="191" />
      </points>
    </arc>
    <arc id="id11" source="id5" target="id2" delay="0" weight="1" variableLabel="">
      <points>
        <probability1 average1="0" variance1="1" freedom1="2" lambda1="1" rate1="100" probdist1="none" />
        <probability2 average2="0" variance2="1" freedom2="2" lambda2="1" rate2="0" probdist2="none" />
        <probability3 average3="0" variance3="1" freedom3="2" lambda3="1" rate3="0" probdist3="none" />
        <probability4 average4="0" variance4="1" freedom4="2" lambda4="1" rate4="0" probdist4="none" />
        <probability5 average5="0" variance5="1" freedom5="2" lambda5="1" rate5="0" probdist5="none" />
        <point x="186" y="211" />
        <point x="186" y="236" />
      </points>
    </arc>
    <arc id="id12" source="id2" target="id6" delay="0" weight="1" variableLabel="">
      <points>
        <probability1 average1="0" variance1="1" freedom1="2" lambda1="1" rate1="100" probdist1="none" />
        <probability2 average2="0" variance2="1" freedom2="2" lambda2="1" rate2="0" probdist2="none" />
        <probability3 average3="0" variance3="1" freedom3="2" lambda3="1" rate3="0" probdist3="none" />
        <probability4 average4="0" variance4="1" freedom4="2" lambda4="1" rate4="0" probdist4="none" />
        <probability5 average5="0" variance5="1" freedom5="2" lambda5="1" rate5="0" probdist5="none" />
        <point x="186" y="265" />
        <point x="186" y="288" />
      </points>
    </arc>
    <arc id="id13" source="id6" target="id3" delay="0" weight="1" variableLabel="">
      <points>
        <probability1 average1="0" variance1="1" freedom1="2" lambda1="1" rate1="100" probdist1="none" />
        <probability2 average2="0" variance2="1" freedom2="2" lambda2="1" rate2="0" probdist2="none" />
        <probability3 average3="0" variance3="1" freedom3="2" lambda3="1" rate3="0" probdist3="none" />
        <probability4 average4="0" variance4="1" freedom4="2" lambda4="1" rate4="0" probdist4="none" />
        <probability5 average5="0" variance5="1" freedom5="2" lambda5="1" rate5="0" probdist5="none" />
        <point x="188" y="308" />
        <point x="188" y="331" />
      </points>
    </arc>
    <arc id="id14" source="id2" target="id7" delay="0" weight="1" variableLabel="">
      <points>
        <probability1 average1="0" variance1="1" freedom1="2" lambda1="1" rate1="100" probdist1="none" />
        <probability2 average2="0" variance2="1" freedom2="2" lambda2="1" rate2="0" probdist2="none" />
        <probability3 average3="0" variance3="1" freedom3="2" lambda3="1" rate3="0" probdist3="none" />
        <probability4 average4="0" variance4="1" freedom4="2" lambda4="1" rate4="0" probdist4="none" />
        <probability5 average5="0" variance5="1" freedom5="2" lambda5="1" rate5="0" probdist5="none" />
        <point x="213" y="245" />
        <point x="267" y="213" />
      </points>
    </arc>
    <arc id="id15" source="id7" target="id1" delay="0" weight="1" variableLabel="">
      <points>
        <probability1 average1="0" variance1="1" freedom1="2" lambda1="1" rate1="100" probdist1="none" />
        <probability2 average2="0" variance2="1" freedom2="2" lambda2="1" rate2="0" probdist2="none" />
        <probability3 average3="0" variance3="1" freedom3="2" lambda3="1" rate3="0" probdist3="none" />
        <probability4 average4="0" variance4="1" freedom4="2" lambda4="1" rate4="0" probdist4="none" />
        <probability5 average5="0" variance5="1" freedom5="2" lambda5="1" rate5="0" probdist5="none" />
        <point x="267" y="193" />
        <point x="210" y="161" />
      </points>
    </arc>
  </page>
  <page id="main.page1" name="main.page1">
    <place id="id0" name="p1" portdir="None" specifiedType="Int8" capacity="0">
      <initialMarking exp="2,10;&#xD;&#xA;1,20;" />
      <location x="111" y="70" />
      <size width="60" height="30" />
    </place>
    <place id="id2" name="p2" portdir="None" specifiedType="Int8" capacity="0">
      <initialMarking exp="" />
      <location x="112" y="266" />
      <size width="60" height="30" />
    </place>
    <transition id="id1" name="t1" portdir="None">
      <conditionalExp exp="" />
      <location x="112" y="169" />
      <size width="50" height="20" />
    </transition>
    <arc id="id3" source="id0" target="id1" delay="0" weight="2" variableLabel="x">
      <points>
        <probability1 average1="0" variance1="1" freedom1="2" lambda1="1" rate1="100" probdist1="none" />
        <probability2 average2="0" variance2="1" freedom2="2" lambda2="1" rate2="0" probdist2="none" />
        <probability3 average3="0" variance3="1" freedom3="2" lambda3="1" rate3="0" probdist3="none" />
        <probability4 average4="0" variance4="1" freedom4="2" lambda4="1" rate4="0" probdist4="none" />
        <probability5 average5="0" variance5="1" freedom5="2" lambda5="1" rate5="0" probdist5="none" />
        <point x="111" y="84" />
        <point x="111" y="159" />
      </points>
    </arc>
    <arc id="id4" source="id1" target="id2" delay="0" weight="1" variableLabel="x">
      <points>
        <probability1 average1="0" variance1="1" freedom1="2" lambda1="1" rate1="100" probdist1="none" />
        <probability2 average2="0" variance2="1" freedom2="2" lambda2="1" rate2="0" probdist2="none" />
        <probability3 average3="0" variance3="1" freedom3="2" lambda3="1" rate3="0" probdist3="none" />
        <probability4 average4="0" variance4="1" freedom4="2" lambda4="1" rate4="0" probdist4="none" />
        <probability5 average5="0" variance5="1" freedom5="2" lambda5="1" rate5="0" probdist5="none" />
        <point x="112" y="179" />
        <point x="112" y="251" />
      </points>
    </arc>
  </page>
  <page id="main.page2" name="main.page2">
    <place id="id0" name="pe" portdir="In" specifiedType="" capacity="0">
      <initialMarking exp="" />
      <location x="267" y="48" />
      <size width="60" height="30" />
    </place>
    <place id="id1" name="r" portdir="None" specifiedType="" capacity="0">
      <initialMarking exp="" />
      <location x="268" y="152" />
      <size width="60" height="30" />
    </place>
    <place id="id2" name="d" portdir="Out" specifiedType="" capacity="0">
      <initialMarking exp="" />
      <location x="266" y="264" />
      <size width="60" height="30" />
    </place>
    <place id="id3" name="px" portdir="Out" specifiedType="" capacity="0">
      <initialMarking exp="" />
      <location x="267" y="368" />
      <size width="60" height="30" />
    </place>
    <transition id="id4" name="Read" portdir="None">
      <conditionalExp exp="" />
      <location x="176" y="97" />
      <size width="50" height="20" />
    </transition>
    <transition id="id5" name="Write" portdir="Bidirection">
      <conditionalExp exp="" />
      <location x="367" y="101" />
      <size width="50" height="20" />
    </transition>
    <transition id="id6" name="t1" portdir="None">
      <conditionalExp exp="" />
      <location x="175" y="302" />
      <size width="50" height="20" />
    </transition>
    <transition id="id7" name="t2" portdir="None">
      <conditionalExp exp="" />
      <location x="366" y="308" />
      <size width="50" height="20" />
    </transition>
    <arc id="id8" source="id0" target="id4" delay="0" weight="1" variableLabel="">
      <points>
        <probability1 average1="0" variance1="1" freedom1="2" lambda1="1" rate1="100" probdist1="none" />
        <probability2 average2="0" variance2="1" freedom2="2" lambda2="1" rate2="0" probdist2="none" />
        <probability3 average3="0" variance3="1" freedom3="2" lambda3="1" rate3="0" probdist3="none" />
        <probability4 average4="0" variance4="1" freedom4="2" lambda4="1" rate4="0" probdist4="none" />
        <probability5 average5="0" variance5="1" freedom5="2" lambda5="1" rate5="0" probdist5="none" />
        <point x="241" y="55" />
        <point x="201" y="87" />
      </points>
    </arc>
    <arc id="id9" source="id0" target="id5" delay="0" weight="1" variableLabel="">
      <points>
        <probability1 average1="0" variance1="1" freedom1="2" lambda1="1" rate1="100" probdist1="none" />
        <probability2 average2="0" variance2="1" freedom2="2" lambda2="1" rate2="0" probdist2="none" />
        <probability3 average3="0" variance3="1" freedom3="2" lambda3="1" rate3="0" probdist3="none" />
        <probability4 average4="0" variance4="1" freedom4="2" lambda4="1" rate4="0" probdist4="none" />
        <probability5 average5="0" variance5="1" freedom5="2" lambda5="1" rate5="0" probdist5="none" />
        <point x="293" y="55" />
        <point x="342" y="91" />
      </points>
    </arc>
    <arc id="id10" source="id4" target="id1" delay="0" weight="1" variableLabel="">
      <points>
        <probability1 average1="0" variance1="1" freedom1="2" lambda1="1" rate1="100" probdist1="none" />
        <probability2 average2="0" variance2="1" freedom2="2" lambda2="1" rate2="0" probdist2="none" />
        <probability3 average3="0" variance3="1" freedom3="2" lambda3="1" rate3="0" probdist3="none" />
        <probability4 average4="0" variance4="1" freedom4="2" lambda4="1" rate4="0" probdist4="none" />
        <probability5 average5="0" variance5="1" freedom5="2" lambda5="1" rate5="0" probdist5="none" />
        <point x="201" y="107" />
        <point x="244" y="144" />
      </points>
    </arc>
    <arc id="id11" source="id5" target="id1" delay="0" weight="1" variableLabel="">
      <points>
        <probability1 average1="0" variance1="1" freedom1="2" lambda1="1" rate1="100" probdist1="none" />
        <probability2 average2="0" variance2="1" freedom2="2" lambda2="1" rate2="0" probdist2="none" />
        <probability3 average3="0" variance3="1" freedom3="2" lambda3="1" rate3="0" probdist3="none" />
        <probability4 average4="0" variance4="1" freedom4="2" lambda4="1" rate4="0" probdist4="none" />
        <probability5 average5="0" variance5="1" freedom5="2" lambda5="1" rate5="0" probdist5="none" />
        <point x="342" y="111" />
        <point x="294" y="145" />
      </points>
    </arc>
    <arc id="id12" source="id4" target="id2" delay="0" weight="1" variableLabel="">
      <points>
        <probability1 average1="0" variance1="1" freedom1="2" lambda1="1" rate1="100" probdist1="none" />
        <probability2 average2="0" variance2="1" freedom2="2" lambda2="1" rate2="0" probdist2="none" />
        <probability3 average3="0" variance3="1" freedom3="2" lambda3="1" rate3="0" probdist3="none" />
        <probability4 average4="0" variance4="1" freedom4="2" lambda4="1" rate4="0" probdist4="none" />
        <probability5 average5="0" variance5="1" freedom5="2" lambda5="1" rate5="0" probdist5="none" />
        <point x="201" y="107" />
        <point x="255" y="251" />
      </points>
    </arc>
    <arc id="id13" source="id5" target="id2" delay="0" weight="1" variableLabel="">
      <points>
        <probability1 average1="0" variance1="1" freedom1="2" lambda1="1" rate1="100" probdist1="none" />
        <probability2 average2="0" variance2="1" freedom2="2" lambda2="1" rate2="0" probdist2="none" />
        <probability3 average3="0" variance3="1" freedom3="2" lambda3="1" rate3="0" probdist3="none" />
        <probability4 average4="0" variance4="1" freedom4="2" lambda4="1" rate4="0" probdist4="none" />
        <probability5 average5="0" variance5="1" freedom5="2" lambda5="1" rate5="0" probdist5="none" />
        <point x="342" y="111" />
        <point x="279" y="251" />
      </points>
    </arc>
    <arc id="id14" source="id2" target="id6" delay="0" weight="1" variableLabel="">
      <points>
        <probability1 average1="0" variance1="1" freedom1="2" lambda1="1" rate1="100" probdist1="none" />
        <probability2 average2="0" variance2="1" freedom2="2" lambda2="1" rate2="0" probdist2="none" />
        <probability3 average3="0" variance3="1" freedom3="2" lambda3="1" rate3="0" probdist3="none" />
        <probability4 average4="0" variance4="1" freedom4="2" lambda4="1" rate4="0" probdist4="none" />
        <probability5 average5="0" variance5="1" freedom5="2" lambda5="1" rate5="0" probdist5="none" />
        <point x="239" y="269" />
        <point x="200" y="292" />
      </points>
    </arc>
    <arc id="id15" source="id2" target="id7" delay="0" weight="1" variableLabel="">
      <points>
        <probability1 average1="0" variance1="1" freedom1="2" lambda1="1" rate1="100" probdist1="none" />
        <probability2 average2="0" variance2="1" freedom2="2" lambda2="1" rate2="0" probdist2="none" />
        <probability3 average3="0" variance3="1" freedom3="2" lambda3="1" rate3="0" probdist3="none" />
        <probability4 average4="0" variance4="1" freedom4="2" lambda4="1" rate4="0" probdist4="none" />
        <probability5 average5="0" variance5="1" freedom5="2" lambda5="1" rate5="0" probdist5="none" />
        <point x="293" y="270" />
        <point x="341" y="298" />
      </points>
    </arc>
    <arc id="id16" source="id6" target="id1" delay="0" weight="1" variableLabel="">
      <points>
        <probability1 average1="0" variance1="1" freedom1="2" lambda1="1" rate1="100" probdist1="none" />
        <probability2 average2="0" variance2="1" freedom2="2" lambda2="1" rate2="0" probdist2="none" />
        <probability3 average3="0" variance3="1" freedom3="2" lambda3="1" rate3="0" probdist3="none" />
        <probability4 average4="0" variance4="1" freedom4="2" lambda4="1" rate4="0" probdist4="none" />
        <probability5 average5="0" variance5="1" freedom5="2" lambda5="1" rate5="0" probdist5="none" />
        <point x="200" y="292" />
        <point x="255" y="165" />
      </points>
    </arc>
    <arc id="id17" source="id7" target="id1" delay="0" weight="1" variableLabel="">
      <points>
        <probability1 average1="0" variance1="1" freedom1="2" lambda1="1" rate1="100" probdist1="none" />
        <probability2 average2="0" variance2="1" freedom2="2" lambda2="1" rate2="0" probdist2="none" />
        <probability3 average3="0" variance3="1" freedom3="2" lambda3="1" rate3="0" probdist3="none" />
        <probability4 average4="0" variance4="1" freedom4="2" lambda4="1" rate4="0" probdist4="none" />
        <probability5 average5="0" variance5="1" freedom5="2" lambda5="1" rate5="0" probdist5="none" />
        <point x="341" y="298" />
        <point x="281" y="165" />
      </points>
    </arc>
    <arc id="id18" source="id6" target="id3" delay="0" weight="1" variableLabel="">
      <points>
        <probability1 average1="0" variance1="1" freedom1="2" lambda1="1" rate1="100" probdist1="none" />
        <probability2 average2="0" variance2="1" freedom2="2" lambda2="1" rate2="0" probdist2="none" />
        <probability3 average3="0" variance3="1" freedom3="2" lambda3="1" rate3="0" probdist3="none" />
        <probability4 average4="0" variance4="1" freedom4="2" lambda4="1" rate4="0" probdist4="none" />
        <probability5 average5="0" variance5="1" freedom5="2" lambda5="1" rate5="0" probdist5="none" />
        <point x="200" y="312" />
        <point x="244" y="359" />
      </points>
    </arc>
    <arc id="id19" source="id7" target="id3" delay="0" weight="1" variableLabel="">
      <points>
        <probability1 average1="0" variance1="1" freedom1="2" lambda1="1" rate1="100" probdist1="none" />
        <probability2 average2="0" variance2="1" freedom2="2" lambda2="1" rate2="0" probdist2="none" />
        <probability3 average3="0" variance3="1" freedom3="2" lambda3="1" rate3="0" probdist3="none" />
        <probability4 average4="0" variance4="1" freedom4="2" lambda4="1" rate4="0" probdist4="none" />
        <probability5 average5="0" variance5="1" freedom5="2" lambda5="1" rate5="0" probdist5="none" />
        <point x="341" y="318" />
        <point x="291" y="360" />
      </points>
    </arc>
  </page>
</petrinet>