﻿<?xml version="1.0" encoding="utf-8"?>
<petrinet name="Untitled">
  <page id="page0" name="a">
    <place id="id0" name="p2" initialmarking="0" portdir="None" capacity="0">
      <location x="79" y="230" />
      <size width="50" height="30" />
    </place>
    <place id="id5" name="p1" initialmarking="1" portdir="None" capacity="0">
      <location x="268" y="113" />
      <size width="50" height="30" />
    </place>
    <place id="id6" name="p3" initialmarking="0" portdir="None" capacity="0">
      <location x="407" y="262" />
      <size width="50" height="30" />
    </place>
    <transition id="id1" name="t1" portdir="None">
      <location x="398" y="118" />
      <size width="50" height="20" />
    </transition>
    <transition id="id2" name="t2" portdir="None">
      <location x="261" y="261" />
      <size width="50" height="20" />
    </transition>
    <transition id="id3" name="t3" portdir="None">
      <location x="156" y="328" />
      <size width="50" height="20" />
    </transition>
    <transition id="id4" name="t4" portdir="None">
      <location x="121" y="105" />
      <size width="50" height="20" />
    </transition>
    <arc id="id7" source="id0" target="id4" delay="0" weight="1">
      <points>
        <point x="86" y="216" />
        <point x="96" y="115" />
      </points>
    </arc>
    <arc id="id8" source="id4" target="id5" delay="0" weight="1">
      <points>
        <point x="146" y="113" />
        <point x="243" y="113" />
      </points>
    </arc>
    <arc id="id9" source="id5" target="id1" delay="0" weight="1">
      <points>
        <point x="292" y="113" />
        <point x="373" y="113" />
      </points>
    </arc>
    <arc id="id10" source="id1" target="id5" delay="0" weight="1">
      <points>
        <point x="414" y="108" />
        <point x="414" y="73" />
        <point x="290" y="73" />
        <point x="292" y="113" />
      </points>
    </arc>
    <arc id="id11" source="id5" target="id2" delay="0" weight="1">
      <points>
        <point x="267" y="127" />
        <point x="267" y="251" />
      </points>
    </arc>
    <arc id="id12" source="id6" target="id2" delay="0" weight="1">
      <points>
        <point x="385" y="256" />
        <point x="340" y="230" />
        <point x="286" y="256" />
      </points>
    </arc>
    <arc id="id13" source="id2" target="id6" delay="0" weight="1">
      <points>
        <point x="286" y="271" />
        <point x="341" y="291" />
        <point x="383" y="263" />
      </points>
    </arc>
    <arc id="id14" source="id1" target="id6" delay="0" weight="1">
      <points>
        <point x="407" y="128" />
        <point x="407" y="247" />
      </points>
    </arc>
    <arc id="id15" source="id6" target="id3" delay="0" weight="1">
      <points>
        <point x="404" y="276" />
        <point x="398" y="335" />
        <point x="181" y="318" />
      </points>
    </arc>
    <arc id="id16" source="id3" target="id0" delay="0" weight="1">
      <points>
        <point x="131" y="318" />
        <point x="91" y="242" />
      </points>
    </arc>
    <arc id="id17" source="id2" target="id0" delay="0" weight="1">
      <points>
        <point x="236" y="251" />
        <point x="103" y="231" />
      </points>
    </arc>
    <arc id="id18" source="id0" target="id3" delay="0" weight="1">
      <points>
        <point x="75" y="244" />
        <point x="58" y="347" />
        <point x="131" y="318" />
      </points>
    </arc>
  </page>
  <page id="page1" name="b">
    <place id="id1" name="p1" initialmarking="1" portdir="None" capacity="0">
      <location x="144" y="362" />
      <size width="50" height="30" />
    </place>
    <place id="id2" name="p2" initialmarking="0" portdir="None" capacity="0">
      <location x="356" y="358" />
      <size width="50" height="30" />
    </place>
    <place id="id3" name="p3" initialmarking="0" portdir="None" capacity="0">
      <location x="251" y="236" />
      <size width="50" height="30" />
    </place>
    <transition id="id0" name="t1" portdir="None">
      <location x="151" y="236" />
      <size width="50" height="20" />
    </transition>
    <transition id="id4" name="t4" portdir="None">
      <location x="239" y="135" />
      <size width="50" height="20" />
    </transition>
    <transition id="id5" name="t3" portdir="None">
      <location x="356" y="244" />
      <size width="50" height="20" />
    </transition>
    <transition id="id6" name="t2" portdir="None">
      <location x="247" y="361" />
      <size width="50" height="20" />
    </transition>
    <arc id="id7" source="id1" target="id6" delay="0" weight="1">
      <points>
        <point x="168" y="362" />
        <point x="222" y="362" />
      </points>
    </arc>
    <arc id="id8" source="id6" target="id2" delay="0" weight="1">
      <points>
        <point x="272" y="358" />
        <point x="331" y="358" />
      </points>
    </arc>
    <arc id="id9" source="id6" target="id3" delay="0" weight="1">
      <points>
        <point x="272" y="351" />
        <point x="273" y="281" />
        <point x="255" y="250" />
      </points>
    </arc>
    <arc id="id10" source="id3" target="id6" delay="0" weight="1">
      <points>
        <point x="240" y="249" />
        <point x="214" y="308" />
        <point x="240" y="351" />
      </points>
    </arc>
    <arc id="id11" source="id3" target="id4" delay="0" weight="1">
      <points>
        <point x="249" y="222" />
        <point x="249" y="145" />
      </points>
    </arc>
    <arc id="id13" source="id2" target="id4" delay="0" weight="1">
      <points>
        <point x="371" y="347" />
        <point x="454" y="237" />
        <point x="264" y="145" />
      </points>
    </arc>
    <arc id="id12" source="id4" target="id1" delay="0" weight="1">
      <points>
        <point x="214" y="145" />
        <point x="49" y="222" />
        <point x="151" y="348" />
      </points>
    </arc>
    <arc id="id14" source="id1" target="id0" delay="0" weight="1">
      <points>
        <point x="145" y="348" />
        <point x="145" y="246" />
      </points>
    </arc>
    <arc id="id15" source="id0" target="id1" delay="0" weight="1">
      <points>
        <point x="176" y="246" />
        <point x="182" y="295" />
        <point x="150" y="348" />
      </points>
    </arc>
    <arc id="id16" source="id5" target="id2" delay="0" weight="1">
      <points>
        <point x="356" y="254" />
        <point x="356" y="343" />
      </points>
    </arc>
    <arc id="id17" source="id2" target="id5" delay="0" weight="1">
      <points>
        <point x="368" y="346" />
        <point x="397" y="289" />
        <point x="368" y="254" />
      </points>
    </arc>
    <arc id="id18" source="id0" target="id3" delay="0" weight="2">
      <points>
        <point x="176" y="226" />
        <point x="205" y="200" />
        <point x="227" y="235" />
      </points>
    </arc>
    <arc id="id19" source="id3" target="id5" delay="0" weight="2">
      <points>
        <point x="273" y="231" />
        <point x="316" y="208" />
        <point x="331" y="234" />
      </points>
    </arc>
  </page>
</petrinet>