﻿<?xml version="1.0" encoding="utf-8"?>
<petrinet name="Untitled">
  <page id="page0" name="a">
    <place id="id2" name="p2" initialmarking="1" portdir="None" capacity="0">
      <location x="197" y="234" />
      <size width="50" height="30" />
    </place>
    <place id="id3" name="p3" initialmarking="1" portdir="None" capacity="0">
      <location x="420" y="230" />
      <size width="50" height="30" />
    </place>
    <transition id="id0" name="t12" portdir="None">
      <location x="97" y="233" />
      <size width="50" height="20" />
    </transition>
    <transition id="id1" name="t34" portdir="None">
      <location x="310" y="233" />
      <size width="50" height="20" />
    </transition>
    <arc id="id4" source="id2" target="id0" delay="0" weight="1">
      <points>
        <point x="177" y="242" />
        <point x="141" y="275" />
        <point x="122" y="242" />
      </points>
    </arc>
    <arc id="id5" source="id0" target="id2" delay="0" weight="1">
      <points>
        <point x="122" y="223" />
        <point x="156" y="188" />
        <point x="173" y="232" />
      </points>
    </arc>
    <arc id="id6" source="id2" target="id1" delay="0" weight="1">
      <points>
        <point x="217" y="226" />
        <point x="253" y="193" />
        <point x="285" y="226" />
      </points>
    </arc>
    <arc id="id7" source="id1" target="id3" delay="0" weight="1">
      <points>
        <point x="335" y="243" />
        <point x="375" y="275" />
        <point x="396" y="232" />
      </points>
    </arc>
    <arc id="id8" source="id3" target="id1" delay="0" weight="1">
      <points>
        <point x="402" y="221" />
        <point x="359" y="177" />
        <point x="335" y="223" />
      </points>
    </arc>
  </page>
  <page id="page1" name="b">
    <place id="id1" name="p2" initialmarking="1" portdir="None" capacity="0">
      <location x="207" y="244" />
      <size width="50" height="30" />
    </place>
    <transition id="id0" name="t34" portdir="None">
      <location x="320" y="243" />
      <size width="50" height="20" />
    </transition>
    <arc id="id2" source="id1" target="id0" delay="0" weight="1">
      <points>
        <point x="223" y="233" />
        <point x="253" y="193" />
        <point x="295" y="233" />
      </points>
    </arc>
  </page>
</petrinet>