﻿<?xml version="1.0" encoding="utf-8"?>
<petrinet name="main">
  <page id="main.page0" name="FIFO_Int16_2">
    <place id="id2" name="buf1" portdir="None" specifiedType="Int16" capacity="1">
      <initialMarking exp="" />
      <location x="106" y="164" />
      <size width="60" height="30" />
    </place>
    <place id="id4" name="buf2" portdir="None" specifiedType="Int16" capacity="1">
      <initialMarking exp="" />
      <location x="107" y="256" />
      <size width="60" height="30" />
    </place>
    <transition id="id1" name="in" portdir="In">
      <conditionalExp exp="" />
      <location x="108" y="119" />
      <size width="50" height="20" />
    </transition>
    <transition id="id3" name="move" portdir="None">
      <conditionalExp exp="" />
      <location x="107" y="211" />
      <size width="50" height="20" />
    </transition>
    <transition id="id5" name="out" portdir="Out">
      <conditionalExp exp="" />
      <location x="109" y="303" />
      <size width="50" height="20" />
    </transition>
    <arc id="id8" source="id1" target="id2" delay="0" weight="1" variableLabel="k">
      <points>
        <probability1 average1="0" variance1="1" freedom1="2" lambda1="1" rate1="100" probdist1="none" />
        <probability2 average2="0" variance2="1" freedom2="2" lambda2="1" rate2="0" probdist2="none" />
        <probability3 average3="0" variance3="1" freedom3="2" lambda3="1" rate3="0" probdist3="none" />
        <probability4 average4="0" variance4="1" freedom4="2" lambda4="1" rate4="0" probdist4="none" />
        <probability5 average5="0" variance5="1" freedom5="2" lambda5="1" rate5="0" probdist5="none" />
        <point x="106" y="129" />
        <point x="106" y="149" />
      </points>
    </arc>
    <arc id="id9" source="id2" target="id3" delay="0" weight="1" variableLabel="k">
      <points>
        <probability1 average1="0" variance1="1" freedom1="2" lambda1="1" rate1="100" probdist1="none" />
        <probability2 average2="0" variance2="1" freedom2="2" lambda2="1" rate2="0" probdist2="none" />
        <probability3 average3="0" variance3="1" freedom3="2" lambda3="1" rate3="0" probdist3="none" />
        <probability4 average4="0" variance4="1" freedom4="2" lambda4="1" rate4="0" probdist4="none" />
        <probability5 average5="0" variance5="1" freedom5="2" lambda5="1" rate5="0" probdist5="none" />
        <point x="106" y="178" />
        <point x="106" y="201" />
      </points>
    </arc>
    <arc id="id10" source="id3" target="id4" delay="0" weight="1" variableLabel="k">
      <points>
        <probability1 average1="0" variance1="1" freedom1="2" lambda1="1" rate1="100" probdist1="none" />
        <probability2 average2="0" variance2="1" freedom2="2" lambda2="1" rate2="0" probdist2="none" />
        <probability3 average3="0" variance3="1" freedom3="2" lambda3="1" rate3="0" probdist3="none" />
        <probability4 average4="0" variance4="1" freedom4="2" lambda4="1" rate4="0" probdist4="none" />
        <probability5 average5="0" variance5="1" freedom5="2" lambda5="1" rate5="0" probdist5="none" />
        <point x="107" y="221" />
        <point x="107" y="241" />
      </points>
    </arc>
    <arc id="id11" source="id4" target="id5" delay="0" weight="1" variableLabel="k">
      <points>
        <probability1 average1="0" variance1="1" freedom1="2" lambda1="1" rate1="100" probdist1="none" />
        <probability2 average2="0" variance2="1" freedom2="2" lambda2="1" rate2="0" probdist2="none" />
        <probability3 average3="0" variance3="1" freedom3="2" lambda3="1" rate3="0" probdist3="none" />
        <probability4 average4="0" variance4="1" freedom4="2" lambda4="1" rate4="0" probdist4="none" />
        <probability5 average5="0" variance5="1" freedom5="2" lambda5="1" rate5="0" probdist5="none" />
        <point x="108" y="270" />
        <point x="108" y="293" />
      </points>
    </arc>
  </page>
  <page id="main.page1" name="FIFO_Int16_4">
    <place id="id0" name="buf1" portdir="None" specifiedType="Int16" capacity="1">
      <initialMarking exp="" />
      <location x="76" y="87" />
      <size width="60" height="30" />
    </place>
    <place id="id1" name="buf2" portdir="None" specifiedType="Int16" capacity="1">
      <initialMarking exp="" />
      <location x="77" y="179" />
      <size width="60" height="30" />
    </place>
    <place id="id4" name="buf3" portdir="None" specifiedType="Int16" capacity="1">
      <initialMarking exp="" />
      <location x="77" y="262" />
      <size width="60" height="30" />
    </place>
    <place id="id8" name="buf4" portdir="None" specifiedType="Int16" capacity="1">
      <initialMarking exp="" />
      <location x="79" y="354" />
      <size width="60" height="30" />
    </place>
    <transition id="id2" name="in" portdir="In">
      <conditionalExp exp="" />
      <location x="78" y="42" />
      <size width="50" height="20" />
    </transition>
    <transition id="id3" name="move" portdir="None">
      <conditionalExp exp="" />
      <location x="77" y="134" />
      <size width="50" height="20" />
    </transition>
    <transition id="id9" name="move" portdir="None">
      <conditionalExp exp="" />
      <location x="79" y="309" />
      <size width="50" height="20" />
    </transition>
    <transition id="id12" name="move" portdir="None">
      <conditionalExp exp="" />
      <location x="78" y="220" />
      <size width="50" height="20" />
    </transition>
    <transition id="id15" name="out" portdir="Out">
      <conditionalExp exp="" />
      <location x="80" y="406" />
      <size width="50" height="20" />
    </transition>
    <arc id="id5" source="id2" target="id0" delay="0" weight="1" variableLabel="k">
      <points>
        <probability1 average1="0" variance1="1" freedom1="2" lambda1="1" rate1="100" probdist1="none" />
        <probability2 average2="0" variance2="1" freedom2="2" lambda2="1" rate2="0" probdist2="none" />
        <probability3 average3="0" variance3="1" freedom3="2" lambda3="1" rate3="0" probdist3="none" />
        <probability4 average4="0" variance4="1" freedom4="2" lambda4="1" rate4="0" probdist4="none" />
        <probability5 average5="0" variance5="1" freedom5="2" lambda5="1" rate5="0" probdist5="none" />
        <point x="76" y="52" />
        <point x="76" y="72" />
      </points>
    </arc>
    <arc id="id6" source="id0" target="id3" delay="0" weight="1" variableLabel="k">
      <points>
        <probability1 average1="0" variance1="1" freedom1="2" lambda1="1" rate1="100" probdist1="none" />
        <probability2 average2="0" variance2="1" freedom2="2" lambda2="1" rate2="0" probdist2="none" />
        <probability3 average3="0" variance3="1" freedom3="2" lambda3="1" rate3="0" probdist3="none" />
        <probability4 average4="0" variance4="1" freedom4="2" lambda4="1" rate4="0" probdist4="none" />
        <probability5 average5="0" variance5="1" freedom5="2" lambda5="1" rate5="0" probdist5="none" />
        <point x="76" y="101" />
        <point x="76" y="124" />
      </points>
    </arc>
    <arc id="id7" source="id3" target="id1" delay="0" weight="1" variableLabel="k">
      <points>
        <probability1 average1="0" variance1="1" freedom1="2" lambda1="1" rate1="100" probdist1="none" />
        <probability2 average2="0" variance2="1" freedom2="2" lambda2="1" rate2="0" probdist2="none" />
        <probability3 average3="0" variance3="1" freedom3="2" lambda3="1" rate3="0" probdist3="none" />
        <probability4 average4="0" variance4="1" freedom4="2" lambda4="1" rate4="0" probdist4="none" />
        <probability5 average5="0" variance5="1" freedom5="2" lambda5="1" rate5="0" probdist5="none" />
        <point x="77" y="144" />
        <point x="77" y="164" />
      </points>
    </arc>
    <arc id="id10" source="id4" target="id9" delay="0" weight="1" variableLabel="k">
      <points>
        <probability1 average1="0" variance1="1" freedom1="2" lambda1="1" rate1="100" probdist1="none" />
        <probability2 average2="0" variance2="1" freedom2="2" lambda2="1" rate2="0" probdist2="none" />
        <probability3 average3="0" variance3="1" freedom3="2" lambda3="1" rate3="0" probdist3="none" />
        <probability4 average4="0" variance4="1" freedom4="2" lambda4="1" rate4="0" probdist4="none" />
        <probability5 average5="0" variance5="1" freedom5="2" lambda5="1" rate5="0" probdist5="none" />
        <point x="78" y="276" />
        <point x="78" y="299" />
      </points>
    </arc>
    <arc id="id11" source="id9" target="id8" delay="0" weight="1" variableLabel="k">
      <points>
        <probability1 average1="0" variance1="1" freedom1="2" lambda1="1" rate1="100" probdist1="none" />
        <probability2 average2="0" variance2="1" freedom2="2" lambda2="1" rate2="0" probdist2="none" />
        <probability3 average3="0" variance3="1" freedom3="2" lambda3="1" rate3="0" probdist3="none" />
        <probability4 average4="0" variance4="1" freedom4="2" lambda4="1" rate4="0" probdist4="none" />
        <probability5 average5="0" variance5="1" freedom5="2" lambda5="1" rate5="0" probdist5="none" />
        <point x="79" y="319" />
        <point x="79" y="339" />
      </points>
    </arc>
    <arc id="id13" source="id1" target="id12" delay="0" weight="1" variableLabel="k">
      <points>
        <probability1 average1="0" variance1="1" freedom1="2" lambda1="1" rate1="100" probdist1="none" />
        <probability2 average2="0" variance2="1" freedom2="2" lambda2="1" rate2="0" probdist2="none" />
        <probability3 average3="0" variance3="1" freedom3="2" lambda3="1" rate3="0" probdist3="none" />
        <probability4 average4="0" variance4="1" freedom4="2" lambda4="1" rate4="0" probdist4="none" />
        <probability5 average5="0" variance5="1" freedom5="2" lambda5="1" rate5="0" probdist5="none" />
        <point x="77" y="193" />
        <point x="77" y="210" />
      </points>
    </arc>
    <arc id="id14" source="id12" target="id4" delay="0" weight="1" variableLabel="k">
      <points>
        <probability1 average1="0" variance1="1" freedom1="2" lambda1="1" rate1="100" probdist1="none" />
        <probability2 average2="0" variance2="1" freedom2="2" lambda2="1" rate2="0" probdist2="none" />
        <probability3 average3="0" variance3="1" freedom3="2" lambda3="1" rate3="0" probdist3="none" />
        <probability4 average4="0" variance4="1" freedom4="2" lambda4="1" rate4="0" probdist4="none" />
        <probability5 average5="0" variance5="1" freedom5="2" lambda5="1" rate5="0" probdist5="none" />
        <point x="77" y="230" />
        <point x="77" y="247" />
      </points>
    </arc>
    <arc id="id16" source="id8" target="id15" delay="0" weight="1" variableLabel="k">
      <points>
        <probability1 average1="0" variance1="1" freedom1="2" lambda1="1" rate1="100" probdist1="none" />
        <probability2 average2="0" variance2="1" freedom2="2" lambda2="1" rate2="0" probdist2="none" />
        <probability3 average3="0" variance3="1" freedom3="2" lambda3="1" rate3="0" probdist3="none" />
        <probability4 average4="0" variance4="1" freedom4="2" lambda4="1" rate4="0" probdist4="none" />
        <probability5 average5="0" variance5="1" freedom5="2" lambda5="1" rate5="0" probdist5="none" />
        <point x="79" y="368" />
        <point x="79" y="396" />
      </points>
    </arc>
  </page>
  <page id="main.page2" name="FIFO_Int16_8">
    <place id="id0" name="buf1" portdir="None" specifiedType="Int16" capacity="1">
      <initialMarking exp="" />
      <location x="86" y="97" />
      <size width="60" height="30" />
    </place>
    <place id="id1" name="buf2" portdir="None" specifiedType="Int16" capacity="1">
      <initialMarking exp="" />
      <location x="87" y="189" />
      <size width="60" height="30" />
    </place>
    <place id="id4" name="buf3" portdir="None" specifiedType="Int16" capacity="1">
      <initialMarking exp="" />
      <location x="87" y="272" />
      <size width="60" height="30" />
    </place>
    <place id="id5" name="buf4" portdir="None" specifiedType="Int16" capacity="1">
      <initialMarking exp="" />
      <location x="89" y="364" />
      <size width="60" height="30" />
    </place>
    <place id="id17" name="buf5" portdir="None" specifiedType="Int16" capacity="1">
      <initialMarking exp="" />
      <location x="236" y="96" />
      <size width="60" height="30" />
    </place>
    <place id="id18" name="buf6" portdir="None" specifiedType="Int16" capacity="1">
      <initialMarking exp="" />
      <location x="237" y="188" />
      <size width="60" height="30" />
    </place>
    <place id="id21" name="buf7" portdir="None" specifiedType="Int16" capacity="1">
      <initialMarking exp="" />
      <location x="237" y="271" />
      <size width="60" height="30" />
    </place>
    <place id="id22" name="buf8" portdir="None" specifiedType="Int16" capacity="1">
      <initialMarking exp="" />
      <location x="239" y="363" />
      <size width="60" height="30" />
    </place>
    <transition id="id2" name="in" portdir="In">
      <conditionalExp exp="" />
      <location x="88" y="52" />
      <size width="50" height="20" />
    </transition>
    <transition id="id3" name="move" portdir="None">
      <conditionalExp exp="" />
      <location x="87" y="144" />
      <size width="50" height="20" />
    </transition>
    <transition id="id6" name="move" portdir="None">
      <conditionalExp exp="" />
      <location x="89" y="319" />
      <size width="50" height="20" />
    </transition>
    <transition id="id7" name="move" portdir="None">
      <conditionalExp exp="" />
      <location x="88" y="230" />
      <size width="50" height="20" />
    </transition>
    <transition id="id8" name="move" portdir="None">
      <conditionalExp exp="" />
      <location x="90" y="416" />
      <size width="50" height="20" />
    </transition>
    <transition id="id20" name="move" portdir="None">
      <conditionalExp exp="" />
      <location x="237" y="143" />
      <size width="50" height="20" />
    </transition>
    <transition id="id23" name="move" portdir="None">
      <conditionalExp exp="" />
      <location x="239" y="318" />
      <size width="50" height="20" />
    </transition>
    <transition id="id24" name="move" portdir="None">
      <conditionalExp exp="" />
      <location x="238" y="229" />
      <size width="50" height="20" />
    </transition>
    <transition id="id25" name="out" portdir="Out">
      <conditionalExp exp="" />
      <location x="240" y="415" />
      <size width="50" height="20" />
    </transition>
    <arc id="id9" source="id2" target="id0" delay="0" weight="1" variableLabel="k">
      <points>
        <probability1 average1="0" variance1="1" freedom1="2" lambda1="1" rate1="100" probdist1="none" />
        <probability2 average2="0" variance2="1" freedom2="2" lambda2="1" rate2="0" probdist2="none" />
        <probability3 average3="0" variance3="1" freedom3="2" lambda3="1" rate3="0" probdist3="none" />
        <probability4 average4="0" variance4="1" freedom4="2" lambda4="1" rate4="0" probdist4="none" />
        <probability5 average5="0" variance5="1" freedom5="2" lambda5="1" rate5="0" probdist5="none" />
        <point x="86" y="62" />
        <point x="86" y="82" />
      </points>
    </arc>
    <arc id="id10" source="id0" target="id3" delay="0" weight="1" variableLabel="k">
      <points>
        <probability1 average1="0" variance1="1" freedom1="2" lambda1="1" rate1="100" probdist1="none" />
        <probability2 average2="0" variance2="1" freedom2="2" lambda2="1" rate2="0" probdist2="none" />
        <probability3 average3="0" variance3="1" freedom3="2" lambda3="1" rate3="0" probdist3="none" />
        <probability4 average4="0" variance4="1" freedom4="2" lambda4="1" rate4="0" probdist4="none" />
        <probability5 average5="0" variance5="1" freedom5="2" lambda5="1" rate5="0" probdist5="none" />
        <point x="86" y="111" />
        <point x="86" y="134" />
      </points>
    </arc>
    <arc id="id11" source="id3" target="id1" delay="0" weight="1" variableLabel="k">
      <points>
        <probability1 average1="0" variance1="1" freedom1="2" lambda1="1" rate1="100" probdist1="none" />
        <probability2 average2="0" variance2="1" freedom2="2" lambda2="1" rate2="0" probdist2="none" />
        <probability3 average3="0" variance3="1" freedom3="2" lambda3="1" rate3="0" probdist3="none" />
        <probability4 average4="0" variance4="1" freedom4="2" lambda4="1" rate4="0" probdist4="none" />
        <probability5 average5="0" variance5="1" freedom5="2" lambda5="1" rate5="0" probdist5="none" />
        <point x="87" y="154" />
        <point x="87" y="174" />
      </points>
    </arc>
    <arc id="id12" source="id4" target="id6" delay="0" weight="1" variableLabel="k">
      <points>
        <probability1 average1="0" variance1="1" freedom1="2" lambda1="1" rate1="100" probdist1="none" />
        <probability2 average2="0" variance2="1" freedom2="2" lambda2="1" rate2="0" probdist2="none" />
        <probability3 average3="0" variance3="1" freedom3="2" lambda3="1" rate3="0" probdist3="none" />
        <probability4 average4="0" variance4="1" freedom4="2" lambda4="1" rate4="0" probdist4="none" />
        <probability5 average5="0" variance5="1" freedom5="2" lambda5="1" rate5="0" probdist5="none" />
        <point x="88" y="286" />
        <point x="88" y="309" />
      </points>
    </arc>
    <arc id="id13" source="id6" target="id5" delay="0" weight="1" variableLabel="k">
      <points>
        <probability1 average1="0" variance1="1" freedom1="2" lambda1="1" rate1="100" probdist1="none" />
        <probability2 average2="0" variance2="1" freedom2="2" lambda2="1" rate2="0" probdist2="none" />
        <probability3 average3="0" variance3="1" freedom3="2" lambda3="1" rate3="0" probdist3="none" />
        <probability4 average4="0" variance4="1" freedom4="2" lambda4="1" rate4="0" probdist4="none" />
        <probability5 average5="0" variance5="1" freedom5="2" lambda5="1" rate5="0" probdist5="none" />
        <point x="89" y="329" />
        <point x="89" y="349" />
      </points>
    </arc>
    <arc id="id14" source="id1" target="id7" delay="0" weight="1" variableLabel="k">
      <points>
        <probability1 average1="0" variance1="1" freedom1="2" lambda1="1" rate1="100" probdist1="none" />
        <probability2 average2="0" variance2="1" freedom2="2" lambda2="1" rate2="0" probdist2="none" />
        <probability3 average3="0" variance3="1" freedom3="2" lambda3="1" rate3="0" probdist3="none" />
        <probability4 average4="0" variance4="1" freedom4="2" lambda4="1" rate4="0" probdist4="none" />
        <probability5 average5="0" variance5="1" freedom5="2" lambda5="1" rate5="0" probdist5="none" />
        <point x="87" y="203" />
        <point x="87" y="220" />
      </points>
    </arc>
    <arc id="id15" source="id7" target="id4" delay="0" weight="1" variableLabel="k">
      <points>
        <probability1 average1="0" variance1="1" freedom1="2" lambda1="1" rate1="100" probdist1="none" />
        <probability2 average2="0" variance2="1" freedom2="2" lambda2="1" rate2="0" probdist2="none" />
        <probability3 average3="0" variance3="1" freedom3="2" lambda3="1" rate3="0" probdist3="none" />
        <probability4 average4="0" variance4="1" freedom4="2" lambda4="1" rate4="0" probdist4="none" />
        <probability5 average5="0" variance5="1" freedom5="2" lambda5="1" rate5="0" probdist5="none" />
        <point x="87" y="240" />
        <point x="87" y="257" />
      </points>
    </arc>
    <arc id="id16" source="id5" target="id8" delay="0" weight="1" variableLabel="k">
      <points>
        <probability1 average1="0" variance1="1" freedom1="2" lambda1="1" rate1="100" probdist1="none" />
        <probability2 average2="0" variance2="1" freedom2="2" lambda2="1" rate2="0" probdist2="none" />
        <probability3 average3="0" variance3="1" freedom3="2" lambda3="1" rate3="0" probdist3="none" />
        <probability4 average4="0" variance4="1" freedom4="2" lambda4="1" rate4="0" probdist4="none" />
        <probability5 average5="0" variance5="1" freedom5="2" lambda5="1" rate5="0" probdist5="none" />
        <point x="89" y="378" />
        <point x="89" y="406" />
      </points>
    </arc>
    <arc id="id27" source="id17" target="id20" delay="0" weight="1" variableLabel="k">
      <points>
        <probability1 average1="0" variance1="1" freedom1="2" lambda1="1" rate1="100" probdist1="none" />
        <probability2 average2="0" variance2="1" freedom2="2" lambda2="1" rate2="0" probdist2="none" />
        <probability3 average3="0" variance3="1" freedom3="2" lambda3="1" rate3="0" probdist3="none" />
        <probability4 average4="0" variance4="1" freedom4="2" lambda4="1" rate4="0" probdist4="none" />
        <probability5 average5="0" variance5="1" freedom5="2" lambda5="1" rate5="0" probdist5="none" />
        <point x="236" y="110" />
        <point x="236" y="133" />
      </points>
    </arc>
    <arc id="id28" source="id20" target="id18" delay="0" weight="1" variableLabel="k">
      <points>
        <probability1 average1="0" variance1="1" freedom1="2" lambda1="1" rate1="100" probdist1="none" />
        <probability2 average2="0" variance2="1" freedom2="2" lambda2="1" rate2="0" probdist2="none" />
        <probability3 average3="0" variance3="1" freedom3="2" lambda3="1" rate3="0" probdist3="none" />
        <probability4 average4="0" variance4="1" freedom4="2" lambda4="1" rate4="0" probdist4="none" />
        <probability5 average5="0" variance5="1" freedom5="2" lambda5="1" rate5="0" probdist5="none" />
        <point x="237" y="153" />
        <point x="237" y="173" />
      </points>
    </arc>
    <arc id="id29" source="id21" target="id23" delay="0" weight="1" variableLabel="k">
      <points>
        <probability1 average1="0" variance1="1" freedom1="2" lambda1="1" rate1="100" probdist1="none" />
        <probability2 average2="0" variance2="1" freedom2="2" lambda2="1" rate2="0" probdist2="none" />
        <probability3 average3="0" variance3="1" freedom3="2" lambda3="1" rate3="0" probdist3="none" />
        <probability4 average4="0" variance4="1" freedom4="2" lambda4="1" rate4="0" probdist4="none" />
        <probability5 average5="0" variance5="1" freedom5="2" lambda5="1" rate5="0" probdist5="none" />
        <point x="238" y="285" />
        <point x="238" y="308" />
      </points>
    </arc>
    <arc id="id30" source="id23" target="id22" delay="0" weight="1" variableLabel="k">
      <points>
        <probability1 average1="0" variance1="1" freedom1="2" lambda1="1" rate1="100" probdist1="none" />
        <probability2 average2="0" variance2="1" freedom2="2" lambda2="1" rate2="0" probdist2="none" />
        <probability3 average3="0" variance3="1" freedom3="2" lambda3="1" rate3="0" probdist3="none" />
        <probability4 average4="0" variance4="1" freedom4="2" lambda4="1" rate4="0" probdist4="none" />
        <probability5 average5="0" variance5="1" freedom5="2" lambda5="1" rate5="0" probdist5="none" />
        <point x="239" y="328" />
        <point x="239" y="348" />
      </points>
    </arc>
    <arc id="id31" source="id18" target="id24" delay="0" weight="1" variableLabel="k">
      <points>
        <probability1 average1="0" variance1="1" freedom1="2" lambda1="1" rate1="100" probdist1="none" />
        <probability2 average2="0" variance2="1" freedom2="2" lambda2="1" rate2="0" probdist2="none" />
        <probability3 average3="0" variance3="1" freedom3="2" lambda3="1" rate3="0" probdist3="none" />
        <probability4 average4="0" variance4="1" freedom4="2" lambda4="1" rate4="0" probdist4="none" />
        <probability5 average5="0" variance5="1" freedom5="2" lambda5="1" rate5="0" probdist5="none" />
        <point x="237" y="202" />
        <point x="237" y="219" />
      </points>
    </arc>
    <arc id="id32" source="id24" target="id21" delay="0" weight="1" variableLabel="k">
      <points>
        <probability1 average1="0" variance1="1" freedom1="2" lambda1="1" rate1="100" probdist1="none" />
        <probability2 average2="0" variance2="1" freedom2="2" lambda2="1" rate2="0" probdist2="none" />
        <probability3 average3="0" variance3="1" freedom3="2" lambda3="1" rate3="0" probdist3="none" />
        <probability4 average4="0" variance4="1" freedom4="2" lambda4="1" rate4="0" probdist4="none" />
        <probability5 average5="0" variance5="1" freedom5="2" lambda5="1" rate5="0" probdist5="none" />
        <point x="237" y="239" />
        <point x="237" y="256" />
      </points>
    </arc>
    <arc id="id33" source="id22" target="id25" delay="0" weight="1" variableLabel="k">
      <points>
        <probability1 average1="0" variance1="1" freedom1="2" lambda1="1" rate1="100" probdist1="none" />
        <probability2 average2="0" variance2="1" freedom2="2" lambda2="1" rate2="0" probdist2="none" />
        <probability3 average3="0" variance3="1" freedom3="2" lambda3="1" rate3="0" probdist3="none" />
        <probability4 average4="0" variance4="1" freedom4="2" lambda4="1" rate4="0" probdist4="none" />
        <probability5 average5="0" variance5="1" freedom5="2" lambda5="1" rate5="0" probdist5="none" />
        <point x="239" y="377" />
        <point x="239" y="405" />
      </points>
    </arc>
    <arc id="id19" source="id8" target="id17" delay="0" weight="1" variableLabel="k">
      <points>
        <probability1 average1="0" variance1="1" freedom1="2" lambda1="1" rate1="100" probdist1="none" />
        <probability2 average2="0" variance2="1" freedom2="2" lambda2="1" rate2="0" probdist2="none" />
        <probability3 average3="0" variance3="1" freedom3="2" lambda3="1" rate3="0" probdist3="none" />
        <probability4 average4="0" variance4="1" freedom4="2" lambda4="1" rate4="0" probdist4="none" />
        <probability5 average5="0" variance5="1" freedom5="2" lambda5="1" rate5="0" probdist5="none" />
        <point x="115" y="406" />
        <point x="226" y="109" />
      </points>
    </arc>
  </page>
  <page id="main.page3" name="FIFO_Int16_16">
    <place id="id0" name="buf1" portdir="None" specifiedType="Int16" capacity="1">
      <initialMarking exp="" />
      <location x="96" y="107" />
      <size width="60" height="30" />
    </place>
    <place id="id1" name="buf2" portdir="None" specifiedType="Int16" capacity="1">
      <initialMarking exp="" />
      <location x="97" y="199" />
      <size width="60" height="30" />
    </place>
    <place id="id4" name="buf3" portdir="None" specifiedType="Int16" capacity="1">
      <initialMarking exp="" />
      <location x="97" y="282" />
      <size width="60" height="30" />
    </place>
    <place id="id5" name="buf4" portdir="None" specifiedType="Int16" capacity="1">
      <initialMarking exp="" />
      <location x="99" y="374" />
      <size width="60" height="30" />
    </place>
    <place id="id9" name="buf5" portdir="None" specifiedType="Int16" capacity="1">
      <initialMarking exp="" />
      <location x="246" y="106" />
      <size width="60" height="30" />
    </place>
    <place id="id10" name="buf6" portdir="None" specifiedType="Int16" capacity="1">
      <initialMarking exp="" />
      <location x="247" y="198" />
      <size width="60" height="30" />
    </place>
    <place id="id12" name="buf7" portdir="None" specifiedType="Int16" capacity="1">
      <initialMarking exp="" />
      <location x="247" y="281" />
      <size width="60" height="30" />
    </place>
    <place id="id13" name="buf8" portdir="None" specifiedType="Int16" capacity="1">
      <initialMarking exp="" />
      <location x="249" y="373" />
      <size width="60" height="30" />
    </place>
    <place id="id33" name="buf9" portdir="None" specifiedType="Int16" capacity="1">
      <initialMarking exp="" />
      <location x="384" y="105" />
      <size width="60" height="30" />
    </place>
    <place id="id34" name="buf10" portdir="None" specifiedType="Int16" capacity="1">
      <initialMarking exp="" />
      <location x="385" y="197" />
      <size width="60" height="30" />
    </place>
    <place id="id37" name="buf11" portdir="None" specifiedType="Int16" capacity="1">
      <initialMarking exp="" />
      <location x="385" y="280" />
      <size width="60" height="30" />
    </place>
    <place id="id38" name="buf12" portdir="None" specifiedType="Int16" capacity="1">
      <initialMarking exp="" />
      <location x="387" y="372" />
      <size width="60" height="30" />
    </place>
    <place id="id42" name="buf13" portdir="None" specifiedType="Int16" capacity="1">
      <initialMarking exp="" />
      <location x="534" y="104" />
      <size width="60" height="30" />
    </place>
    <place id="id43" name="buf14" portdir="None" specifiedType="Int16" capacity="1">
      <initialMarking exp="" />
      <location x="535" y="196" />
      <size width="60" height="30" />
    </place>
    <place id="id45" name="buf15" portdir="None" specifiedType="Int16" capacity="1">
      <initialMarking exp="" />
      <location x="535" y="279" />
      <size width="60" height="30" />
    </place>
    <place id="id46" name="buf16" portdir="None" specifiedType="Int16" capacity="1">
      <initialMarking exp="" />
      <location x="537" y="371" />
      <size width="60" height="30" />
    </place>
    <transition id="id2" name="in" portdir="In">
      <conditionalExp exp="" />
      <location x="98" y="62" />
      <size width="50" height="20" />
    </transition>
    <transition id="id3" name="move" portdir="None">
      <conditionalExp exp="" />
      <location x="97" y="154" />
      <size width="50" height="20" />
    </transition>
    <transition id="id6" name="move" portdir="None">
      <conditionalExp exp="" />
      <location x="99" y="329" />
      <size width="50" height="20" />
    </transition>
    <transition id="id7" name="move" portdir="None">
      <conditionalExp exp="" />
      <location x="98" y="240" />
      <size width="50" height="20" />
    </transition>
    <transition id="id8" name="move" portdir="None">
      <conditionalExp exp="" />
      <location x="100" y="426" />
      <size width="50" height="20" />
    </transition>
    <transition id="id11" name="move" portdir="None">
      <conditionalExp exp="" />
      <location x="247" y="153" />
      <size width="50" height="20" />
    </transition>
    <transition id="id14" name="move" portdir="None">
      <conditionalExp exp="" />
      <location x="249" y="328" />
      <size width="50" height="20" />
    </transition>
    <transition id="id15" name="move" portdir="None">
      <conditionalExp exp="" />
      <location x="248" y="239" />
      <size width="50" height="20" />
    </transition>
    <transition id="id16" name="move" portdir="None">
      <conditionalExp exp="" />
      <location x="250" y="425" />
      <size width="50" height="20" />
    </transition>
    <transition id="id36" name="move" portdir="None">
      <conditionalExp exp="" />
      <location x="385" y="152" />
      <size width="50" height="20" />
    </transition>
    <transition id="id39" name="move" portdir="None">
      <conditionalExp exp="" />
      <location x="387" y="327" />
      <size width="50" height="20" />
    </transition>
    <transition id="id40" name="move" portdir="None">
      <conditionalExp exp="" />
      <location x="386" y="238" />
      <size width="50" height="20" />
    </transition>
    <transition id="id41" name="move" portdir="None">
      <conditionalExp exp="" />
      <location x="388" y="424" />
      <size width="50" height="20" />
    </transition>
    <transition id="id44" name="move" portdir="None">
      <conditionalExp exp="" />
      <location x="535" y="151" />
      <size width="50" height="20" />
    </transition>
    <transition id="id47" name="move" portdir="None">
      <conditionalExp exp="" />
      <location x="537" y="326" />
      <size width="50" height="20" />
    </transition>
    <transition id="id48" name="move" portdir="None">
      <conditionalExp exp="" />
      <location x="536" y="237" />
      <size width="50" height="20" />
    </transition>
    <transition id="id49" name="out" portdir="Out">
      <conditionalExp exp="" />
      <location x="538" y="423" />
      <size width="50" height="20" />
    </transition>
    <arc id="id17" source="id2" target="id0" delay="0" weight="1" variableLabel="k">
      <points>
        <probability1 average1="0" variance1="1" freedom1="2" lambda1="1" rate1="100" probdist1="none" />
        <probability2 average2="0" variance2="1" freedom2="2" lambda2="1" rate2="0" probdist2="none" />
        <probability3 average3="0" variance3="1" freedom3="2" lambda3="1" rate3="0" probdist3="none" />
        <probability4 average4="0" variance4="1" freedom4="2" lambda4="1" rate4="0" probdist4="none" />
        <probability5 average5="0" variance5="1" freedom5="2" lambda5="1" rate5="0" probdist5="none" />
        <point x="96" y="72" />
        <point x="96" y="92" />
      </points>
    </arc>
    <arc id="id18" source="id0" target="id3" delay="0" weight="1" variableLabel="k">
      <points>
        <probability1 average1="0" variance1="1" freedom1="2" lambda1="1" rate1="100" probdist1="none" />
        <probability2 average2="0" variance2="1" freedom2="2" lambda2="1" rate2="0" probdist2="none" />
        <probability3 average3="0" variance3="1" freedom3="2" lambda3="1" rate3="0" probdist3="none" />
        <probability4 average4="0" variance4="1" freedom4="2" lambda4="1" rate4="0" probdist4="none" />
        <probability5 average5="0" variance5="1" freedom5="2" lambda5="1" rate5="0" probdist5="none" />
        <point x="96" y="121" />
        <point x="96" y="144" />
      </points>
    </arc>
    <arc id="id19" source="id3" target="id1" delay="0" weight="1" variableLabel="k">
      <points>
        <probability1 average1="0" variance1="1" freedom1="2" lambda1="1" rate1="100" probdist1="none" />
        <probability2 average2="0" variance2="1" freedom2="2" lambda2="1" rate2="0" probdist2="none" />
        <probability3 average3="0" variance3="1" freedom3="2" lambda3="1" rate3="0" probdist3="none" />
        <probability4 average4="0" variance4="1" freedom4="2" lambda4="1" rate4="0" probdist4="none" />
        <probability5 average5="0" variance5="1" freedom5="2" lambda5="1" rate5="0" probdist5="none" />
        <point x="97" y="164" />
        <point x="97" y="184" />
      </points>
    </arc>
    <arc id="id20" source="id4" target="id6" delay="0" weight="1" variableLabel="k">
      <points>
        <probability1 average1="0" variance1="1" freedom1="2" lambda1="1" rate1="100" probdist1="none" />
        <probability2 average2="0" variance2="1" freedom2="2" lambda2="1" rate2="0" probdist2="none" />
        <probability3 average3="0" variance3="1" freedom3="2" lambda3="1" rate3="0" probdist3="none" />
        <probability4 average4="0" variance4="1" freedom4="2" lambda4="1" rate4="0" probdist4="none" />
        <probability5 average5="0" variance5="1" freedom5="2" lambda5="1" rate5="0" probdist5="none" />
        <point x="98" y="296" />
        <point x="98" y="319" />
      </points>
    </arc>
    <arc id="id21" source="id6" target="id5" delay="0" weight="1" variableLabel="k">
      <points>
        <probability1 average1="0" variance1="1" freedom1="2" lambda1="1" rate1="100" probdist1="none" />
        <probability2 average2="0" variance2="1" freedom2="2" lambda2="1" rate2="0" probdist2="none" />
        <probability3 average3="0" variance3="1" freedom3="2" lambda3="1" rate3="0" probdist3="none" />
        <probability4 average4="0" variance4="1" freedom4="2" lambda4="1" rate4="0" probdist4="none" />
        <probability5 average5="0" variance5="1" freedom5="2" lambda5="1" rate5="0" probdist5="none" />
        <point x="99" y="339" />
        <point x="99" y="359" />
      </points>
    </arc>
    <arc id="id22" source="id1" target="id7" delay="0" weight="1" variableLabel="k">
      <points>
        <probability1 average1="0" variance1="1" freedom1="2" lambda1="1" rate1="100" probdist1="none" />
        <probability2 average2="0" variance2="1" freedom2="2" lambda2="1" rate2="0" probdist2="none" />
        <probability3 average3="0" variance3="1" freedom3="2" lambda3="1" rate3="0" probdist3="none" />
        <probability4 average4="0" variance4="1" freedom4="2" lambda4="1" rate4="0" probdist4="none" />
        <probability5 average5="0" variance5="1" freedom5="2" lambda5="1" rate5="0" probdist5="none" />
        <point x="97" y="213" />
        <point x="97" y="230" />
      </points>
    </arc>
    <arc id="id23" source="id7" target="id4" delay="0" weight="1" variableLabel="k">
      <points>
        <probability1 average1="0" variance1="1" freedom1="2" lambda1="1" rate1="100" probdist1="none" />
        <probability2 average2="0" variance2="1" freedom2="2" lambda2="1" rate2="0" probdist2="none" />
        <probability3 average3="0" variance3="1" freedom3="2" lambda3="1" rate3="0" probdist3="none" />
        <probability4 average4="0" variance4="1" freedom4="2" lambda4="1" rate4="0" probdist4="none" />
        <probability5 average5="0" variance5="1" freedom5="2" lambda5="1" rate5="0" probdist5="none" />
        <point x="97" y="250" />
        <point x="97" y="267" />
      </points>
    </arc>
    <arc id="id24" source="id5" target="id8" delay="0" weight="1" variableLabel="k">
      <points>
        <probability1 average1="0" variance1="1" freedom1="2" lambda1="1" rate1="100" probdist1="none" />
        <probability2 average2="0" variance2="1" freedom2="2" lambda2="1" rate2="0" probdist2="none" />
        <probability3 average3="0" variance3="1" freedom3="2" lambda3="1" rate3="0" probdist3="none" />
        <probability4 average4="0" variance4="1" freedom4="2" lambda4="1" rate4="0" probdist4="none" />
        <probability5 average5="0" variance5="1" freedom5="2" lambda5="1" rate5="0" probdist5="none" />
        <point x="99" y="388" />
        <point x="99" y="416" />
      </points>
    </arc>
    <arc id="id25" source="id8" target="id9" delay="0" weight="1" variableLabel="k">
      <points>
        <probability1 average1="0" variance1="1" freedom1="2" lambda1="1" rate1="100" probdist1="none" />
        <probability2 average2="0" variance2="1" freedom2="2" lambda2="1" rate2="0" probdist2="none" />
        <probability3 average3="0" variance3="1" freedom3="2" lambda3="1" rate3="0" probdist3="none" />
        <probability4 average4="0" variance4="1" freedom4="2" lambda4="1" rate4="0" probdist4="none" />
        <probability5 average5="0" variance5="1" freedom5="2" lambda5="1" rate5="0" probdist5="none" />
        <point x="125" y="416" />
        <point x="236" y="119" />
      </points>
    </arc>
    <arc id="id26" source="id9" target="id11" delay="0" weight="1" variableLabel="k">
      <points>
        <probability1 average1="0" variance1="1" freedom1="2" lambda1="1" rate1="100" probdist1="none" />
        <probability2 average2="0" variance2="1" freedom2="2" lambda2="1" rate2="0" probdist2="none" />
        <probability3 average3="0" variance3="1" freedom3="2" lambda3="1" rate3="0" probdist3="none" />
        <probability4 average4="0" variance4="1" freedom4="2" lambda4="1" rate4="0" probdist4="none" />
        <probability5 average5="0" variance5="1" freedom5="2" lambda5="1" rate5="0" probdist5="none" />
        <point x="246" y="120" />
        <point x="246" y="143" />
      </points>
    </arc>
    <arc id="id27" source="id11" target="id10" delay="0" weight="1" variableLabel="k">
      <points>
        <probability1 average1="0" variance1="1" freedom1="2" lambda1="1" rate1="100" probdist1="none" />
        <probability2 average2="0" variance2="1" freedom2="2" lambda2="1" rate2="0" probdist2="none" />
        <probability3 average3="0" variance3="1" freedom3="2" lambda3="1" rate3="0" probdist3="none" />
        <probability4 average4="0" variance4="1" freedom4="2" lambda4="1" rate4="0" probdist4="none" />
        <probability5 average5="0" variance5="1" freedom5="2" lambda5="1" rate5="0" probdist5="none" />
        <point x="247" y="163" />
        <point x="247" y="183" />
      </points>
    </arc>
    <arc id="id28" source="id12" target="id14" delay="0" weight="1" variableLabel="k">
      <points>
        <probability1 average1="0" variance1="1" freedom1="2" lambda1="1" rate1="100" probdist1="none" />
        <probability2 average2="0" variance2="1" freedom2="2" lambda2="1" rate2="0" probdist2="none" />
        <probability3 average3="0" variance3="1" freedom3="2" lambda3="1" rate3="0" probdist3="none" />
        <probability4 average4="0" variance4="1" freedom4="2" lambda4="1" rate4="0" probdist4="none" />
        <probability5 average5="0" variance5="1" freedom5="2" lambda5="1" rate5="0" probdist5="none" />
        <point x="248" y="295" />
        <point x="248" y="318" />
      </points>
    </arc>
    <arc id="id29" source="id14" target="id13" delay="0" weight="1" variableLabel="k">
      <points>
        <probability1 average1="0" variance1="1" freedom1="2" lambda1="1" rate1="100" probdist1="none" />
        <probability2 average2="0" variance2="1" freedom2="2" lambda2="1" rate2="0" probdist2="none" />
        <probability3 average3="0" variance3="1" freedom3="2" lambda3="1" rate3="0" probdist3="none" />
        <probability4 average4="0" variance4="1" freedom4="2" lambda4="1" rate4="0" probdist4="none" />
        <probability5 average5="0" variance5="1" freedom5="2" lambda5="1" rate5="0" probdist5="none" />
        <point x="249" y="338" />
        <point x="249" y="358" />
      </points>
    </arc>
    <arc id="id30" source="id10" target="id15" delay="0" weight="1" variableLabel="k">
      <points>
        <probability1 average1="0" variance1="1" freedom1="2" lambda1="1" rate1="100" probdist1="none" />
        <probability2 average2="0" variance2="1" freedom2="2" lambda2="1" rate2="0" probdist2="none" />
        <probability3 average3="0" variance3="1" freedom3="2" lambda3="1" rate3="0" probdist3="none" />
        <probability4 average4="0" variance4="1" freedom4="2" lambda4="1" rate4="0" probdist4="none" />
        <probability5 average5="0" variance5="1" freedom5="2" lambda5="1" rate5="0" probdist5="none" />
        <point x="247" y="212" />
        <point x="247" y="229" />
      </points>
    </arc>
    <arc id="id31" source="id15" target="id12" delay="0" weight="1" variableLabel="k">
      <points>
        <probability1 average1="0" variance1="1" freedom1="2" lambda1="1" rate1="100" probdist1="none" />
        <probability2 average2="0" variance2="1" freedom2="2" lambda2="1" rate2="0" probdist2="none" />
        <probability3 average3="0" variance3="1" freedom3="2" lambda3="1" rate3="0" probdist3="none" />
        <probability4 average4="0" variance4="1" freedom4="2" lambda4="1" rate4="0" probdist4="none" />
        <probability5 average5="0" variance5="1" freedom5="2" lambda5="1" rate5="0" probdist5="none" />
        <point x="247" y="249" />
        <point x="247" y="266" />
      </points>
    </arc>
    <arc id="id32" source="id13" target="id16" delay="0" weight="1" variableLabel="k">
      <points>
        <probability1 average1="0" variance1="1" freedom1="2" lambda1="1" rate1="100" probdist1="none" />
        <probability2 average2="0" variance2="1" freedom2="2" lambda2="1" rate2="0" probdist2="none" />
        <probability3 average3="0" variance3="1" freedom3="2" lambda3="1" rate3="0" probdist3="none" />
        <probability4 average4="0" variance4="1" freedom4="2" lambda4="1" rate4="0" probdist4="none" />
        <probability5 average5="0" variance5="1" freedom5="2" lambda5="1" rate5="0" probdist5="none" />
        <point x="249" y="387" />
        <point x="249" y="415" />
      </points>
    </arc>
    <arc id="id51" source="id33" target="id36" delay="0" weight="1" variableLabel="k">
      <points>
        <probability1 average1="0" variance1="1" freedom1="2" lambda1="1" rate1="100" probdist1="none" />
        <probability2 average2="0" variance2="1" freedom2="2" lambda2="1" rate2="0" probdist2="none" />
        <probability3 average3="0" variance3="1" freedom3="2" lambda3="1" rate3="0" probdist3="none" />
        <probability4 average4="0" variance4="1" freedom4="2" lambda4="1" rate4="0" probdist4="none" />
        <probability5 average5="0" variance5="1" freedom5="2" lambda5="1" rate5="0" probdist5="none" />
        <point x="384" y="119" />
        <point x="384" y="142" />
      </points>
    </arc>
    <arc id="id52" source="id36" target="id34" delay="0" weight="1" variableLabel="k">
      <points>
        <probability1 average1="0" variance1="1" freedom1="2" lambda1="1" rate1="100" probdist1="none" />
        <probability2 average2="0" variance2="1" freedom2="2" lambda2="1" rate2="0" probdist2="none" />
        <probability3 average3="0" variance3="1" freedom3="2" lambda3="1" rate3="0" probdist3="none" />
        <probability4 average4="0" variance4="1" freedom4="2" lambda4="1" rate4="0" probdist4="none" />
        <probability5 average5="0" variance5="1" freedom5="2" lambda5="1" rate5="0" probdist5="none" />
        <point x="385" y="162" />
        <point x="385" y="182" />
      </points>
    </arc>
    <arc id="id53" source="id37" target="id39" delay="0" weight="1" variableLabel="k">
      <points>
        <probability1 average1="0" variance1="1" freedom1="2" lambda1="1" rate1="100" probdist1="none" />
        <probability2 average2="0" variance2="1" freedom2="2" lambda2="1" rate2="0" probdist2="none" />
        <probability3 average3="0" variance3="1" freedom3="2" lambda3="1" rate3="0" probdist3="none" />
        <probability4 average4="0" variance4="1" freedom4="2" lambda4="1" rate4="0" probdist4="none" />
        <probability5 average5="0" variance5="1" freedom5="2" lambda5="1" rate5="0" probdist5="none" />
        <point x="386" y="294" />
        <point x="386" y="317" />
      </points>
    </arc>
    <arc id="id54" source="id39" target="id38" delay="0" weight="1" variableLabel="k">
      <points>
        <probability1 average1="0" variance1="1" freedom1="2" lambda1="1" rate1="100" probdist1="none" />
        <probability2 average2="0" variance2="1" freedom2="2" lambda2="1" rate2="0" probdist2="none" />
        <probability3 average3="0" variance3="1" freedom3="2" lambda3="1" rate3="0" probdist3="none" />
        <probability4 average4="0" variance4="1" freedom4="2" lambda4="1" rate4="0" probdist4="none" />
        <probability5 average5="0" variance5="1" freedom5="2" lambda5="1" rate5="0" probdist5="none" />
        <point x="387" y="337" />
        <point x="387" y="357" />
      </points>
    </arc>
    <arc id="id55" source="id34" target="id40" delay="0" weight="1" variableLabel="k">
      <points>
        <probability1 average1="0" variance1="1" freedom1="2" lambda1="1" rate1="100" probdist1="none" />
        <probability2 average2="0" variance2="1" freedom2="2" lambda2="1" rate2="0" probdist2="none" />
        <probability3 average3="0" variance3="1" freedom3="2" lambda3="1" rate3="0" probdist3="none" />
        <probability4 average4="0" variance4="1" freedom4="2" lambda4="1" rate4="0" probdist4="none" />
        <probability5 average5="0" variance5="1" freedom5="2" lambda5="1" rate5="0" probdist5="none" />
        <point x="385" y="211" />
        <point x="385" y="228" />
      </points>
    </arc>
    <arc id="id56" source="id40" target="id37" delay="0" weight="1" variableLabel="k">
      <points>
        <probability1 average1="0" variance1="1" freedom1="2" lambda1="1" rate1="100" probdist1="none" />
        <probability2 average2="0" variance2="1" freedom2="2" lambda2="1" rate2="0" probdist2="none" />
        <probability3 average3="0" variance3="1" freedom3="2" lambda3="1" rate3="0" probdist3="none" />
        <probability4 average4="0" variance4="1" freedom4="2" lambda4="1" rate4="0" probdist4="none" />
        <probability5 average5="0" variance5="1" freedom5="2" lambda5="1" rate5="0" probdist5="none" />
        <point x="385" y="248" />
        <point x="385" y="265" />
      </points>
    </arc>
    <arc id="id57" source="id38" target="id41" delay="0" weight="1" variableLabel="k">
      <points>
        <probability1 average1="0" variance1="1" freedom1="2" lambda1="1" rate1="100" probdist1="none" />
        <probability2 average2="0" variance2="1" freedom2="2" lambda2="1" rate2="0" probdist2="none" />
        <probability3 average3="0" variance3="1" freedom3="2" lambda3="1" rate3="0" probdist3="none" />
        <probability4 average4="0" variance4="1" freedom4="2" lambda4="1" rate4="0" probdist4="none" />
        <probability5 average5="0" variance5="1" freedom5="2" lambda5="1" rate5="0" probdist5="none" />
        <point x="387" y="386" />
        <point x="387" y="414" />
      </points>
    </arc>
    <arc id="id58" source="id41" target="id42" delay="0" weight="1" variableLabel="k">
      <points>
        <probability1 average1="0" variance1="1" freedom1="2" lambda1="1" rate1="100" probdist1="none" />
        <probability2 average2="0" variance2="1" freedom2="2" lambda2="1" rate2="0" probdist2="none" />
        <probability3 average3="0" variance3="1" freedom3="2" lambda3="1" rate3="0" probdist3="none" />
        <probability4 average4="0" variance4="1" freedom4="2" lambda4="1" rate4="0" probdist4="none" />
        <probability5 average5="0" variance5="1" freedom5="2" lambda5="1" rate5="0" probdist5="none" />
        <point x="413" y="414" />
        <point x="524" y="117" />
      </points>
    </arc>
    <arc id="id59" source="id42" target="id44" delay="0" weight="1" variableLabel="k">
      <points>
        <probability1 average1="0" variance1="1" freedom1="2" lambda1="1" rate1="100" probdist1="none" />
        <probability2 average2="0" variance2="1" freedom2="2" lambda2="1" rate2="0" probdist2="none" />
        <probability3 average3="0" variance3="1" freedom3="2" lambda3="1" rate3="0" probdist3="none" />
        <probability4 average4="0" variance4="1" freedom4="2" lambda4="1" rate4="0" probdist4="none" />
        <probability5 average5="0" variance5="1" freedom5="2" lambda5="1" rate5="0" probdist5="none" />
        <point x="534" y="118" />
        <point x="534" y="141" />
      </points>
    </arc>
    <arc id="id60" source="id44" target="id43" delay="0" weight="1" variableLabel="k">
      <points>
        <probability1 average1="0" variance1="1" freedom1="2" lambda1="1" rate1="100" probdist1="none" />
        <probability2 average2="0" variance2="1" freedom2="2" lambda2="1" rate2="0" probdist2="none" />
        <probability3 average3="0" variance3="1" freedom3="2" lambda3="1" rate3="0" probdist3="none" />
        <probability4 average4="0" variance4="1" freedom4="2" lambda4="1" rate4="0" probdist4="none" />
        <probability5 average5="0" variance5="1" freedom5="2" lambda5="1" rate5="0" probdist5="none" />
        <point x="535" y="161" />
        <point x="535" y="181" />
      </points>
    </arc>
    <arc id="id61" source="id45" target="id47" delay="0" weight="1" variableLabel="k">
      <points>
        <probability1 average1="0" variance1="1" freedom1="2" lambda1="1" rate1="100" probdist1="none" />
        <probability2 average2="0" variance2="1" freedom2="2" lambda2="1" rate2="0" probdist2="none" />
        <probability3 average3="0" variance3="1" freedom3="2" lambda3="1" rate3="0" probdist3="none" />
        <probability4 average4="0" variance4="1" freedom4="2" lambda4="1" rate4="0" probdist4="none" />
        <probability5 average5="0" variance5="1" freedom5="2" lambda5="1" rate5="0" probdist5="none" />
        <point x="536" y="293" />
        <point x="536" y="316" />
      </points>
    </arc>
    <arc id="id62" source="id47" target="id46" delay="0" weight="1" variableLabel="k">
      <points>
        <probability1 average1="0" variance1="1" freedom1="2" lambda1="1" rate1="100" probdist1="none" />
        <probability2 average2="0" variance2="1" freedom2="2" lambda2="1" rate2="0" probdist2="none" />
        <probability3 average3="0" variance3="1" freedom3="2" lambda3="1" rate3="0" probdist3="none" />
        <probability4 average4="0" variance4="1" freedom4="2" lambda4="1" rate4="0" probdist4="none" />
        <probability5 average5="0" variance5="1" freedom5="2" lambda5="1" rate5="0" probdist5="none" />
        <point x="537" y="336" />
        <point x="537" y="356" />
      </points>
    </arc>
    <arc id="id63" source="id43" target="id48" delay="0" weight="1" variableLabel="k">
      <points>
        <probability1 average1="0" variance1="1" freedom1="2" lambda1="1" rate1="100" probdist1="none" />
        <probability2 average2="0" variance2="1" freedom2="2" lambda2="1" rate2="0" probdist2="none" />
        <probability3 average3="0" variance3="1" freedom3="2" lambda3="1" rate3="0" probdist3="none" />
        <probability4 average4="0" variance4="1" freedom4="2" lambda4="1" rate4="0" probdist4="none" />
        <probability5 average5="0" variance5="1" freedom5="2" lambda5="1" rate5="0" probdist5="none" />
        <point x="535" y="210" />
        <point x="535" y="227" />
      </points>
    </arc>
    <arc id="id64" source="id48" target="id45" delay="0" weight="1" variableLabel="k">
      <points>
        <probability1 average1="0" variance1="1" freedom1="2" lambda1="1" rate1="100" probdist1="none" />
        <probability2 average2="0" variance2="1" freedom2="2" lambda2="1" rate2="0" probdist2="none" />
        <probability3 average3="0" variance3="1" freedom3="2" lambda3="1" rate3="0" probdist3="none" />
        <probability4 average4="0" variance4="1" freedom4="2" lambda4="1" rate4="0" probdist4="none" />
        <probability5 average5="0" variance5="1" freedom5="2" lambda5="1" rate5="0" probdist5="none" />
        <point x="535" y="247" />
        <point x="535" y="264" />
      </points>
    </arc>
    <arc id="id65" source="id46" target="id49" delay="0" weight="1" variableLabel="k">
      <points>
        <probability1 average1="0" variance1="1" freedom1="2" lambda1="1" rate1="100" probdist1="none" />
        <probability2 average2="0" variance2="1" freedom2="2" lambda2="1" rate2="0" probdist2="none" />
        <probability3 average3="0" variance3="1" freedom3="2" lambda3="1" rate3="0" probdist3="none" />
        <probability4 average4="0" variance4="1" freedom4="2" lambda4="1" rate4="0" probdist4="none" />
        <probability5 average5="0" variance5="1" freedom5="2" lambda5="1" rate5="0" probdist5="none" />
        <point x="537" y="385" />
        <point x="537" y="413" />
      </points>
    </arc>
    <arc id="id35" source="id16" target="id33" delay="0" weight="1" variableLabel="k">
      <points>
        <probability1 average1="0" variance1="1" freedom1="2" lambda1="1" rate1="100" probdist1="none" />
        <probability2 average2="0" variance2="1" freedom2="2" lambda2="1" rate2="0" probdist2="none" />
        <probability3 average3="0" variance3="1" freedom3="2" lambda3="1" rate3="0" probdist3="none" />
        <probability4 average4="0" variance4="1" freedom4="2" lambda4="1" rate4="0" probdist4="none" />
        <probability5 average5="0" variance5="1" freedom5="2" lambda5="1" rate5="0" probdist5="none" />
        <point x="275" y="415" />
        <point x="375" y="119" />
      </points>
    </arc>
  </page>
  <page id="main.page4" name="check">
    <place id="id1" name="indata" portdir="None" specifiedType="Int16" capacity="0">
      <initialMarking exp="1,11;1,12;1,13;1,14;" />
      <location x="254" y="87" />
      <size width="60" height="30" />
    </place>
    <place id="id2" name="outdata" portdir="None" specifiedType="Int16" capacity="0">
      <initialMarking exp="" />
      <location x="251" y="305" />
      <size width="60" height="30" />
    </place>
    <subpage id="id0" original="main.page1" name="FIFO_Int16_4">
      <location x="251" y="193" />
      <size width="100" height="40" />
      <port id="id0.port0" name="in" originalid="id2" type="transition" portdir="None">
        <location x="252" y="169" />
        <size width="50" height="20" />
      </port>
      <port id="id0.port1" name="out" originalid="id15" type="transition" portdir="None">
        <location x="252" y="216" />
        <size width="50" height="20" />
      </port>
    </subpage>
    <arc id="id3" source="id1" target="id0.port0" delay="0" weight="1" variableLabel="k">
      <points>
        <probability1 average1="0" variance1="1" freedom1="2" lambda1="1" rate1="100" probdist1="none" />
        <probability2 average2="0" variance2="1" freedom2="2" lambda2="1" rate2="0" probdist2="none" />
        <probability3 average3="0" variance3="1" freedom3="2" lambda3="1" rate3="0" probdist3="none" />
        <probability4 average4="0" variance4="1" freedom4="2" lambda4="1" rate4="0" probdist4="none" />
        <probability5 average5="0" variance5="1" freedom5="2" lambda5="1" rate5="0" probdist5="none" />
        <point x="254" y="101" />
        <point x="254" y="159" />
      </points>
    </arc>
    <arc id="id4" source="id0.port1" target="id2" delay="0" weight="1" variableLabel="k">
      <points>
        <probability1 average1="0" variance1="1" freedom1="2" lambda1="1" rate1="100" probdist1="none" />
        <probability2 average2="0" variance2="1" freedom2="2" lambda2="1" rate2="0" probdist2="none" />
        <probability3 average3="0" variance3="1" freedom3="2" lambda3="1" rate3="0" probdist3="none" />
        <probability4 average4="0" variance4="1" freedom4="2" lambda4="1" rate4="0" probdist4="none" />
        <probability5 average5="0" variance5="1" freedom5="2" lambda5="1" rate5="0" probdist5="none" />
        <point x="251" y="226" />
        <point x="251" y="290" />
      </points>
    </arc>
  </page>
</petrinet>