﻿<?xml version="1.0" encoding="utf-8"?>
<petrinet name="main">
  <page id="main.page0" name="main.page0">
    <place id="id0" name="loop_f" portdir="None" specifiedType="Int32" capacity="0">
      <initialMarking exp="1,0;" />
      <location x="173" y="352" />
      <size width="60" height="30" />
    </place>
    <place id="id1" name="pwm" portdir="None" specifiedType="Int32" capacity="0">
      <initialMarking exp="" />
      <location x="451" y="56" />
      <size width="60" height="30" />
    </place>
    <place id="id2" name="pwm" portdir="None" specifiedType="Int32" capacity="0">
      <initialMarking exp="" />
      <location x="450" y="167" />
      <size width="60" height="30" />
    </place>
    <place id="id3" name="return" portdir="None" specifiedType="Int32" capacity="0">
      <initialMarking exp="" />
      <location x="178" y="34" />
      <size width="60" height="30" />
    </place>
    <place id="id20" name="p" portdir="None" specifiedType="Int32" capacity="0">
      <initialMarking exp="" />
      <location x="765" y="49" />
      <size width="60" height="30" />
    </place>
    <place id="id21" name="p" portdir="None" specifiedType="Int32" capacity="0">
      <initialMarking exp="" />
      <location x="769" y="104" />
      <size width="60" height="30" />
    </place>
    <place id="id22" name="p" portdir="None" specifiedType="Int32" capacity="0">
      <initialMarking exp="" />
      <location x="771" y="175" />
      <size width="60" height="30" />
    </place>
    <place id="id23" name="p" portdir="None" specifiedType="Int32" capacity="0">
      <initialMarking exp="" />
      <location x="772" y="236" />
      <size width="60" height="30" />
    </place>
    <place id="id8" name="pwm" portdir="None" specifiedType="Int32" capacity="0">
      <initialMarking exp="" />
      <location x="452" y="110" />
      <size width="60" height="30" />
    </place>
    <place id="id13" name="pwm" portdir="None" specifiedType="Int32" capacity="0">
      <initialMarking exp="" />
      <location x="453" y="225" />
      <size width="60" height="30" />
    </place>
    <transition id="id4" name="LightSensor.getBrightness" portdir="None">
      <conditionalExp exp="b =a;" />
      <location x="176" y="114" />
      <size width="100" height="40" />
    </transition>
    <transition id="id6" name="motor_if" portdir="None">
      <conditionalExp exp="if(c &gt;= 400 ){&#xD;&#xA;d = 50;&#xD;&#xA;e = 0;}&#xD;&#xA;else {&#xD;&#xA;f = 0;&#xD;&#xA;g = 50;}" />
      <location x="326" y="116" />
      <size width="50" height="20" />
    </transition>
    <transition id="id7" name="MotorB.setPWM" portdir="None">
      <conditionalExp exp="l=h;" />
      <location x="614" y="58" />
      <size width="100" height="40" />
    </transition>
    <transition id="id17" name="MotorC.setPWM" portdir="None">
      <conditionalExp exp="m=i;" />
      <location x="615" y="122" />
      <size width="100" height="40" />
    </transition>
    <transition id="id18" name="MotorB.setPWM" portdir="None">
      <conditionalExp exp="n=j;" />
      <location x="616" y="178" />
      <size width="100" height="40" />
    </transition>
    <transition id="id19" name="MotorC.setPWM" portdir="None">
      <conditionalExp exp="o=k;" />
      <location x="619" y="233" />
      <size width="100" height="40" />
    </transition>
    <transition id="id28" name="t" portdir="None">
      <conditionalExp exp="t=0;" />
      <location x="903" y="300" />
      <size width="50" height="20" />
    </transition>
    <transition id="id29" name="t" portdir="None">
      <conditionalExp exp="u=0;" />
      <location x="906" y="368" />
      <size width="50" height="20" />
    </transition>
    <arc id="id5" source="id0" target="id4" delay="30" weight="1" variableLabel="a">
      <points>
        <probability average="30" variance="40" probdist="none" />
        <point x="173" y="338" />
        <point x="173" y="134" />
      </points>
    </arc>
    <arc id="id9" source="id4" target="id3" delay="0" weight="1" variableLabel="b">
      <points>
        <probability average="0" variance="0" probdist="none" />
        <point x="178" y="94" />
        <point x="178" y="49" />
      </points>
    </arc>
    <arc id="id10" source="id3" target="id6" delay="0" weight="1" variableLabel="c">
      <points>
        <probability average="0" variance="0" probdist="none" />
        <point x="204" y="41" />
        <point x="301" y="106" />
      </points>
    </arc>
    <arc id="id24" source="id7" target="id20" delay="0" weight="1" variableLabel="l">
      <points>
        <probability average="0" variance="0" probdist="none" />
        <point x="664" y="49" />
        <point x="735" y="49" />
      </points>
    </arc>
    <arc id="id25" source="id17" target="id21" delay="0" weight="1" variableLabel="m">
      <points>
        <probability average="0" variance="0" probdist="none" />
        <point x="665" y="104" />
        <point x="739" y="104" />
      </points>
    </arc>
    <arc id="id26" source="id18" target="id22" delay="0" weight="1" variableLabel="n">
      <points>
        <probability average="0" variance="0" probdist="none" />
        <point x="666" y="175" />
        <point x="741" y="175" />
      </points>
    </arc>
    <arc id="id27" source="id19" target="id23" delay="0" weight="1" variableLabel="o">
      <points>
        <probability average="0" variance="0" probdist="none" />
        <point x="669" y="236" />
        <point x="742" y="236" />
      </points>
    </arc>
    <arc id="id30" source="id20" target="id28" delay="0" weight="1" variableLabel="p">
      <points>
        <probability average="0" variance="0" probdist="none" />
        <point x="779" y="62" />
        <point x="878" y="290" />
      </points>
    </arc>
    <arc id="id31" source="id21" target="id28" delay="0" weight="1" variableLabel="q">
      <points>
        <probability average="0" variance="0" probdist="none" />
        <point x="785" y="116" />
        <point x="878" y="290" />
      </points>
    </arc>
    <arc id="id32" source="id22" target="id29" delay="0" weight="1" variableLabel="r">
      <points>
        <probability average="0" variance="0" probdist="none" />
        <point x="788" y="187" />
        <point x="881" y="358" />
      </points>
    </arc>
    <arc id="id33" source="id23" target="id29" delay="0" weight="1" variableLabel="s">
      <points>
        <probability average="0" variance="0" probdist="none" />
        <point x="793" y="246" />
        <point x="881" y="358" />
      </points>
    </arc>
    <arc id="id34" source="id29" target="id0" delay="0" weight="1" variableLabel="u">
      <points>
        <probability average="0" variance="0" probdist="none" />
        <point x="881" y="358" />
        <point x="202" y="352" />
      </points>
    </arc>
    <arc id="id35" source="id28" target="id0" delay="0" weight="1" variableLabel="t">
      <points>
        <probability average="0" variance="0" probdist="none" />
        <point x="878" y="310" />
        <point x="202" y="352" />
      </points>
    </arc>
    <arc id="id11" source="id6" target="id1" delay="0" weight="1" variableLabel="d">
      <points>
        <probability average="0" variance="0" probdist="none" />
        <point x="351" y="106" />
        <point x="425" y="62" />
      </points>
    </arc>
    <arc id="id12" source="id6" target="id8" delay="0" weight="1" variableLabel="e">
      <points>
        <probability average="0" variance="0" probdist="none" />
        <point x="351" y="110" />
        <point x="422" y="110" />
      </points>
    </arc>
    <arc id="id14" source="id6" target="id2" delay="0" weight="1" variableLabel="f">
      <points>
        <probability average="0" variance="0" probdist="none" />
        <point x="351" y="126" />
        <point x="423" y="162" />
      </points>
    </arc>
    <arc id="id15" source="id6" target="id13" delay="0" weight="1" variableLabel="g">
      <points>
        <probability average="0" variance="0" probdist="none" />
        <point x="351" y="126" />
        <point x="432" y="215" />
      </points>
    </arc>
    <arc id="id16" source="id1" target="id7" delay="0" weight="1" variableLabel="h">
      <points>
        <probability average="0" variance="0" probdist="none" />
        <point x="480" y="56" />
        <point x="564" y="56" />
      </points>
    </arc>
    <arc id="id36" source="id8" target="id17" delay="0" weight="1" variableLabel="i">
      <points>
        <probability average="0" variance="0" probdist="none" />
        <point x="481" y="111" />
        <point x="565" y="111" />
      </points>
    </arc>
    <arc id="id37" source="id2" target="id18" delay="0" weight="1" variableLabel="j">
      <points>
        <probability average="0" variance="0" probdist="none" />
        <point x="479" y="167" />
        <point x="566" y="167" />
      </points>
    </arc>
    <arc id="id38" source="id13" target="id19" delay="0" weight="1" variableLabel="k">
      <points>
        <probability average="0" variance="0" probdist="none" />
        <point x="482" y="225" />
        <point x="569" y="225" />
      </points>
    </arc>
  </page>
</petrinet>