﻿<?xml version="1.0" encoding="utf-8"?>
<petrinet name="main">
  <page id="main.page0" name="main.page0">
    <place id="id1" name="p" portdir="None" specifiedType="Int32" capacity="0">
      <initialMarking exp="1,0;" />
      <location x="52" y="43" />
      <size width="60" height="30" />
    </place>
    <transition id="id2" name="t" portdir="None">
      <conditionalExp exp="b=a;" />
      <location x="143" y="44" />
      <size width="50" height="20" />
    </transition>
    <transition id="id11" name="t" portdir="None">
      <conditionalExp exp="d=c;" />
      <location x="357" y="46" />
      <size width="50" height="20" />
    </transition>
    <transition id="id14" name="t" portdir="None">
      <conditionalExp exp="f=e;" />
      <location x="578" y="45" />
      <size width="50" height="20" />
    </transition>
    <transition id="id17" name="t" portdir="None">
      <conditionalExp exp="h=g;" />
      <location x="826" y="49" />
      <size width="50" height="20" />
    </transition>
    <transition id="id20" name="t" portdir="None">
      <conditionalExp exp="j=i;" />
      <location x="773" y="138" />
      <size width="50" height="20" />
    </transition>
    <transition id="id23" name="t" portdir="None">
      <conditionalExp exp="l=k;" />
      <location x="491" y="140" />
      <size width="50" height="20" />
    </transition>
    <transition id="id26" name="t" portdir="None">
      <conditionalExp exp="n=m;" />
      <location x="193" y="144" />
      <size width="50" height="20" />
    </transition>
    <transition id="id27" name="t" portdir="None">
      <conditionalExp exp="p=o;" />
      <location x="303" y="308" />
      <size width="50" height="20" />
    </transition>
    <subpage id="id0" original="main.page5" name="GoStraight">
      <location x="253" y="48" />
      <size width="50" height="70" />
      <port id="id0.port0" name="p" originalid="id27" type="place" portdir="None" specifiedType="Int32">
        <initialMarking exp="" />
        <location x="208" y="48" />
        <size width="30" height="30" />
      </port>
      <port id="id0.port1" name="p" originalid="id32" type="place" portdir="None" specifiedType="Int32">
        <initialMarking exp="" />
        <location x="298" y="48" />
        <size width="30" height="30" />
      </port>
    </subpage>
    <subpage id="id5" original="main.page9" name="LargeSoundGet">
      <location x="467" y="46" />
      <size width="50" height="70" />
      <port id="id5.port0" name="p" originalid="id58" type="place" portdir="None" specifiedType="Int32">
        <initialMarking exp="" />
        <location x="422" y="46" />
        <size width="30" height="30" />
      </port>
      <port id="id5.port1" name="p" originalid="id60" type="place" portdir="None" specifiedType="Int32">
        <initialMarking exp="" />
        <location x="512" y="46" />
        <size width="30" height="30" />
      </port>
    </subpage>
    <subpage id="id6" original="main.page9" name="LargeSoundGet">
      <location x="632" y="137" />
      <size width="50" height="70" />
      <port id="id6.port0" name="p" originalid="id58" type="place" portdir="None" specifiedType="Int32">
        <initialMarking exp="" />
        <location x="688" y="139" />
        <size width="30" height="30" />
      </port>
      <port id="id6.port1" name="p" originalid="id60" type="place" portdir="None" specifiedType="Int32">
        <initialMarking exp="" />
        <location x="567" y="139" />
        <size width="30" height="30" />
      </port>
    </subpage>
    <subpage id="id7" original="main.page4" name="TurnRight">
      <location x="704" y="48" />
      <size width="50" height="70" />
      <port id="id7.port0" name="p" originalid="id8" type="place" portdir="None" specifiedType="Int32">
        <initialMarking exp="" />
        <location x="659" y="48" />
        <size width="30" height="30" />
      </port>
      <port id="id7.port1" name="p" originalid="id26" type="place" portdir="None" specifiedType="Int32">
        <initialMarking exp="" />
        <location x="749" y="48" />
        <size width="30" height="30" />
      </port>
    </subpage>
    <subpage id="id8" original="main.page8" name="TurnLeft">
      <location x="339" y="222" />
      <size width="50" height="70" />
      <port id="id8.port0" name="p" originalid="id47" type="place" portdir="None" specifiedType="Int32">
        <initialMarking exp="" />
        <location x="266" y="215" />
        <size width="30" height="30" />
      </port>
      <port id="id8.port1" name="p" originalid="id57" type="place" portdir="None" specifiedType="Int32">
        <initialMarking exp="" />
        <location x="414" y="215" />
        <size width="30" height="30" />
      </port>
    </subpage>
    <subpage id="id9" original="main.page5" name="GoStraight">
      <location x="889" y="115" />
      <size width="50" height="70" />
      <port id="id9.port0" name="p" originalid="id27" type="place" portdir="None" specifiedType="Int32">
        <initialMarking exp="" />
        <location x="834" y="102" />
        <size width="30" height="30" />
      </port>
      <port id="id9.port1" name="p" originalid="id32" type="place" portdir="None" specifiedType="Int32">
        <initialMarking exp="" />
        <location x="834" y="138" />
        <size width="30" height="30" />
      </port>
    </subpage>
    <subpage id="id10" original="main.page5" name="GoStraight">
      <location x="338" y="141" />
      <size width="50" height="70" />
      <port id="id10.port0" name="p" originalid="id27" type="place" portdir="None" specifiedType="Int32">
        <initialMarking exp="" />
        <location x="413" y="142" />
        <size width="30" height="30" />
      </port>
      <port id="id10.port1" name="p" originalid="id32" type="place" portdir="None" specifiedType="Int32">
        <initialMarking exp="" />
        <location x="261" y="145" />
        <size width="30" height="30" />
      </port>
    </subpage>
    <arc id="id3" source="id1" target="id2" delay="0" weight="1" variableLabel="a">
      <points>
        <probability average="0" variance="0" probdist="none" />
        <point x="81" y="43" />
        <point x="118" y="43" />
      </points>
    </arc>
    <arc id="id4" source="id2" target="id0.port0" delay="0" weight="1" variableLabel="b">
      <points>
        <probability average="0" variance="0" probdist="none" />
        <point x="168" y="48" />
        <point x="193" y="48" />
      </points>
    </arc>
    <arc id="id12" source="id0.port1" target="id11" delay="0" weight="1" variableLabel="c">
      <points>
        <probability average="0" variance="0" probdist="none" />
        <point x="312" y="48" />
        <point x="332" y="48" />
      </points>
    </arc>
    <arc id="id13" source="id11" target="id5.port0" delay="0" weight="1" variableLabel="d">
      <points>
        <probability average="0" variance="0" probdist="none" />
        <point x="382" y="46" />
        <point x="407" y="46" />
      </points>
    </arc>
    <arc id="id15" source="id5.port1" target="id14" delay="0" weight="1" variableLabel="e">
      <points>
        <probability average="0" variance="0" probdist="none" />
        <point x="526" y="46" />
        <point x="553" y="46" />
      </points>
    </arc>
    <arc id="id16" source="id14" target="id7.port0" delay="0" weight="1" variableLabel="f">
      <points>
        <probability average="0" variance="0" probdist="none" />
        <point x="603" y="48" />
        <point x="644" y="48" />
      </points>
    </arc>
    <arc id="id19" source="id17" target="id9.port0" delay="0" weight="1" variableLabel="h">
      <points>
        <probability average="0" variance="0" probdist="none" />
        <point x="834" y="59" />
        <point x="834" y="87" />
      </points>
    </arc>
    <arc id="id21" source="id9.port1" target="id20" delay="0" weight="1" variableLabel="i">
      <points>
        <probability average="0" variance="0" probdist="none" />
        <point x="819" y="138" />
        <point x="798" y="138" />
      </points>
    </arc>
    <arc id="id22" source="id20" target="id6.port0" delay="0" weight="1" variableLabel="j">
      <points>
        <probability average="0" variance="0" probdist="none" />
        <point x="748" y="139" />
        <point x="703" y="139" />
      </points>
    </arc>
    <arc id="id24" source="id6.port1" target="id23" delay="0" weight="1" variableLabel="k">
      <points>
        <probability average="0" variance="0" probdist="none" />
        <point x="553" y="139" />
        <point x="516" y="139" />
      </points>
    </arc>
    <arc id="id25" source="id23" target="id10.port0" delay="0" weight="1" variableLabel="l">
      <points>
        <probability average="0" variance="0" probdist="none" />
        <point x="466" y="142" />
        <point x="428" y="142" />
      </points>
    </arc>
    <arc id="id28" source="id10.port1" target="id26" delay="0" weight="1" variableLabel="m">
      <points>
        <probability average="0" variance="0" probdist="none" />
        <point x="247" y="145" />
        <point x="218" y="145" />
      </points>
    </arc>
    <arc id="id29" source="id26" target="id8.port0" delay="0" weight="1" variableLabel="n">
      <points>
        <probability average="0" variance="0" probdist="none" />
        <point x="218" y="154" />
        <point x="257" y="204" />
      </points>
    </arc>
    <arc id="id30" source="id8.port1" target="id27" delay="0" weight="1" variableLabel="o">
      <points>
        <probability average="0" variance="0" probdist="none" />
        <point x="403" y="224" />
        <point x="328" y="298" />
      </points>
    </arc>
    <arc id="id31" source="id27" target="id1" delay="0" weight="1" variableLabel="p">
      <points>
        <probability average="0" variance="0" probdist="none" />
        <point x="278" y="298" />
        <point x="71" y="54" />
      </points>
    </arc>
    <arc id="id18" source="id7.port1" target="id17" delay="0" weight="1" variableLabel="g">
      <points>
        <probability average="0" variance="0" probdist="none" />
        <point x="763" y="48" />
        <point x="801" y="48" />
      </points>
    </arc>
  </page>
  <page id="main.page1" name="RightMotorSet">
    <place id="id1" name="p" portdir="In" specifiedType="Int32" capacity="0">
      <initialMarking exp="" />
      <location x="122" y="131" />
      <size width="60" height="30" />
    </place>
    <place id="id2" name="p" portdir="Out" specifiedType="Int32" capacity="0">
      <initialMarking exp="" />
      <location x="353" y="131" />
      <size width="60" height="30" />
    </place>
    <transition id="id0" name="MotorB.setPWM" portdir="None">
      <conditionalExp exp="mbb = mba;" />
      <location x="238" y="134" />
      <size width="50" height="20" />
    </transition>
    <arc id="id3" source="id1" target="id0" delay="0" weight="1" variableLabel="mba">
      <points>
        <probability average="0" variance="0" probdist="none" />
        <point x="151" y="131" />
        <point x="213" y="131" />
      </points>
    </arc>
    <arc id="id4" source="id0" target="id2" delay="0" weight="1" variableLabel="mbb">
      <points>
        <probability average="0" variance="0" probdist="none" />
        <point x="263" y="131" />
        <point x="323" y="131" />
      </points>
    </arc>
  </page>
  <page id="main.page2" name="LeftMotorSet">
    <place id="id3" name="p" portdir="In" specifiedType="Int32" capacity="0">
      <initialMarking exp="" />
      <location x="97" y="109" />
      <size width="60" height="30" />
    </place>
    <place id="id4" name="p" portdir="Out" specifiedType="Int32" capacity="0">
      <initialMarking exp="" />
      <location x="295" y="108" />
      <size width="60" height="30" />
    </place>
    <transition id="id0" name="MotorC.setPWM" portdir="None">
      <conditionalExp exp="mtcb = mtca;" />
      <location x="192" y="110" />
      <size width="50" height="20" />
    </transition>
    <arc id="id1" source="id3" target="id0" delay="0" weight="1" variableLabel="mtca">
      <points>
        <probability average="0" variance="0" probdist="none" />
        <point x="126" y="109" />
        <point x="167" y="109" />
      </points>
    </arc>
    <arc id="id2" source="id0" target="id4" delay="0" weight="1" variableLabel="mtcb">
      <points>
        <probability average="0" variance="0" probdist="none" />
        <point x="217" y="108" />
        <point x="265" y="108" />
      </points>
    </arc>
  </page>
  <page id="main.page3" name="Touch">
    <place id="id5" name="p" portdir="In" specifiedType="Int32" capacity="0">
      <initialMarking exp="" />
      <location x="73" y="132" />
      <size width="60" height="30" />
    </place>
    <place id="id6" name="p" portdir="None" specifiedType="Bool" capacity="0">
      <initialMarking exp="" />
      <location x="248" y="133" />
      <size width="60" height="30" />
    </place>
    <place id="id7" name="p" portdir="Out" specifiedType="Int32" capacity="0">
      <initialMarking exp="" />
      <location x="422" y="133" />
      <size width="60" height="30" />
    </place>
    <transition id="id0" name="TouchSensor.isPressed" portdir="None">
      <conditionalExp exp="tb = false;" />
      <location x="159" y="132" />
      <size width="50" height="20" />
    </transition>
    <transition id="id1" name="t" portdir="None">
      <conditionalExp exp="if(tc == true){&#xD;&#xA;td = 0;&#xD;&#xA;}&#xD;&#xA;else{&#xD;&#xA;te = 0;&#xD;&#xA;}" />
      <location x="339" y="132" />
      <size width="50" height="20" />
    </transition>
    <arc id="id2" source="id5" target="id0" delay="0" weight="1" variableLabel="ta">
      <points>
        <probability average="0" variance="0" probdist="none" />
        <point x="103" y="132" />
        <point x="134" y="132" />
      </points>
    </arc>
    <arc id="id3" source="id0" target="id6" delay="0" weight="1" variableLabel="tb">
      <points>
        <probability average="0" variance="0" probdist="none" />
        <point x="184" y="133" />
        <point x="218" y="133" />
      </points>
    </arc>
    <arc id="id4" source="id6" target="id1" delay="0" weight="1" variableLabel="tc">
      <points>
        <probability average="0" variance="0" probdist="none" />
        <point x="277" y="133" />
        <point x="314" y="133" />
      </points>
    </arc>
    <arc id="id8" source="id1" target="id7" delay="0" weight="1" variableLabel="td">
      <points>
        <probability average="0" variance="0" probdist="none" />
        <point x="364" y="133" />
        <point x="392" y="133" />
      </points>
    </arc>
    <arc id="id9" source="id1" target="id5" delay="0" weight="1" variableLabel="te">
      <points>
        <probability average="0" variance="0" probdist="none" />
        <point x="314" y="142" />
        <point x="228" y="196" />
        <point x="102" y="132" />
      </points>
    </arc>
  </page>
  <page id="main.page4" name="TurnRight">
    <place id="id8" name="p" portdir="In" specifiedType="Int32" capacity="0">
      <initialMarking exp="" />
      <location x="62" y="163" />
      <size width="60" height="30" />
    </place>
    <place id="id9" name="p" portdir="None" specifiedType="Int32" capacity="0">
      <initialMarking exp="" />
      <location x="152" y="100" />
      <size width="60" height="30" />
    </place>
    <place id="id10" name="p" portdir="None" specifiedType="Int32" capacity="0">
      <initialMarking exp="" />
      <location x="152" y="234" />
      <size width="60" height="30" />
    </place>
    <place id="id11" name="p" portdir="None" specifiedType="Int32" capacity="0">
      <initialMarking exp="" />
      <location x="371" y="98" />
      <size width="60" height="30" />
    </place>
    <place id="id12" name="p" portdir="None" specifiedType="Int32" capacity="0">
      <initialMarking exp="" />
      <location x="371" y="230" />
      <size width="60" height="30" />
    </place>
    <place id="id13" name="p" portdir="None" specifiedType="Int32" capacity="0">
      <initialMarking exp="" />
      <location x="462" y="160" />
      <size width="60" height="30" />
    </place>
    <place id="id22" name="p" portdir="None" specifiedType="Int32" capacity="0">
      <initialMarking exp="" />
      <location x="534" y="41" />
      <size width="60" height="30" />
    </place>
    <place id="id23" name="p" portdir="None" specifiedType="Int32" capacity="0">
      <initialMarking exp="" />
      <location x="535" y="129" />
      <size width="60" height="30" />
    </place>
    <place id="id24" name="p" portdir="None" specifiedType="Int32" capacity="0">
      <initialMarking exp="" />
      <location x="742" y="38" />
      <size width="60" height="30" />
    </place>
    <place id="id25" name="p" portdir="None" specifiedType="Int32" capacity="0">
      <initialMarking exp="" />
      <location x="743" y="131" />
      <size width="60" height="30" />
    </place>
    <place id="id26" name="p" portdir="Out" specifiedType="Int32" capacity="0">
      <initialMarking exp="" />
      <location x="829" y="160" />
      <size width="60" height="30" />
    </place>
    <transition id="id0" name="t" portdir="None">
      <conditionalExp exp="tlb = 70;&#xD;&#xA;tlg = 0;" />
      <location x="149" y="164" />
      <size width="50" height="20" />
    </transition>
    <transition id="id1" name="MotorB.setPWM" portdir="None">
      <conditionalExp exp="tld = tlc;" />
      <location x="259" y="99" />
      <size width="50" height="20" />
    </transition>
    <transition id="id2" name="MotorC.setPWM" portdir="None">
      <conditionalExp exp="tli = tlh;" />
      <location x="260" y="233" />
      <size width="50" height="20" />
    </transition>
    <transition id="id3" name="t" portdir="None">
      <conditionalExp exp="tlf = 0;" />
      <location x="372" y="161" />
      <size width="50" height="20" />
    </transition>
    <transition id="id20" name="t" portdir="None">
      <conditionalExp exp="tll = 0;&#xD;&#xA;tlp = 0;" />
      <location x="458" y="94" />
      <size width="50" height="20" />
    </transition>
    <transition id="id27" name="MotorB.setPWM" portdir="None">
      <conditionalExp exp="tln = tlm;" />
      <location x="641" y="39" />
      <size width="50" height="20" />
    </transition>
    <transition id="id28" name="MotorC.setPWM" portdir="None">
      <conditionalExp exp="tlr = tlq;" />
      <location x="641" y="128" />
      <size width="50" height="20" />
    </transition>
    <transition id="id35" name="t" portdir="None">
      <conditionalExp exp="tlt = 0;" />
      <location x="830" y="85" />
      <size width="50" height="20" />
    </transition>
    <arc id="id4" source="id8" target="id0" delay="0" weight="1" variableLabel="tla">
      <points>
        <probability average="0" variance="0" probdist="none" />
        <point x="91" y="163" />
        <point x="124" y="163" />
      </points>
    </arc>
    <arc id="id5" source="id0" target="id9" delay="0" weight="1" variableLabel="tlb">
      <points>
        <probability average="0" variance="0" probdist="none" />
        <point x="152" y="154" />
        <point x="152" y="115" />
      </points>
    </arc>
    <arc id="id6" source="id0" target="id10" delay="0" weight="1" variableLabel="tlg">
      <points>
        <probability average="0" variance="0" probdist="none" />
        <point x="152" y="174" />
        <point x="152" y="219" />
      </points>
    </arc>
    <arc id="id7" source="id10" target="id2" delay="0" weight="1" variableLabel="tlh">
      <points>
        <probability average="0" variance="0" probdist="none" />
        <point x="181" y="234" />
        <point x="235" y="234" />
      </points>
    </arc>
    <arc id="id14" source="id9" target="id1" delay="0" weight="1" variableLabel="tlc">
      <points>
        <probability average="0" variance="0" probdist="none" />
        <point x="181" y="100" />
        <point x="234" y="100" />
      </points>
    </arc>
    <arc id="id15" source="id1" target="id11" delay="0" weight="1" variableLabel="tld">
      <points>
        <probability average="0" variance="0" probdist="none" />
        <point x="284" y="98" />
        <point x="341" y="98" />
      </points>
    </arc>
    <arc id="id16" source="id2" target="id12" delay="0" weight="1" variableLabel="tli">
      <points>
        <probability average="0" variance="0" probdist="none" />
        <point x="285" y="230" />
        <point x="341" y="230" />
      </points>
    </arc>
    <arc id="id17" source="id12" target="id3" delay="0" weight="1" variableLabel="tlj">
      <points>
        <probability average="0" variance="0" probdist="none" />
        <point x="371" y="216" />
        <point x="371" y="171" />
      </points>
    </arc>
    <arc id="id18" source="id11" target="id3" delay="0" weight="1" variableLabel="tle">
      <points>
        <probability average="0" variance="0" probdist="none" />
        <point x="371" y="112" />
        <point x="371" y="151" />
      </points>
    </arc>
    <arc id="id19" source="id3" target="id13" delay="0" weight="1" variableLabel="tlf">
      <points>
        <probability average="0" variance="0" probdist="none" />
        <point x="397" y="160" />
        <point x="432" y="160" />
      </points>
    </arc>
    <arc id="id21" source="id13" target="id20" delay="1200" weight="1" variableLabel="tlk">
      <points>
        <probability average="1200" variance="0" probdist="none" />
        <point x="461" y="146" />
        <point x="461" y="104" />
      </points>
    </arc>
    <arc id="id29" source="id20" target="id22" delay="0" weight="1" variableLabel="tll">
      <points>
        <probability average="0" variance="0" probdist="none" />
        <point x="483" y="84" />
        <point x="512" y="50" />
      </points>
    </arc>
    <arc id="id30" source="id20" target="id23" delay="0" weight="1" variableLabel="tlp">
      <points>
        <probability average="0" variance="0" probdist="none" />
        <point x="483" y="104" />
        <point x="508" y="123" />
      </points>
    </arc>
    <arc id="id31" source="id23" target="id28" delay="0" weight="1" variableLabel="tlq">
      <points>
        <probability average="0" variance="0" probdist="none" />
        <point x="564" y="129" />
        <point x="616" y="129" />
      </points>
    </arc>
    <arc id="id32" source="id22" target="id27" delay="0" weight="1" variableLabel="tlm">
      <points>
        <probability average="0" variance="0" probdist="none" />
        <point x="563" y="41" />
        <point x="616" y="41" />
      </points>
    </arc>
    <arc id="id33" source="id27" target="id24" delay="0" weight="1" variableLabel="tln">
      <points>
        <probability average="0" variance="0" probdist="none" />
        <point x="666" y="38" />
        <point x="712" y="38" />
      </points>
    </arc>
    <arc id="id34" source="id28" target="id25" delay="0" weight="1" variableLabel="tlr">
      <points>
        <probability average="0" variance="0" probdist="none" />
        <point x="666" y="131" />
        <point x="713" y="131" />
      </points>
    </arc>
    <arc id="id36" source="id24" target="id35" delay="0" weight="1" variableLabel="tlo">
      <points>
        <probability average="0" variance="0" probdist="none" />
        <point x="768" y="45" />
        <point x="805" y="75" />
      </points>
    </arc>
    <arc id="id37" source="id25" target="id35" delay="0" weight="1" variableLabel="tls">
      <points>
        <probability average="0" variance="0" probdist="none" />
        <point x="769" y="124" />
        <point x="805" y="95" />
      </points>
    </arc>
    <arc id="id38" source="id35" target="id26" delay="0" weight="1" variableLabel="tlt">
      <points>
        <probability average="0" variance="0" probdist="none" />
        <point x="829" y="95" />
        <point x="829" y="145" />
      </points>
    </arc>
  </page>
  <page id="main.page5" name="GoStraight">
    <place id="id27" name="p" portdir="In" specifiedType="Int32" capacity="0">
      <initialMarking exp="" />
      <location x="86" y="167" />
      <size width="60" height="30" />
    </place>
    <place id="id28" name="p" portdir="None" specifiedType="Int32" capacity="0">
      <initialMarking exp="" />
      <location x="266" y="73" />
      <size width="60" height="30" />
    </place>
    <place id="id29" name="p" portdir="None" specifiedType="Int32" capacity="0">
      <initialMarking exp="" />
      <location x="264" y="230" />
      <size width="60" height="30" />
    </place>
    <place id="id30" name="p" portdir="None" specifiedType="Int32" capacity="0">
      <initialMarking exp="" />
      <location x="446" y="65" />
      <size width="60" height="30" />
    </place>
    <place id="id31" name="p" portdir="None" specifiedType="Int32" capacity="0">
      <initialMarking exp="" />
      <location x="455" y="230" />
      <size width="60" height="30" />
    </place>
    <place id="id32" name="p" portdir="Out" specifiedType="Int32" capacity="0">
      <initialMarking exp="" />
      <location x="659" y="159" />
      <size width="60" height="30" />
    </place>
    <transition id="id0" name="t" portdir="None">
      <conditionalExp exp="gsb = gsa;&#xD;&#xA;gsg = gsa;" />
      <location x="183" y="168" />
      <size width="50" height="20" />
    </transition>
    <transition id="id33" name="MotorB.setPWM" portdir="None">
      <conditionalExp exp="gsd = gsc;" />
      <location x="357" y="68" />
      <size width="50" height="20" />
    </transition>
    <transition id="id34" name="MotorC.setPWM" portdir="None">
      <conditionalExp exp="gsi = gsh;" />
      <location x="365" y="236" />
      <size width="50" height="20" />
    </transition>
    <transition id="id35" name="t" portdir="None">
      <conditionalExp exp="gsf = 0;" />
      <location x="553" y="155" />
      <size width="50" height="20" />
    </transition>
    <arc id="id36" source="id27" target="id0" delay="0" weight="1" variableLabel="gsa">
      <points>
        <probability average="0" variance="0" probdist="none" />
        <point x="115" y="167" />
        <point x="158" y="167" />
      </points>
    </arc>
    <arc id="id37" source="id0" target="id28" delay="0" weight="1" variableLabel="gsb">
      <points>
        <probability average="0" variance="0" probdist="none" />
        <point x="208" y="158" />
        <point x="250" y="85" />
      </points>
    </arc>
    <arc id="id38" source="id0" target="id29" delay="0" weight="1" variableLabel="gsg">
      <points>
        <probability average="0" variance="0" probdist="none" />
        <point x="208" y="178" />
        <point x="243" y="220" />
      </points>
    </arc>
    <arc id="id39" source="id29" target="id34" delay="0" weight="1" variableLabel="gsh">
      <points>
        <probability average="0" variance="0" probdist="none" />
        <point x="293" y="230" />
        <point x="340" y="230" />
      </points>
    </arc>
    <arc id="id40" source="id34" target="id31" delay="0" weight="1" variableLabel="gsi">
      <points>
        <probability average="0" variance="0" probdist="none" />
        <point x="390" y="230" />
        <point x="425" y="230" />
      </points>
    </arc>
    <arc id="id41" source="id31" target="id35" delay="0" weight="1" variableLabel="gsj">
      <points>
        <probability average="0" variance="0" probdist="none" />
        <point x="478" y="221" />
        <point x="528" y="165" />
      </points>
    </arc>
    <arc id="id42" source="id35" target="id32" delay="0" weight="1" variableLabel="gsf">
      <points>
        <probability average="0" variance="0" probdist="none" />
        <point x="578" y="159" />
        <point x="629" y="159" />
      </points>
    </arc>
    <arc id="id43" source="id28" target="id33" delay="0" weight="1" variableLabel="gsc">
      <points>
        <probability average="0" variance="0" probdist="none" />
        <point x="295" y="73" />
        <point x="332" y="73" />
      </points>
    </arc>
    <arc id="id44" source="id33" target="id30" delay="0" weight="1" variableLabel="gsd">
      <points>
        <probability average="0" variance="0" probdist="none" />
        <point x="382" y="65" />
        <point x="416" y="65" />
      </points>
    </arc>
    <arc id="id45" source="id30" target="id35" delay="0" weight="1" variableLabel="gse">
      <points>
        <probability average="0" variance="0" probdist="none" />
        <point x="468" y="74" />
        <point x="528" y="145" />
      </points>
    </arc>
  </page>
  <page id="main.page6" name="setLamp{in bool}">
    <place id="id33" name="p" portdir="In" specifiedType="Bool" capacity="0">
      <initialMarking exp="" />
      <location x="118" y="139" />
      <size width="60" height="30" />
    </place>
    <place id="id34" name="p" portdir="Out" specifiedType="Bool" capacity="0">
      <initialMarking exp="" />
      <location x="351" y="142" />
      <size width="60" height="30" />
    </place>
    <transition id="id36" name="setLamp" portdir="None">
      <conditionalExp exp="slb = sla;" />
      <location x="235" y="138" />
      <size width="50" height="20" />
    </transition>
    <arc id="id35" source="id33" target="id36" delay="0" weight="1" variableLabel="sla">
      <points>
        <probability average="0" variance="0" probdist="none" />
        <point x="0" y="0" />
        <point x="0" y="0" />
      </points>
    </arc>
    <arc id="id37" source="id36" target="id34" delay="0" weight="1" variableLabel="slb">
      <points>
        <probability average="0" variance="0" probdist="none" />
        <point x="0" y="0" />
        <point x="0" y="0" />
      </points>
    </arc>
  </page>
  <page id="main.page7" name="LineTrace">
    <place id="id36" name="p" portdir="In" specifiedType="Int32" capacity="0">
      <initialMarking exp="" />
      <location x="75" y="296" />
      <size width="60" height="30" />
    </place>
    <place id="id37" name="pwm" portdir="None" specifiedType="Int32" capacity="0">
      <initialMarking exp="" />
      <location x="347" y="83" />
      <size width="60" height="30" />
    </place>
    <place id="id38" name="pwm" portdir="None" specifiedType="Int32" capacity="0">
      <initialMarking exp="" />
      <location x="345" y="195" />
      <size width="60" height="30" />
    </place>
    <place id="id39" name="return" portdir="None" specifiedType="Int32" capacity="0">
      <initialMarking exp="" />
      <location x="74" y="62" />
      <size width="60" height="30" />
    </place>
    <place id="id40" name="p" portdir="None" specifiedType="Int32" capacity="0">
      <initialMarking exp="" />
      <location x="662" y="77" />
      <size width="60" height="30" />
    </place>
    <place id="id41" name="p" portdir="None" specifiedType="Int32" capacity="0">
      <initialMarking exp="" />
      <location x="665" y="132" />
      <size width="60" height="30" />
    </place>
    <place id="id42" name="p" portdir="None" specifiedType="Int32" capacity="0">
      <initialMarking exp="" />
      <location x="667" y="204" />
      <size width="60" height="30" />
    </place>
    <place id="id43" name="p" portdir="None" specifiedType="Int32" capacity="0">
      <initialMarking exp="" />
      <location x="668" y="264" />
      <size width="60" height="30" />
    </place>
    <place id="id44" name="pwm" portdir="None" specifiedType="Int32" capacity="0">
      <initialMarking exp="" />
      <location x="346" y="138" />
      <size width="60" height="30" />
    </place>
    <place id="id45" name="pwm" portdir="None" specifiedType="Int32" capacity="0">
      <initialMarking exp="" />
      <location x="349" y="253" />
      <size width="60" height="30" />
    </place>
    <place id="id46" name="p" portdir="Out" specifiedType="Int32" capacity="0">
      <initialMarking exp="" />
      <location x="963" y="281" />
      <size width="60" height="30" />
    </place>
    <transition id="id47" name="LightSensor.getBrightness" portdir="None">
      <conditionalExp exp="b =a;" />
      <location x="73" y="142" />
      <size width="100" height="40" />
    </transition>
    <transition id="id48" name="motor_if" portdir="None">
      <conditionalExp exp="if(c &gt;= 400 ){&#xD;&#xA;d = 50;&#xD;&#xA;e = 0;}&#xD;&#xA;else {&#xD;&#xA;f = 0;&#xD;&#xA;g = 50;}" />
      <location x="222" y="144" />
      <size width="50" height="20" />
    </transition>
    <transition id="id49" name="MotorB.setPWM" portdir="None">
      <conditionalExp exp="l=h;" />
      <location x="510" y="85" />
      <size width="100" height="40" />
    </transition>
    <transition id="id50" name="MotorC.setPWM" portdir="None">
      <conditionalExp exp="m=i;" />
      <location x="512" y="145" />
      <size width="100" height="40" />
    </transition>
    <transition id="id51" name="MotorB.setPWM" portdir="None">
      <conditionalExp exp="n=j;" />
      <location x="512" y="206" />
      <size width="100" height="40" />
    </transition>
    <transition id="id52" name="MotorC.setPWM" portdir="None">
      <conditionalExp exp="o=k;" />
      <location x="510" y="260" />
      <size width="100" height="40" />
    </transition>
    <transition id="id53" name="t" portdir="None">
      <conditionalExp exp="t=0;" />
      <location x="805" y="265" />
      <size width="50" height="20" />
    </transition>
    <transition id="id54" name="t" portdir="None">
      <conditionalExp exp="u=0;" />
      <location x="807" y="314" />
      <size width="50" height="20" />
    </transition>
    <arc id="id55" source="id36" target="id47" delay="30" weight="1" variableLabel="a">
      <points>
        <probability average="30" variance="40" probdist="none" />
        <point x="75" y="282" />
        <point x="75" y="162" />
      </points>
    </arc>
    <arc id="id56" source="id47" target="id39" delay="0" weight="1" variableLabel="b">
      <points>
        <probability average="0" variance="0" probdist="none" />
        <point x="74" y="122" />
        <point x="74" y="77" />
      </points>
    </arc>
    <arc id="id57" source="id39" target="id48" delay="0" weight="1" variableLabel="c">
      <points>
        <probability average="0" variance="0" probdist="none" />
        <point x="100" y="69" />
        <point x="197" y="134" />
      </points>
    </arc>
    <arc id="id58" source="id49" target="id40" delay="0" weight="1" variableLabel="l">
      <points>
        <probability average="0" variance="0" probdist="none" />
        <point x="560" y="77" />
        <point x="632" y="77" />
      </points>
    </arc>
    <arc id="id59" source="id50" target="id41" delay="0" weight="1" variableLabel="m">
      <points>
        <probability average="0" variance="0" probdist="none" />
        <point x="562" y="132" />
        <point x="635" y="132" />
      </points>
    </arc>
    <arc id="id60" source="id51" target="id42" delay="0" weight="1" variableLabel="n">
      <points>
        <probability average="0" variance="0" probdist="none" />
        <point x="562" y="204" />
        <point x="637" y="204" />
      </points>
    </arc>
    <arc id="id61" source="id52" target="id43" delay="0" weight="1" variableLabel="o">
      <points>
        <probability average="0" variance="0" probdist="none" />
        <point x="560" y="264" />
        <point x="638" y="264" />
      </points>
    </arc>
    <arc id="id62" source="id40" target="id53" delay="0" weight="1" variableLabel="p">
      <points>
        <probability average="0" variance="0" probdist="none" />
        <point x="680" y="88" />
        <point x="780" y="255" />
      </points>
    </arc>
    <arc id="id63" source="id41" target="id53" delay="0" weight="1" variableLabel="q">
      <points>
        <probability average="0" variance="0" probdist="none" />
        <point x="686" y="142" />
        <point x="780" y="255" />
      </points>
    </arc>
    <arc id="id64" source="id42" target="id54" delay="0" weight="1" variableLabel="r">
      <points>
        <probability average="0" variance="0" probdist="none" />
        <point x="690" y="213" />
        <point x="782" y="304" />
      </points>
    </arc>
    <arc id="id65" source="id43" target="id54" delay="0" weight="1" variableLabel="s">
      <points>
        <probability average="0" variance="0" probdist="none" />
        <point x="696" y="269" />
        <point x="782" y="304" />
      </points>
    </arc>
    <arc id="id66" source="id48" target="id37" delay="0" weight="1" variableLabel="d">
      <points>
        <probability average="0" variance="0" probdist="none" />
        <point x="247" y="134" />
        <point x="321" y="89" />
      </points>
    </arc>
    <arc id="id67" source="id48" target="id44" delay="0" weight="1" variableLabel="e">
      <points>
        <probability average="0" variance="0" probdist="none" />
        <point x="247" y="138" />
        <point x="316" y="138" />
      </points>
    </arc>
    <arc id="id68" source="id48" target="id38" delay="0" weight="1" variableLabel="f">
      <points>
        <probability average="0" variance="0" probdist="none" />
        <point x="247" y="154" />
        <point x="318" y="190" />
      </points>
    </arc>
    <arc id="id69" source="id48" target="id45" delay="0" weight="1" variableLabel="g">
      <points>
        <probability average="0" variance="0" probdist="none" />
        <point x="247" y="154" />
        <point x="328" y="243" />
      </points>
    </arc>
    <arc id="id70" source="id37" target="id49" delay="0" weight="1" variableLabel="h">
      <points>
        <probability average="0" variance="0" probdist="none" />
        <point x="376" y="83" />
        <point x="460" y="83" />
      </points>
    </arc>
    <arc id="id71" source="id44" target="id50" delay="0" weight="1" variableLabel="i">
      <points>
        <probability average="0" variance="0" probdist="none" />
        <point x="375" y="138" />
        <point x="462" y="138" />
      </points>
    </arc>
    <arc id="id72" source="id38" target="id51" delay="0" weight="1" variableLabel="j">
      <points>
        <probability average="0" variance="0" probdist="none" />
        <point x="374" y="195" />
        <point x="462" y="195" />
      </points>
    </arc>
    <arc id="id73" source="id45" target="id52" delay="0" weight="1" variableLabel="k">
      <points>
        <probability average="0" variance="0" probdist="none" />
        <point x="378" y="253" />
        <point x="460" y="253" />
      </points>
    </arc>
    <arc id="id74" source="id53" target="id46" delay="0" weight="1" variableLabel="t">
      <points>
        <probability average="0" variance="0" probdist="none" />
        <point x="830" y="275" />
        <point x="934" y="281" />
      </points>
    </arc>
    <arc id="id75" source="id54" target="id46" delay="0" weight="1" variableLabel="u">
      <points>
        <probability average="0" variance="0" probdist="none" />
        <point x="832" y="304" />
        <point x="934" y="283" />
      </points>
    </arc>
  </page>
  <page id="main.page8" name="TurnLeft">
    <place id="id47" name="p" portdir="In" specifiedType="Int32" capacity="0">
      <initialMarking exp="" />
      <location x="72" y="173" />
      <size width="60" height="30" />
    </place>
    <place id="id48" name="p" portdir="None" specifiedType="Int32" capacity="0">
      <initialMarking exp="" />
      <location x="162" y="110" />
      <size width="60" height="30" />
    </place>
    <place id="id49" name="p" portdir="None" specifiedType="Int32" capacity="0">
      <initialMarking exp="" />
      <location x="162" y="244" />
      <size width="60" height="30" />
    </place>
    <place id="id50" name="p" portdir="None" specifiedType="Int32" capacity="0">
      <initialMarking exp="" />
      <location x="381" y="108" />
      <size width="60" height="30" />
    </place>
    <place id="id51" name="p" portdir="None" specifiedType="Int32" capacity="0">
      <initialMarking exp="" />
      <location x="381" y="240" />
      <size width="60" height="30" />
    </place>
    <place id="id52" name="p" portdir="None" specifiedType="Int32" capacity="0">
      <initialMarking exp="" />
      <location x="472" y="170" />
      <size width="60" height="30" />
    </place>
    <place id="id53" name="p" portdir="None" specifiedType="Int32" capacity="0">
      <initialMarking exp="" />
      <location x="544" y="51" />
      <size width="60" height="30" />
    </place>
    <place id="id54" name="p" portdir="None" specifiedType="Int32" capacity="0">
      <initialMarking exp="" />
      <location x="545" y="139" />
      <size width="60" height="30" />
    </place>
    <place id="id55" name="p" portdir="None" specifiedType="Int32" capacity="0">
      <initialMarking exp="" />
      <location x="752" y="48" />
      <size width="60" height="30" />
    </place>
    <place id="id56" name="p" portdir="None" specifiedType="Int32" capacity="0">
      <initialMarking exp="" />
      <location x="753" y="141" />
      <size width="60" height="30" />
    </place>
    <place id="id57" name="p" portdir="Out" specifiedType="Int32" capacity="0">
      <initialMarking exp="" />
      <location x="839" y="170" />
      <size width="60" height="30" />
    </place>
    <transition id="id58" name="t" portdir="None">
      <conditionalExp exp="trb = 0;&#xD;&#xA;trg = 70;" />
      <location x="159" y="174" />
      <size width="50" height="20" />
    </transition>
    <transition id="id59" name="MotorB.setPWM" portdir="None">
      <conditionalExp exp="trd = trc;" />
      <location x="269" y="109" />
      <size width="50" height="20" />
    </transition>
    <transition id="id60" name="MotorC.setPWM" portdir="None">
      <conditionalExp exp="tri = trh;" />
      <location x="270" y="243" />
      <size width="50" height="20" />
    </transition>
    <transition id="id61" name="t" portdir="None">
      <conditionalExp exp="trf = 0;" />
      <location x="382" y="171" />
      <size width="50" height="20" />
    </transition>
    <transition id="id62" name="t" portdir="None">
      <conditionalExp exp="trl = 0;&#xD;&#xA;trp = 0;" />
      <location x="468" y="104" />
      <size width="50" height="20" />
    </transition>
    <transition id="id63" name="MotorB.setPWM" portdir="None">
      <conditionalExp exp="trn = trm;" />
      <location x="651" y="49" />
      <size width="50" height="20" />
    </transition>
    <transition id="id64" name="MotorC.setPWM" portdir="None">
      <conditionalExp exp="trr = trq;" />
      <location x="651" y="138" />
      <size width="50" height="20" />
    </transition>
    <transition id="id65" name="t" portdir="None">
      <conditionalExp exp="trt = 0;" />
      <location x="840" y="95" />
      <size width="50" height="20" />
    </transition>
    <arc id="id66" source="id47" target="id58" delay="0" weight="1" variableLabel="tra">
      <points>
        <probability average="0" variance="0" probdist="none" />
        <point x="101" y="173" />
        <point x="134" y="173" />
      </points>
    </arc>
    <arc id="id67" source="id58" target="id48" delay="0" weight="1" variableLabel="trb">
      <points>
        <probability average="0" variance="0" probdist="none" />
        <point x="162" y="164" />
        <point x="162" y="125" />
      </points>
    </arc>
    <arc id="id68" source="id58" target="id49" delay="0" weight="1" variableLabel="trg">
      <points>
        <probability average="0" variance="0" probdist="none" />
        <point x="162" y="184" />
        <point x="162" y="229" />
      </points>
    </arc>
    <arc id="id69" source="id49" target="id60" delay="0" weight="1" variableLabel="trh">
      <points>
        <probability average="0" variance="0" probdist="none" />
        <point x="191" y="244" />
        <point x="245" y="244" />
      </points>
    </arc>
    <arc id="id70" source="id48" target="id59" delay="0" weight="1" variableLabel="trc">
      <points>
        <probability average="0" variance="0" probdist="none" />
        <point x="191" y="110" />
        <point x="244" y="110" />
      </points>
    </arc>
    <arc id="id71" source="id59" target="id50" delay="0" weight="1" variableLabel="trd">
      <points>
        <probability average="0" variance="0" probdist="none" />
        <point x="294" y="108" />
        <point x="351" y="108" />
      </points>
    </arc>
    <arc id="id72" source="id60" target="id51" delay="0" weight="1" variableLabel="tri">
      <points>
        <probability average="0" variance="0" probdist="none" />
        <point x="295" y="240" />
        <point x="351" y="240" />
      </points>
    </arc>
    <arc id="id73" source="id51" target="id61" delay="0" weight="1" variableLabel="trj">
      <points>
        <probability average="0" variance="0" probdist="none" />
        <point x="381" y="226" />
        <point x="381" y="181" />
      </points>
    </arc>
    <arc id="id74" source="id50" target="id61" delay="0" weight="1" variableLabel="tre">
      <points>
        <probability average="0" variance="0" probdist="none" />
        <point x="381" y="122" />
        <point x="381" y="161" />
      </points>
    </arc>
    <arc id="id75" source="id61" target="id52" delay="0" weight="1" variableLabel="trf">
      <points>
        <probability average="0" variance="0" probdist="none" />
        <point x="407" y="170" />
        <point x="442" y="170" />
      </points>
    </arc>
    <arc id="id76" source="id52" target="id62" delay="1200" weight="1" variableLabel="trk">
      <points>
        <probability average="1200" variance="0" probdist="none" />
        <point x="471" y="156" />
        <point x="471" y="114" />
      </points>
    </arc>
    <arc id="id77" source="id62" target="id53" delay="0" weight="1" variableLabel="trl">
      <points>
        <probability average="0" variance="0" probdist="none" />
        <point x="493" y="94" />
        <point x="522" y="60" />
      </points>
    </arc>
    <arc id="id78" source="id62" target="id54" delay="0" weight="1" variableLabel="trp">
      <points>
        <probability average="0" variance="0" probdist="none" />
        <point x="493" y="114" />
        <point x="518" y="133" />
      </points>
    </arc>
    <arc id="id79" source="id54" target="id64" delay="0" weight="1" variableLabel="trq">
      <points>
        <probability average="0" variance="0" probdist="none" />
        <point x="574" y="139" />
        <point x="626" y="139" />
      </points>
    </arc>
    <arc id="id80" source="id53" target="id63" delay="0" weight="1" variableLabel="trm">
      <points>
        <probability average="0" variance="0" probdist="none" />
        <point x="573" y="51" />
        <point x="626" y="51" />
      </points>
    </arc>
    <arc id="id81" source="id63" target="id55" delay="0" weight="1" variableLabel="trn">
      <points>
        <probability average="0" variance="0" probdist="none" />
        <point x="676" y="48" />
        <point x="722" y="48" />
      </points>
    </arc>
    <arc id="id82" source="id64" target="id56" delay="0" weight="1" variableLabel="trr">
      <points>
        <probability average="0" variance="0" probdist="none" />
        <point x="676" y="141" />
        <point x="723" y="141" />
      </points>
    </arc>
    <arc id="id83" source="id55" target="id65" delay="0" weight="1" variableLabel="tro">
      <points>
        <probability average="0" variance="0" probdist="none" />
        <point x="778" y="55" />
        <point x="815" y="85" />
      </points>
    </arc>
    <arc id="id84" source="id56" target="id65" delay="0" weight="1" variableLabel="trs">
      <points>
        <probability average="0" variance="0" probdist="none" />
        <point x="779" y="134" />
        <point x="815" y="105" />
      </points>
    </arc>
    <arc id="id85" source="id65" target="id57" delay="0" weight="1" variableLabel="trt">
      <points>
        <probability average="0" variance="0" probdist="none" />
        <point x="839" y="105" />
        <point x="839" y="155" />
      </points>
    </arc>
  </page>
  <page id="main.page9" name="LargeSoundGet">
    <place id="id58" name="p" portdir="In" specifiedType="Int32" capacity="0">
      <initialMarking exp="" />
      <location x="204" y="128" />
      <size width="60" height="30" />
    </place>
    <place id="id59" name="p" portdir="None" specifiedType="Int32" capacity="0">
      <initialMarking exp="" />
      <location x="458" y="130" />
      <size width="60" height="30" />
    </place>
    <place id="id60" name="p" portdir="Out" specifiedType="Int32" capacity="0">
      <initialMarking exp="" />
      <location x="723" y="128" />
      <size width="60" height="30" />
    </place>
    <transition id="id0" name="SoundSensor.getLevel" portdir="None">
      <conditionalExp exp="lb = la;" />
      <location x="341" y="129" />
      <size width="100" height="40" />
    </transition>
    <transition id="id65" name="t" portdir="None">
      <conditionalExp exp="if(lc &gt;= 40){&#xD;&#xA;ld = 0;&#xD;&#xA;}&#xD;&#xA;else{le = 0;}" />
      <location x="581" y="128" />
      <size width="50" height="20" />
    </transition>
    <arc id="id63" source="id58" target="id0" delay="0" weight="1" variableLabel="la">
      <points>
        <probability average="0" variance="0" probdist="none" />
        <point x="233" y="128" />
        <point x="291" y="128" />
      </points>
    </arc>
    <arc id="id64" source="id0" target="id59" delay="0" weight="1" variableLabel="lb">
      <points>
        <probability average="0" variance="0" probdist="none" />
        <point x="391" y="130" />
        <point x="428" y="130" />
      </points>
    </arc>
    <arc id="id66" source="id59" target="id65" delay="0" weight="1" variableLabel="lc">
      <points>
        <probability average="0" variance="0" probdist="none" />
        <point x="487" y="130" />
        <point x="556" y="130" />
      </points>
    </arc>
    <arc id="id61" source="id65" target="id60" delay="0" weight="1" variableLabel="ld">
      <points>
        <probability average="0" variance="0" probdist="none" />
        <point x="606" y="128" />
        <point x="693" y="128" />
      </points>
    </arc>
    <arc id="id62" source="id65" target="id58" delay="0" weight="1" variableLabel="le">
      <points>
        <probability average="0" variance="0" probdist="none" />
        <point x="556" y="138" />
        <point x="482" y="250" />
        <point x="233" y="128" />
      </points>
    </arc>
  </page>
</petrinet>