﻿<?xml version="1.0" encoding="utf-8"?>
<petrinet name="main">
  <page id="main.page0" name="main.page0">
    <place id="id0" name="p" portdir="None" specifiedType="Int32" capacity="0">
      <initialMarking exp="1,0;" />
      <location x="162" y="180" />
      <size width="60" height="30" />
    </place>
    <transition id="id1" name="t" portdir="None">
      <conditionalExp exp="b = a;" />
      <location x="345" y="178" />
      <size width="50" height="20" />
    </transition>
    <transition id="id5" name="t" portdir="None">
      <conditionalExp exp="d = c;" />
      <location x="355" y="309" />
      <size width="50" height="20" />
    </transition>
    <subpage id="id3" original="main.page1" name="main.page1">
      <location x="550" y="180" />
      <size width="50" height="70" />
      <port id="id3.port0" name="p" originalid="id0" type="place" portdir="None" specifiedType="Int32">
        <initialMarking exp="" />
        <location x="473" y="180" />
        <size width="30" height="30" />
      </port>
      <port id="id3.port1" name="p" originalid="id2" type="place" portdir="None" specifiedType="Int32">
        <initialMarking exp="" />
        <location x="551" y="306" />
        <size width="30" height="30" />
      </port>
    </subpage>
    <arc id="id2" source="id0" target="id1" delay="1" weight="1" variableLabel="a">
      <points>
        <probability average="1" variance="0" probdist="none" />
        <point x="191" y="180" />
        <point x="320" y="180" />
      </points>
    </arc>
    <arc id="id4" source="id1" target="id3.port0" delay="0" weight="1" variableLabel="b">
      <points>
        <probability average="0" variance="0" probdist="none" />
        <point x="370" y="180" />
        <point x="458" y="180" />
      </points>
    </arc>
    <arc id="id6" source="id3.port1" target="id5" delay="0" weight="1" variableLabel="c">
      <points>
        <probability average="0" variance="0" probdist="none" />
        <point x="537" y="306" />
        <point x="380" y="306" />
      </points>
    </arc>
    <arc id="id7" source="id5" target="id0" delay="0" weight="1" variableLabel="d">
      <points>
        <probability average="0" variance="0" probdist="none" />
        <point x="330" y="299" />
        <point x="186" y="188" />
      </points>
    </arc>
  </page>
  <page id="main.page1" name="main.page1">
    <place id="id0" name="p" portdir="In" specifiedType="Int32" capacity="0">
      <initialMarking exp="" />
      <location x="267" y="133" />
      <size width="60" height="30" />
    </place>
    <place id="id2" name="p" portdir="Out" specifiedType="Int32" capacity="0">
      <initialMarking exp="" />
      <location x="561" y="133" />
      <size width="60" height="30" />
    </place>
    <transition id="id1" name="t" portdir="None">
      <conditionalExp exp="vv = v + 10;" />
      <location x="424" y="133" />
      <size width="50" height="20" />
    </transition>
    <arc id="id3" source="id0" target="id1" delay="0" weight="1" variableLabel="v">
      <points>
        <probability average="0" variance="0" probdist="none" />
        <point x="297" y="133" />
        <point x="399" y="133" />
      </points>
    </arc>
    <arc id="id4" source="id1" target="id2" delay="0" weight="1" variableLabel="vv">
      <points>
        <probability average="0" variance="0" probdist="none" />
        <point x="449" y="133" />
        <point x="531" y="133" />
      </points>
    </arc>
  </page>
</petrinet>