﻿<?xml version="1.0" encoding="utf-8"?>
<petrinet name="main">
  <page id="main.page0" name="main.page0">
    <place id="id39" name="p" portdir="None" specifiedType="Bool" capacity="0">
      <initialMarking exp="1,true;" />
      <location x="782" y="562" />
      <size width="60" height="30" />
    </place>
    <place id="id44" name="return" portdir="None" specifiedType="Bool" capacity="0">
      <initialMarking exp="" />
      <location x="461" y="554" />
      <size width="60" height="30" />
    </place>
    <place id="id0" name="p" portdir="None" specifiedType="Int32" capacity="0">
      <initialMarking exp="" />
      <location x="224" y="367" />
      <size width="60" height="30" />
    </place>
    <place id="id3" name="pwm" portdir="None" specifiedType="Int32" capacity="0">
      <initialMarking exp="" />
      <location x="496" y="155" />
      <size width="60" height="30" />
    </place>
    <place id="id9" name="pwm" portdir="None" specifiedType="Int32" capacity="0">
      <initialMarking exp="" />
      <location x="495" y="266" />
      <size width="60" height="30" />
    </place>
    <place id="id10" name="return" portdir="None" specifiedType="Int32" capacity="0">
      <initialMarking exp="" />
      <location x="223" y="133" />
      <size width="60" height="30" />
    </place>
    <place id="id12" name="p" portdir="None" specifiedType="Int32" capacity="0">
      <initialMarking exp="" />
      <location x="810" y="148" />
      <size width="60" height="30" />
    </place>
    <place id="id13" name="p" portdir="None" specifiedType="Int32" capacity="0">
      <initialMarking exp="" />
      <location x="814" y="203" />
      <size width="60" height="30" />
    </place>
    <place id="id14" name="p" portdir="None" specifiedType="Int32" capacity="0">
      <initialMarking exp="" />
      <location x="816" y="274" />
      <size width="60" height="30" />
    </place>
    <place id="id15" name="p" portdir="None" specifiedType="Int32" capacity="0">
      <initialMarking exp="" />
      <location x="817" y="335" />
      <size width="60" height="30" />
    </place>
    <place id="id16" name="pwm" portdir="None" specifiedType="Int32" capacity="0">
      <initialMarking exp="" />
      <location x="497" y="209" />
      <size width="60" height="30" />
    </place>
    <place id="id17" name="pwm" portdir="None" specifiedType="Int32" capacity="0">
      <initialMarking exp="" />
      <location x="498" y="324" />
      <size width="60" height="30" />
    </place>
    <place id="id18" name="p" portdir="None" specifiedType="Int32" capacity="0">
      <initialMarking exp="" />
      <location x="1112" y="352" />
      <size width="60" height="30" />
    </place>
    <place id="id4" name="p" portdir="None" specifiedType="Int32" capacity="0">
      <initialMarking exp="" />
      <location x="1112" y="123" />
      <size width="60" height="30" />
    </place>
    <transition id="id40" name="TouchSensor.isPressed" portdir="None">
      <conditionalExp exp="w=v;" />
      <location x="602" y="554" />
      <size width="100" height="40" />
    </transition>
    <transition id="id45" name="t" portdir="None">
      <conditionalExp exp="if(x == true){&#xD;&#xA;aa = 0;&#xD;&#xA;}&#xD;&#xA;else{&#xD;&#xA;y = x;&#xD;&#xA;}" />
      <location x="345" y="553" />
      <size width="50" height="20" />
    </transition>
    <transition id="id19" name="LightSensor.getBrightness" portdir="None">
      <conditionalExp exp="b =a;" />
      <location x="221" y="213" />
      <size width="100" height="40" />
    </transition>
    <transition id="id20" name="motor_if" portdir="None">
      <conditionalExp exp="if(c &gt;= 400 ){&#xD;&#xA;d = 50;&#xD;&#xA;e = 0;}&#xD;&#xA;else {&#xD;&#xA;f = 0;&#xD;&#xA;g = 50;}" />
      <location x="371" y="215" />
      <size width="50" height="20" />
    </transition>
    <transition id="id21" name="MotorB.setPWM" portdir="None">
      <conditionalExp exp="l=h;" />
      <location x="659" y="157" />
      <size width="100" height="40" />
    </transition>
    <transition id="id22" name="MotorC.setPWM" portdir="None">
      <conditionalExp exp="m=i;" />
      <location x="660" y="221" />
      <size width="100" height="40" />
    </transition>
    <transition id="id23" name="MotorB.setPWM" portdir="None">
      <conditionalExp exp="n=j;" />
      <location x="661" y="277" />
      <size width="100" height="40" />
    </transition>
    <transition id="id24" name="MotorC.setPWM" portdir="None">
      <conditionalExp exp="o=k;" />
      <location x="664" y="332" />
      <size width="100" height="40" />
    </transition>
    <transition id="id25" name="t" portdir="None">
      <conditionalExp exp="t=0;" />
      <location x="954" y="336" />
      <size width="50" height="20" />
    </transition>
    <transition id="id26" name="t" portdir="None">
      <conditionalExp exp="u=0;" />
      <location x="956" y="385" />
      <size width="50" height="20" />
    </transition>
    <transition id="id2" name="SoundSensor.getLevel" portdir="None">
      <conditionalExp exp="cc = bb;" />
      <location x="1112" y="234" />
      <size width="100" height="40" />
    </transition>
    <arc id="id41" source="id39" target="id40" delay="0" weight="1" variableLabel="v">
      <points>
        <probability average="0" variance="0" probdist="none" />
        <point x="753" y="562" />
        <point x="652" y="562" />
      </points>
    </arc>
    <arc id="id42" source="id40" target="id44" delay="0" weight="1" variableLabel="w">
      <points>
        <probability average="0" variance="0" probdist="none" />
        <point x="552" y="554" />
        <point x="491" y="554" />
      </points>
    </arc>
    <arc id="id48" source="id44" target="id45" delay="0" weight="1" variableLabel="x">
      <points>
        <probability average="0" variance="0" probdist="none" />
        <point x="432" y="554" />
        <point x="370" y="554" />
      </points>
    </arc>
    <arc id="id1" source="id45" target="id39" delay="0" weight="1" variableLabel="y">
      <points>
        <probability average="0" variance="0" probdist="none" />
        <point x="370" y="543" />
        <point x="453" y="432" />
        <point x="753" y="562" />
      </points>
    </arc>
    <arc id="id27" source="id0" target="id19" delay="30" weight="1" variableLabel="a">
      <points>
        <probability average="30" variance="40" probdist="none" />
        <point x="224" y="353" />
        <point x="224" y="233" />
      </points>
    </arc>
    <arc id="id28" source="id19" target="id10" delay="0" weight="1" variableLabel="b">
      <points>
        <probability average="0" variance="0" probdist="none" />
        <point x="223" y="193" />
        <point x="223" y="148" />
      </points>
    </arc>
    <arc id="id29" source="id10" target="id20" delay="0" weight="1" variableLabel="c">
      <points>
        <probability average="0" variance="0" probdist="none" />
        <point x="249" y="140" />
        <point x="346" y="205" />
      </points>
    </arc>
    <arc id="id30" source="id21" target="id12" delay="0" weight="1" variableLabel="l">
      <points>
        <probability average="0" variance="0" probdist="none" />
        <point x="709" y="148" />
        <point x="780" y="148" />
      </points>
    </arc>
    <arc id="id31" source="id22" target="id13" delay="0" weight="1" variableLabel="m">
      <points>
        <probability average="0" variance="0" probdist="none" />
        <point x="710" y="203" />
        <point x="784" y="203" />
      </points>
    </arc>
    <arc id="id32" source="id23" target="id14" delay="0" weight="1" variableLabel="n">
      <points>
        <probability average="0" variance="0" probdist="none" />
        <point x="711" y="274" />
        <point x="786" y="274" />
      </points>
    </arc>
    <arc id="id33" source="id24" target="id15" delay="0" weight="1" variableLabel="o">
      <points>
        <probability average="0" variance="0" probdist="none" />
        <point x="714" y="335" />
        <point x="787" y="335" />
      </points>
    </arc>
    <arc id="id34" source="id12" target="id25" delay="0" weight="1" variableLabel="p">
      <points>
        <probability average="0" variance="0" probdist="none" />
        <point x="828" y="159" />
        <point x="929" y="326" />
      </points>
    </arc>
    <arc id="id35" source="id13" target="id25" delay="0" weight="1" variableLabel="q">
      <points>
        <probability average="0" variance="0" probdist="none" />
        <point x="835" y="213" />
        <point x="929" y="326" />
      </points>
    </arc>
    <arc id="id36" source="id14" target="id26" delay="0" weight="1" variableLabel="r">
      <points>
        <probability average="0" variance="0" probdist="none" />
        <point x="839" y="283" />
        <point x="931" y="375" />
      </points>
    </arc>
    <arc id="id37" source="id15" target="id26" delay="0" weight="1" variableLabel="s">
      <points>
        <probability average="0" variance="0" probdist="none" />
        <point x="845" y="340" />
        <point x="931" y="375" />
      </points>
    </arc>
    <arc id="id38" source="id20" target="id3" delay="0" weight="1" variableLabel="d">
      <points>
        <probability average="0" variance="0" probdist="none" />
        <point x="396" y="205" />
        <point x="470" y="161" />
      </points>
    </arc>
    <arc id="id43" source="id20" target="id16" delay="0" weight="1" variableLabel="e">
      <points>
        <probability average="0" variance="0" probdist="none" />
        <point x="396" y="209" />
        <point x="467" y="209" />
      </points>
    </arc>
    <arc id="id46" source="id20" target="id9" delay="0" weight="1" variableLabel="f">
      <points>
        <probability average="0" variance="0" probdist="none" />
        <point x="396" y="225" />
        <point x="468" y="261" />
      </points>
    </arc>
    <arc id="id47" source="id20" target="id17" delay="0" weight="1" variableLabel="g">
      <points>
        <probability average="0" variance="0" probdist="none" />
        <point x="396" y="225" />
        <point x="477" y="314" />
      </points>
    </arc>
    <arc id="id49" source="id3" target="id21" delay="0" weight="1" variableLabel="h">
      <points>
        <probability average="0" variance="0" probdist="none" />
        <point x="525" y="155" />
        <point x="609" y="155" />
      </points>
    </arc>
    <arc id="id50" source="id16" target="id22" delay="0" weight="1" variableLabel="i">
      <points>
        <probability average="0" variance="0" probdist="none" />
        <point x="526" y="210" />
        <point x="610" y="210" />
      </points>
    </arc>
    <arc id="id51" source="id9" target="id23" delay="0" weight="1" variableLabel="j">
      <points>
        <probability average="0" variance="0" probdist="none" />
        <point x="524" y="266" />
        <point x="611" y="266" />
      </points>
    </arc>
    <arc id="id52" source="id17" target="id24" delay="0" weight="1" variableLabel="k">
      <points>
        <probability average="0" variance="0" probdist="none" />
        <point x="527" y="324" />
        <point x="614" y="324" />
      </points>
    </arc>
    <arc id="id53" source="id25" target="id18" delay="0" weight="1" variableLabel="t">
      <points>
        <probability average="0" variance="0" probdist="none" />
        <point x="979" y="346" />
        <point x="1083" y="352" />
      </points>
    </arc>
    <arc id="id54" source="id26" target="id18" delay="0" weight="1" variableLabel="u">
      <points>
        <probability average="0" variance="0" probdist="none" />
        <point x="981" y="375" />
        <point x="1083" y="354" />
      </points>
    </arc>
    <arc id="id56" source="id45" target="id0" delay="0" weight="1" variableLabel="aa">
      <points>
        <probability average="0" variance="0" probdist="none" />
        <point x="320" y="543" />
        <point x="238" y="380" />
      </points>
    </arc>
    <arc id="id5" source="id18" target="id2" delay="0" weight="1" variableLabel="bb">
      <points>
        <probability average="0" variance="0" probdist="none" />
        <point x="1112" y="337" />
        <point x="1112" y="254" />
      </points>
    </arc>
    <arc id="id6" source="id2" target="id4" delay="0" weight="1" variableLabel="cc">
      <points>
        <probability average="0" variance="0" probdist="none" />
        <point x="1112" y="214" />
        <point x="1112" y="138" />
      </points>
    </arc>
  </page>
</petrinet>