﻿<?xml version="1.0" encoding="utf-8"?>
<petrinet name="main">
  <page id="main.page0" name="main.page0">
    <place id="id39" name="p" portdir="None" specifiedType="Bool" capacity="0">
      <initialMarking exp="1,false;" />
      <location x="637" y="350" />
      <size width="60" height="30" />
    </place>
    <place id="id44" name="return" portdir="None" specifiedType="Bool" capacity="0">
      <initialMarking exp="" />
      <location x="315" y="349" />
      <size width="60" height="30" />
    </place>
    <place id="id4" name="p" portdir="None" specifiedType="Int32" capacity="0">
      <initialMarking exp="" />
      <location x="615" y="126" />
      <size width="60" height="30" />
    </place>
    <place id="id8" name="p" portdir="None" specifiedType="Int32" capacity="0">
      <initialMarking exp="" />
      <location x="329" y="83" />
      <size width="60" height="30" />
    </place>
    <place id="id13" name="p" portdir="None" specifiedType="Int32" capacity="0">
      <initialMarking exp="" />
      <location x="195" y="25" />
      <size width="60" height="30" />
    </place>
    <place id="id14" name="p" portdir="None" specifiedType="Int32" capacity="0">
      <initialMarking exp="" />
      <location x="185" y="135" />
      <size width="60" height="30" />
    </place>
    <place id="id17" name="p" portdir="None" specifiedType="Int32" capacity="0">
      <initialMarking exp="" />
      <location x="32" y="259" />
      <size width="60" height="30" />
    </place>
    <place id="id18" name="p" portdir="None" specifiedType="Int32" capacity="0">
      <initialMarking exp="" />
      <location x="100" y="258" />
      <size width="60" height="30" />
    </place>
    <transition id="id40" name="TouchSensor.isPressed" portdir="None">
      <conditionalExp exp="w=v;" />
      <location x="467" y="352" />
      <size width="100" height="40" />
    </transition>
    <transition id="id45" name="t" portdir="None">
      <conditionalExp exp="if(x == true){&#xD;&#xA;z = 0;&#xD;&#xA;}&#xD;&#xA;else{&#xD;&#xA;y = x;&#xD;&#xA;}" />
      <location x="205" y="352" />
      <size width="50" height="20" />
    </transition>
    <transition id="id2" name="SoundSensor.getLevel" portdir="None">
      <conditionalExp exp="bb=aa;" />
      <location x="619" y="252" />
      <size width="100" height="40" />
    </transition>
    <transition id="id6" name="t" portdir="None">
      <conditionalExp exp="if(cc &lt;= 50){&#xD;&#xA;dd = 0;&#xD;&#xA;}&#xD;&#xA;else{&#xD;&#xA;ee = 0;&#xD;&#xA;}" />
      <location x="452" y="125" />
      <size width="50" height="20" />
    </transition>
    <transition id="id10" name="t" portdir="None">
      <conditionalExp exp="gg=0;&#xD;&#xA;hh=0;" />
      <location x="243" y="82" />
      <size width="50" height="20" />
    </transition>
    <transition id="id15" name="MotorB.setPWM" portdir="None">
      <conditionalExp exp="kk=ii;" />
      <location x="44" y="31" />
      <size width="50" height="20" />
    </transition>
    <transition id="id16" name="MotorC.setPWM" portdir="None">
      <conditionalExp exp="ll=jj;" />
      <location x="96" y="129" />
      <size width="50" height="20" />
    </transition>
    <subpage id="id12" original="main.page1" name="LineTrace">
      <location x="318" y="231" />
      <size width="50" height="70" />
      <port id="id12.port0" name="p" originalid="id0" type="place" portdir="None" specifiedType="Int32">
        <initialMarking exp="" />
        <location x="196" y="238" />
        <size width="30" height="30" />
      </port>
      <port id="id12.port1" name="p" originalid="id29" type="place" portdir="None" specifiedType="Int32">
        <initialMarking exp="" />
        <location x="456" y="242" />
        <size width="30" height="30" />
      </port>
    </subpage>
    <arc id="id41" source="id39" target="id40" delay="0" weight="1" variableLabel="v">
      <points>
        <probability average="0" variance="0" probdist="none" />
        <point x="608" y="350" />
        <point x="517" y="350" />
      </points>
    </arc>
    <arc id="id42" source="id40" target="id44" delay="0" weight="1" variableLabel="w">
      <points>
        <probability average="0" variance="0" probdist="none" />
        <point x="417" y="349" />
        <point x="345" y="349" />
      </points>
    </arc>
    <arc id="id48" source="id44" target="id45" delay="0" weight="1" variableLabel="x">
      <points>
        <probability average="0" variance="0" probdist="none" />
        <point x="286" y="349" />
        <point x="230" y="349" />
      </points>
    </arc>
    <arc id="id1" source="id45" target="id39" delay="0" weight="1" variableLabel="y">
      <points>
        <probability average="0" variance="0" probdist="none" />
        <point x="230" y="362" />
        <point x="453" y="432" />
        <point x="608" y="350" />
      </points>
    </arc>
    <arc id="id5" source="id2" target="id4" delay="0" weight="1" variableLabel="bb">
      <points>
        <probability average="0" variance="0" probdist="none" />
        <point x="615" y="232" />
        <point x="615" y="141" />
      </points>
    </arc>
    <arc id="id7" source="id4" target="id6" delay="0" weight="1" variableLabel="cc">
      <points>
        <probability average="0" variance="0" probdist="none" />
        <point x="586" y="126" />
        <point x="477" y="126" />
      </points>
    </arc>
    <arc id="id11" source="id6" target="id8" delay="0" weight="1" variableLabel="ee">
      <points>
        <probability average="0" variance="0" probdist="none" />
        <point x="427" y="115" />
        <point x="357" y="87" />
      </points>
    </arc>
    <arc id="id0" source="id45" target="id12.port0" delay="0" weight="1" variableLabel="z">
      <points>
        <probability average="0" variance="0" probdist="none" />
        <point x="196" y="342" />
        <point x="196" y="253" />
      </points>
    </arc>
    <arc id="id3" source="id12.port1" target="id2" delay="0" weight="1" variableLabel="aa">
      <points>
        <probability average="0" variance="0" probdist="none" />
        <point x="470" y="242" />
        <point x="569" y="242" />
      </points>
    </arc>
    <arc id="id9" source="id6" target="id12.port0" delay="0" weight="1" variableLabel="dd">
      <points>
        <probability average="0" variance="0" probdist="none" />
        <point x="427" y="135" />
        <point x="209" y="232" />
      </points>
    </arc>
    <arc id="id19" source="id8" target="id10" delay="0" weight="1" variableLabel="ff">
      <points>
        <probability average="0" variance="0" probdist="none" />
        <point x="300" y="83" />
        <point x="268" y="83" />
      </points>
    </arc>
    <arc id="id20" source="id10" target="id13" delay="0" weight="1" variableLabel="gg">
      <points>
        <probability average="0" variance="0" probdist="none" />
        <point x="218" y="72" />
        <point x="208" y="38" />
      </points>
    </arc>
    <arc id="id21" source="id10" target="id14" delay="0" weight="1" variableLabel="hh">
      <points>
        <probability average="0" variance="0" probdist="none" />
        <point x="218" y="92" />
        <point x="203" y="124" />
      </points>
    </arc>
    <arc id="id22" source="id13" target="id15" delay="0" weight="1" variableLabel="ii">
      <points>
        <probability average="0" variance="0" probdist="none" />
        <point x="166" y="25" />
        <point x="69" y="25" />
      </points>
    </arc>
    <arc id="id23" source="id14" target="id16" delay="0" weight="1" variableLabel="jj">
      <points>
        <probability average="0" variance="0" probdist="none" />
        <point x="156" y="134" />
        <point x="121" y="134" />
      </points>
    </arc>
    <arc id="id24" source="id15" target="id17" delay="0" weight="1" variableLabel="kk">
      <points>
        <probability average="0" variance="0" probdist="none" />
        <point x="32" y="41" />
        <point x="32" y="244" />
      </points>
    </arc>
    <arc id="id25" source="id16" target="id18" delay="0" weight="1" variableLabel="ll">
      <points>
        <probability average="0" variance="0" probdist="none" />
        <point x="100" y="139" />
        <point x="100" y="243" />
      </points>
    </arc>
  </page>
  <page id="main.page1" name="LineTrace">
    <place id="id0" name="p" portdir="In" specifiedType="Int32" capacity="0">
      <initialMarking exp="" />
      <location x="189" y="279" />
      <size width="60" height="30" />
    </place>
    <place id="id1" name="pwm" portdir="None" specifiedType="Int32" capacity="0">
      <initialMarking exp="" />
      <location x="461" y="65" />
      <size width="60" height="30" />
    </place>
    <place id="id2" name="pwm" portdir="None" specifiedType="Int32" capacity="0">
      <initialMarking exp="" />
      <location x="459" y="177" />
      <size width="60" height="30" />
    </place>
    <place id="id3" name="return" portdir="None" specifiedType="Int32" capacity="0">
      <initialMarking exp="" />
      <location x="188" y="44" />
      <size width="60" height="30" />
    </place>
    <place id="id4" name="p" portdir="None" specifiedType="Int32" capacity="0">
      <initialMarking exp="" />
      <location x="776" y="59" />
      <size width="60" height="30" />
    </place>
    <place id="id5" name="p" portdir="None" specifiedType="Int32" capacity="0">
      <initialMarking exp="" />
      <location x="779" y="114" />
      <size width="60" height="30" />
    </place>
    <place id="id6" name="p" portdir="None" specifiedType="Int32" capacity="0">
      <initialMarking exp="" />
      <location x="781" y="186" />
      <size width="60" height="30" />
    </place>
    <place id="id7" name="p" portdir="None" specifiedType="Int32" capacity="0">
      <initialMarking exp="" />
      <location x="782" y="246" />
      <size width="60" height="30" />
    </place>
    <place id="id8" name="pwm" portdir="None" specifiedType="Int32" capacity="0">
      <initialMarking exp="" />
      <location x="460" y="120" />
      <size width="60" height="30" />
    </place>
    <place id="id9" name="pwm" portdir="None" specifiedType="Int32" capacity="0">
      <initialMarking exp="" />
      <location x="463" y="235" />
      <size width="60" height="30" />
    </place>
    <place id="id29" name="p" portdir="Out" specifiedType="Int32" capacity="0">
      <initialMarking exp="" />
      <location x="1077" y="263" />
      <size width="60" height="30" />
    </place>
    <transition id="id10" name="LightSensor.getBrightness" portdir="None">
      <conditionalExp exp="b =a;" />
      <location x="187" y="124" />
      <size width="100" height="40" />
    </transition>
    <transition id="id11" name="motor_if" portdir="None">
      <conditionalExp exp="if(c &gt;= 400 ){&#xD;&#xA;d = 50;&#xD;&#xA;e = 0;}&#xD;&#xA;else {&#xD;&#xA;f = 0;&#xD;&#xA;g = 50;}" />
      <location x="336" y="126" />
      <size width="50" height="20" />
    </transition>
    <transition id="id12" name="MotorB.setPWM" portdir="None">
      <conditionalExp exp="l=h;" />
      <location x="624" y="67" />
      <size width="100" height="40" />
    </transition>
    <transition id="id13" name="MotorC.setPWM" portdir="None">
      <conditionalExp exp="m=i;" />
      <location x="626" y="127" />
      <size width="100" height="40" />
    </transition>
    <transition id="id14" name="MotorB.setPWM" portdir="None">
      <conditionalExp exp="n=j;" />
      <location x="626" y="188" />
      <size width="100" height="40" />
    </transition>
    <transition id="id15" name="MotorC.setPWM" portdir="None">
      <conditionalExp exp="o=k;" />
      <location x="624" y="242" />
      <size width="100" height="40" />
    </transition>
    <transition id="id16" name="t" portdir="None">
      <conditionalExp exp="t=0;" />
      <location x="919" y="247" />
      <size width="50" height="20" />
    </transition>
    <transition id="id17" name="t" portdir="None">
      <conditionalExp exp="u=0;" />
      <location x="921" y="296" />
      <size width="50" height="20" />
    </transition>
    <arc id="id18" source="id0" target="id10" delay="30" weight="1" variableLabel="a">
      <points>
        <probability average="30" variance="40" probdist="none" />
        <point x="189" y="265" />
        <point x="189" y="144" />
      </points>
    </arc>
    <arc id="id19" source="id10" target="id3" delay="0" weight="1" variableLabel="b">
      <points>
        <probability average="0" variance="0" probdist="none" />
        <point x="188" y="104" />
        <point x="188" y="59" />
      </points>
    </arc>
    <arc id="id20" source="id3" target="id11" delay="0" weight="1" variableLabel="c">
      <points>
        <probability average="0" variance="0" probdist="none" />
        <point x="214" y="51" />
        <point x="311" y="116" />
      </points>
    </arc>
    <arc id="id21" source="id12" target="id4" delay="0" weight="1" variableLabel="l">
      <points>
        <probability average="0" variance="0" probdist="none" />
        <point x="674" y="59" />
        <point x="746" y="59" />
      </points>
    </arc>
    <arc id="id22" source="id13" target="id5" delay="0" weight="1" variableLabel="m">
      <points>
        <probability average="0" variance="0" probdist="none" />
        <point x="676" y="114" />
        <point x="749" y="114" />
      </points>
    </arc>
    <arc id="id23" source="id14" target="id6" delay="0" weight="1" variableLabel="n">
      <points>
        <probability average="0" variance="0" probdist="none" />
        <point x="676" y="186" />
        <point x="751" y="186" />
      </points>
    </arc>
    <arc id="id24" source="id15" target="id7" delay="0" weight="1" variableLabel="o">
      <points>
        <probability average="0" variance="0" probdist="none" />
        <point x="674" y="246" />
        <point x="752" y="246" />
      </points>
    </arc>
    <arc id="id25" source="id4" target="id16" delay="0" weight="1" variableLabel="p">
      <points>
        <probability average="0" variance="0" probdist="none" />
        <point x="794" y="70" />
        <point x="894" y="237" />
      </points>
    </arc>
    <arc id="id26" source="id5" target="id16" delay="0" weight="1" variableLabel="q">
      <points>
        <probability average="0" variance="0" probdist="none" />
        <point x="800" y="124" />
        <point x="894" y="237" />
      </points>
    </arc>
    <arc id="id27" source="id6" target="id17" delay="0" weight="1" variableLabel="r">
      <points>
        <probability average="0" variance="0" probdist="none" />
        <point x="804" y="195" />
        <point x="896" y="286" />
      </points>
    </arc>
    <arc id="id28" source="id7" target="id17" delay="0" weight="1" variableLabel="s">
      <points>
        <probability average="0" variance="0" probdist="none" />
        <point x="810" y="251" />
        <point x="896" y="286" />
      </points>
    </arc>
    <arc id="id31" source="id11" target="id1" delay="0" weight="1" variableLabel="d">
      <points>
        <probability average="0" variance="0" probdist="none" />
        <point x="361" y="116" />
        <point x="435" y="71" />
      </points>
    </arc>
    <arc id="id32" source="id11" target="id8" delay="0" weight="1" variableLabel="e">
      <points>
        <probability average="0" variance="0" probdist="none" />
        <point x="361" y="120" />
        <point x="430" y="120" />
      </points>
    </arc>
    <arc id="id33" source="id11" target="id2" delay="0" weight="1" variableLabel="f">
      <points>
        <probability average="0" variance="0" probdist="none" />
        <point x="361" y="136" />
        <point x="432" y="172" />
      </points>
    </arc>
    <arc id="id34" source="id11" target="id9" delay="0" weight="1" variableLabel="g">
      <points>
        <probability average="0" variance="0" probdist="none" />
        <point x="361" y="136" />
        <point x="442" y="225" />
      </points>
    </arc>
    <arc id="id35" source="id1" target="id12" delay="0" weight="1" variableLabel="h">
      <points>
        <probability average="0" variance="0" probdist="none" />
        <point x="490" y="65" />
        <point x="574" y="65" />
      </points>
    </arc>
    <arc id="id36" source="id8" target="id13" delay="0" weight="1" variableLabel="i">
      <points>
        <probability average="0" variance="0" probdist="none" />
        <point x="489" y="120" />
        <point x="576" y="120" />
      </points>
    </arc>
    <arc id="id37" source="id2" target="id14" delay="0" weight="1" variableLabel="j">
      <points>
        <probability average="0" variance="0" probdist="none" />
        <point x="488" y="177" />
        <point x="576" y="177" />
      </points>
    </arc>
    <arc id="id38" source="id9" target="id15" delay="0" weight="1" variableLabel="k">
      <points>
        <probability average="0" variance="0" probdist="none" />
        <point x="492" y="235" />
        <point x="574" y="235" />
      </points>
    </arc>
    <arc id="id30" source="id16" target="id29" delay="0" weight="1" variableLabel="t">
      <points>
        <probability average="0" variance="0" probdist="none" />
        <point x="944" y="257" />
        <point x="1048" y="263" />
      </points>
    </arc>
    <arc id="id39" source="id17" target="id29" delay="0" weight="1" variableLabel="u">
      <points>
        <probability average="0" variance="0" probdist="none" />
        <point x="946" y="286" />
        <point x="1048" y="265" />
      </points>
    </arc>
  </page>
</petrinet>