﻿<?xml version="1.0" encoding="utf-8"?>
<petrinet name="main">
  <page id="main.page0" name="main.page0">
    <place id="id39" name="p" portdir="None" specifiedType="Int32" capacity="0">
      <initialMarking exp="1,0;" />
      <location x="626" y="384" />
      <size width="60" height="30" />
    </place>
    <place id="id44" name="return" portdir="None" specifiedType="Int32" capacity="0">
      <initialMarking exp="" />
      <location x="304" y="383" />
      <size width="60" height="30" />
    </place>
    <place id="id4" name="p" portdir="None" specifiedType="Bool" capacity="0">
      <initialMarking exp="" />
      <location x="720" y="135" />
      <size width="60" height="30" />
    </place>
    <place id="id8" name="p" portdir="None" specifiedType="Int32" capacity="0">
      <initialMarking exp="" />
      <location x="329" y="83" />
      <size width="60" height="30" />
    </place>
    <place id="id13" name="p" portdir="None" specifiedType="Int32" capacity="0">
      <initialMarking exp="" />
      <location x="195" y="25" />
      <size width="60" height="30" />
    </place>
    <place id="id14" name="p" portdir="None" specifiedType="Int32" capacity="0">
      <initialMarking exp="" />
      <location x="185" y="135" />
      <size width="60" height="30" />
    </place>
    <place id="id17" name="p" portdir="None" specifiedType="Int32" capacity="0">
      <initialMarking exp="" />
      <location x="32" y="259" />
      <size width="60" height="30" />
    </place>
    <place id="id18" name="p" portdir="None" specifiedType="Int32" capacity="0">
      <initialMarking exp="" />
      <location x="100" y="258" />
      <size width="60" height="30" />
    </place>
    <place id="id0" name="p" portdir="None" specifiedType="Int32" capacity="0">
      <initialMarking exp="" />
      <location x="189" y="191" />
      <size width="60" height="30" />
    </place>
    <place id="id3" name="pwm" portdir="None" specifiedType="Int32" capacity="0">
      <initialMarking exp="" />
      <location x="504" y="191" />
      <size width="60" height="30" />
    </place>
    <place id="id9" name="pwm" portdir="None" specifiedType="Int32" capacity="0">
      <initialMarking exp="" />
      <location x="503" y="283" />
      <size width="60" height="30" />
    </place>
    <place id="id12" name="return" portdir="None" specifiedType="Int32" capacity="0">
      <initialMarking exp="" />
      <location x="304" y="260" />
      <size width="60" height="30" />
    </place>
    <place id="id26" name="p" portdir="None" specifiedType="Int32" capacity="0">
      <initialMarking exp="" />
      <location x="748" y="189" />
      <size width="60" height="30" />
    </place>
    <place id="id27" name="p" portdir="None" specifiedType="Int32" capacity="0">
      <initialMarking exp="" />
      <location x="750" y="233" />
      <size width="60" height="30" />
    </place>
    <place id="id28" name="p" portdir="None" specifiedType="Int32" capacity="0">
      <initialMarking exp="" />
      <location x="748" y="283" />
      <size width="60" height="30" />
    </place>
    <place id="id29" name="p" portdir="None" specifiedType="Int32" capacity="0">
      <initialMarking exp="" />
      <location x="752" y="329" />
      <size width="60" height="30" />
    </place>
    <place id="id30" name="pwm" portdir="None" specifiedType="Int32" capacity="0">
      <initialMarking exp="" />
      <location x="504" y="241" />
      <size width="60" height="30" />
    </place>
    <place id="id31" name="pwm" portdir="None" specifiedType="Int32" capacity="0">
      <initialMarking exp="" />
      <location x="508" y="333" />
      <size width="60" height="30" />
    </place>
    <place id="id32" name="p" portdir="None" specifiedType="Int32" capacity="0">
      <initialMarking exp="" />
      <location x="1013" y="272" />
      <size width="60" height="30" />
    </place>
    <transition id="id40" name="SoundSensor.getLevel" portdir="None">
      <conditionalExp exp="w=v;" />
      <location x="456" y="386" />
      <size width="100" height="40" />
    </transition>
    <transition id="id45" name="t" portdir="None">
      <conditionalExp exp="if(x &gt;= 50){&#xD;&#xA;z = 0;&#xD;&#xA;}&#xD;&#xA;else{&#xD;&#xA;y = x;&#xD;&#xA;}" />
      <location x="192" y="384" />
      <size width="50" height="20" />
    </transition>
    <transition id="id2" name="TouchSensor.isPressed" portdir="None">
      <conditionalExp exp="bb=aa;" />
      <location x="887" y="137" />
      <size width="100" height="40" />
    </transition>
    <transition id="id6" name="t" portdir="None">
      <conditionalExp exp="if(cc == false){&#xD;&#xA;dd = 0;&#xD;&#xA;}&#xD;&#xA;else{&#xD;&#xA;ee = 0;&#xD;&#xA;}" />
      <location x="574" y="136" />
      <size width="50" height="20" />
    </transition>
    <transition id="id10" name="t" portdir="None">
      <conditionalExp exp="gg=0;&#xD;&#xA;hh=0;" />
      <location x="243" y="82" />
      <size width="50" height="20" />
    </transition>
    <transition id="id15" name="MotorB.setPWM" portdir="None">
      <conditionalExp exp="kk=ii;" />
      <location x="44" y="31" />
      <size width="50" height="20" />
    </transition>
    <transition id="id16" name="MotorC.setPWM" portdir="None">
      <conditionalExp exp="ll=jj;" />
      <location x="96" y="129" />
      <size width="50" height="20" />
    </transition>
    <transition id="id33" name="LightSensor.getBrightness" portdir="None">
      <conditionalExp exp="b =a;" />
      <location x="306" y="315" />
      <size width="100" height="40" />
    </transition>
    <transition id="id34" name="motor_if" portdir="None">
      <conditionalExp exp="if(c &gt;= 400 ){&#xD;&#xA;d = 50;&#xD;&#xA;e = 0;}&#xD;&#xA;else {&#xD;&#xA;f = 0;&#xD;&#xA;g = 50;}" />
      <location x="411" y="261" />
      <size width="50" height="20" />
    </transition>
    <transition id="id35" name="MotorB.setPWM" portdir="None">
      <conditionalExp exp="l=h;" />
      <location x="636" y="190" />
      <size width="100" height="40" />
    </transition>
    <transition id="id36" name="MotorC.setPWM" portdir="None">
      <conditionalExp exp="m=i;" />
      <location x="636" y="236" />
      <size width="100" height="40" />
    </transition>
    <transition id="id37" name="MotorB.setPWM" portdir="None">
      <conditionalExp exp="n=j;" />
      <location x="637" y="283" />
      <size width="100" height="40" />
    </transition>
    <transition id="id38" name="MotorC.setPWM" portdir="None">
      <conditionalExp exp="o=k;" />
      <location x="638" y="334" />
      <size width="100" height="40" />
    </transition>
    <transition id="id43" name="t" portdir="None">
      <conditionalExp exp="t=0;" />
      <location x="890" y="218" />
      <size width="50" height="20" />
    </transition>
    <transition id="id46" name="t" portdir="None">
      <conditionalExp exp="u=0;" />
      <location x="894" y="309" />
      <size width="50" height="20" />
    </transition>
    <arc id="id41" source="id39" target="id40" delay="3000" weight="1" variableLabel="v">
      <points>
        <probability average="3000" variance="0" probdist="none" />
        <point x="597" y="384" />
        <point x="506" y="384" />
      </points>
    </arc>
    <arc id="id42" source="id40" target="id44" delay="0" weight="1" variableLabel="w">
      <points>
        <probability average="0" variance="0" probdist="none" />
        <point x="406" y="383" />
        <point x="334" y="383" />
      </points>
    </arc>
    <arc id="id48" source="id44" target="id45" delay="0" weight="1" variableLabel="x">
      <points>
        <probability average="0" variance="0" probdist="none" />
        <point x="275" y="383" />
        <point x="217" y="383" />
      </points>
    </arc>
    <arc id="id1" source="id45" target="id39" delay="0" weight="1" variableLabel="y">
      <points>
        <probability average="0" variance="0" probdist="none" />
        <point x="217" y="394" />
        <point x="453" y="432" />
        <point x="597" y="384" />
      </points>
    </arc>
    <arc id="id5" source="id2" target="id4" delay="0" weight="1" variableLabel="bb">
      <points>
        <probability average="0" variance="0" probdist="none" />
        <point x="837" y="135" />
        <point x="750" y="135" />
      </points>
    </arc>
    <arc id="id7" source="id4" target="id6" delay="0" weight="1" variableLabel="cc">
      <points>
        <probability average="0" variance="0" probdist="none" />
        <point x="691" y="135" />
        <point x="599" y="135" />
      </points>
    </arc>
    <arc id="id11" source="id6" target="id8" delay="0" weight="1" variableLabel="ee">
      <points>
        <probability average="0" variance="0" probdist="none" />
        <point x="549" y="126" />
        <point x="358" y="85" />
      </points>
    </arc>
    <arc id="id19" source="id8" target="id10" delay="0" weight="1" variableLabel="ff">
      <points>
        <probability average="0" variance="0" probdist="none" />
        <point x="300" y="83" />
        <point x="268" y="83" />
      </points>
    </arc>
    <arc id="id20" source="id10" target="id13" delay="0" weight="1" variableLabel="gg">
      <points>
        <probability average="0" variance="0" probdist="none" />
        <point x="218" y="72" />
        <point x="208" y="38" />
      </points>
    </arc>
    <arc id="id21" source="id10" target="id14" delay="0" weight="1" variableLabel="hh">
      <points>
        <probability average="0" variance="0" probdist="none" />
        <point x="218" y="92" />
        <point x="203" y="124" />
      </points>
    </arc>
    <arc id="id22" source="id13" target="id15" delay="0" weight="1" variableLabel="ii">
      <points>
        <probability average="0" variance="0" probdist="none" />
        <point x="166" y="25" />
        <point x="69" y="25" />
      </points>
    </arc>
    <arc id="id23" source="id14" target="id16" delay="0" weight="1" variableLabel="jj">
      <points>
        <probability average="0" variance="0" probdist="none" />
        <point x="156" y="134" />
        <point x="121" y="134" />
      </points>
    </arc>
    <arc id="id24" source="id15" target="id17" delay="0" weight="1" variableLabel="kk">
      <points>
        <probability average="0" variance="0" probdist="none" />
        <point x="32" y="41" />
        <point x="32" y="244" />
      </points>
    </arc>
    <arc id="id25" source="id16" target="id18" delay="0" weight="1" variableLabel="ll">
      <points>
        <probability average="0" variance="0" probdist="none" />
        <point x="100" y="139" />
        <point x="100" y="243" />
      </points>
    </arc>
    <arc id="id47" source="id0" target="id33" delay="30" weight="1" variableLabel="a">
      <points>
        <probability average="30" variance="40" probdist="none" />
        <point x="209" y="201" />
        <point x="256" y="295" />
      </points>
    </arc>
    <arc id="id49" source="id33" target="id12" delay="0" weight="1" variableLabel="b">
      <points>
        <probability average="0" variance="0" probdist="none" />
        <point x="304" y="295" />
        <point x="304" y="275" />
      </points>
    </arc>
    <arc id="id50" source="id12" target="id34" delay="0" weight="1" variableLabel="c">
      <points>
        <probability average="0" variance="0" probdist="none" />
        <point x="333" y="260" />
        <point x="386" y="260" />
      </points>
    </arc>
    <arc id="id51" source="id35" target="id26" delay="0" weight="1" variableLabel="l">
      <points>
        <probability average="0" variance="0" probdist="none" />
        <point x="686" y="189" />
        <point x="718" y="189" />
      </points>
    </arc>
    <arc id="id52" source="id36" target="id27" delay="0" weight="1" variableLabel="m">
      <points>
        <probability average="0" variance="0" probdist="none" />
        <point x="686" y="233" />
        <point x="720" y="233" />
      </points>
    </arc>
    <arc id="id53" source="id37" target="id28" delay="0" weight="1" variableLabel="n">
      <points>
        <probability average="0" variance="0" probdist="none" />
        <point x="687" y="283" />
        <point x="718" y="283" />
      </points>
    </arc>
    <arc id="id54" source="id38" target="id29" delay="0" weight="1" variableLabel="o">
      <points>
        <probability average="0" variance="0" probdist="none" />
        <point x="688" y="329" />
        <point x="722" y="329" />
      </points>
    </arc>
    <arc id="id55" source="id26" target="id43" delay="0" weight="1" variableLabel="p">
      <points>
        <probability average="0" variance="0" probdist="none" />
        <point x="777" y="192" />
        <point x="865" y="208" />
      </points>
    </arc>
    <arc id="id56" source="id27" target="id43" delay="0" weight="1" variableLabel="q">
      <points>
        <probability average="0" variance="0" probdist="none" />
        <point x="779" y="232" />
        <point x="865" y="228" />
      </points>
    </arc>
    <arc id="id57" source="id28" target="id46" delay="0" weight="1" variableLabel="r">
      <points>
        <probability average="0" variance="0" probdist="none" />
        <point x="777" y="285" />
        <point x="869" y="299" />
      </points>
    </arc>
    <arc id="id58" source="id29" target="id46" delay="0" weight="1" variableLabel="s">
      <points>
        <probability average="0" variance="0" probdist="none" />
        <point x="781" y="327" />
        <point x="869" y="319" />
      </points>
    </arc>
    <arc id="id59" source="id34" target="id3" delay="0" weight="1" variableLabel="d">
      <points>
        <probability average="0" variance="0" probdist="none" />
        <point x="436" y="251" />
        <point x="482" y="200" />
      </points>
    </arc>
    <arc id="id60" source="id34" target="id30" delay="0" weight="1" variableLabel="e">
      <points>
        <probability average="0" variance="0" probdist="none" />
        <point x="436" y="251" />
        <point x="475" y="243" />
      </points>
    </arc>
    <arc id="id61" source="id34" target="id9" delay="0" weight="1" variableLabel="f">
      <points>
        <probability average="0" variance="0" probdist="none" />
        <point x="436" y="271" />
        <point x="474" y="281" />
      </points>
    </arc>
    <arc id="id62" source="id34" target="id31" delay="0" weight="1" variableLabel="g">
      <points>
        <probability average="0" variance="0" probdist="none" />
        <point x="436" y="271" />
        <point x="486" y="324" />
      </points>
    </arc>
    <arc id="id63" source="id3" target="id35" delay="0" weight="1" variableLabel="h">
      <points>
        <probability average="0" variance="0" probdist="none" />
        <point x="533" y="191" />
        <point x="586" y="191" />
      </points>
    </arc>
    <arc id="id64" source="id30" target="id36" delay="0" weight="1" variableLabel="i">
      <points>
        <probability average="0" variance="0" probdist="none" />
        <point x="533" y="241" />
        <point x="586" y="241" />
      </points>
    </arc>
    <arc id="id65" source="id9" target="id37" delay="0" weight="1" variableLabel="j">
      <points>
        <probability average="0" variance="0" probdist="none" />
        <point x="533" y="283" />
        <point x="587" y="283" />
      </points>
    </arc>
    <arc id="id66" source="id31" target="id38" delay="0" weight="1" variableLabel="k">
      <points>
        <probability average="0" variance="0" probdist="none" />
        <point x="537" y="333" />
        <point x="588" y="333" />
      </points>
    </arc>
    <arc id="id67" source="id43" target="id32" delay="0" weight="1" variableLabel="t">
      <points>
        <probability average="0" variance="0" probdist="none" />
        <point x="915" y="228" />
        <point x="986" y="266" />
      </points>
    </arc>
    <arc id="id68" source="id46" target="id32" delay="0" weight="1" variableLabel="u">
      <points>
        <probability average="0" variance="0" probdist="none" />
        <point x="919" y="299" />
        <point x="985" y="276" />
      </points>
    </arc>
    <arc id="id69" source="id45" target="id0" delay="0" weight="1" variableLabel="">
      <points>
        <probability average="0" variance="0" probdist="none" />
        <point x="189" y="374" />
        <point x="189" y="206" />
      </points>
    </arc>
    <arc id="id70" source="id32" target="id2" delay="0" weight="1" variableLabel="">
      <points>
        <probability average="0" variance="0" probdist="none" />
        <point x="993" y="262" />
        <point x="937" y="157" />
      </points>
    </arc>
    <arc id="id71" source="id6" target="id0" delay="0" weight="1" variableLabel="">
      <points>
        <probability average="0" variance="0" probdist="none" />
        <point x="549" y="146" />
        <point x="218" y="190" />
      </points>
    </arc>
  </page>
  <page id="main.page1" name="LineTrace">
    <place id="id0" name="p" portdir="In" specifiedType="Int32" capacity="0">
      <initialMarking exp="" />
      <location x="189" y="279" />
      <size width="60" height="30" />
    </place>
    <place id="id1" name="pwm" portdir="None" specifiedType="Int32" capacity="0">
      <initialMarking exp="" />
      <location x="461" y="65" />
      <size width="60" height="30" />
    </place>
    <place id="id2" name="pwm" portdir="None" specifiedType="Int32" capacity="0">
      <initialMarking exp="" />
      <location x="459" y="177" />
      <size width="60" height="30" />
    </place>
    <place id="id3" name="return" portdir="None" specifiedType="Int32" capacity="0">
      <initialMarking exp="" />
      <location x="188" y="44" />
      <size width="60" height="30" />
    </place>
    <place id="id4" name="p" portdir="None" specifiedType="Int32" capacity="0">
      <initialMarking exp="" />
      <location x="776" y="59" />
      <size width="60" height="30" />
    </place>
    <place id="id5" name="p" portdir="None" specifiedType="Int32" capacity="0">
      <initialMarking exp="" />
      <location x="779" y="114" />
      <size width="60" height="30" />
    </place>
    <place id="id6" name="p" portdir="None" specifiedType="Int32" capacity="0">
      <initialMarking exp="" />
      <location x="781" y="186" />
      <size width="60" height="30" />
    </place>
    <place id="id7" name="p" portdir="None" specifiedType="Int32" capacity="0">
      <initialMarking exp="" />
      <location x="782" y="246" />
      <size width="60" height="30" />
    </place>
    <place id="id8" name="pwm" portdir="None" specifiedType="Int32" capacity="0">
      <initialMarking exp="" />
      <location x="460" y="120" />
      <size width="60" height="30" />
    </place>
    <place id="id9" name="pwm" portdir="None" specifiedType="Int32" capacity="0">
      <initialMarking exp="" />
      <location x="463" y="235" />
      <size width="60" height="30" />
    </place>
    <place id="id29" name="p" portdir="Out" specifiedType="Int32" capacity="0">
      <initialMarking exp="" />
      <location x="963" y="356" />
      <size width="60" height="30" />
    </place>
    <transition id="id10" name="LightSensor.getBrightness" portdir="None">
      <conditionalExp exp="b =a;" />
      <location x="187" y="124" />
      <size width="100" height="40" />
    </transition>
    <transition id="id11" name="motor_if" portdir="None">
      <conditionalExp exp="if(c &gt;= 400 ){&#xD;&#xA;d = 50;&#xD;&#xA;e = 0;}&#xD;&#xA;else {&#xD;&#xA;f = 0;&#xD;&#xA;g = 50;}" />
      <location x="336" y="126" />
      <size width="50" height="20" />
    </transition>
    <transition id="id12" name="MotorB.setPWM" portdir="None">
      <conditionalExp exp="l=h;" />
      <location x="624" y="67" />
      <size width="100" height="40" />
    </transition>
    <transition id="id13" name="MotorC.setPWM" portdir="None">
      <conditionalExp exp="m=i;" />
      <location x="626" y="127" />
      <size width="100" height="40" />
    </transition>
    <transition id="id14" name="MotorB.setPWM" portdir="None">
      <conditionalExp exp="n=j;" />
      <location x="626" y="188" />
      <size width="100" height="40" />
    </transition>
    <transition id="id15" name="MotorC.setPWM" portdir="None">
      <conditionalExp exp="o=k;" />
      <location x="624" y="242" />
      <size width="100" height="40" />
    </transition>
    <transition id="id16" name="t" portdir="None">
      <conditionalExp exp="t=0;" />
      <location x="919" y="247" />
      <size width="50" height="20" />
    </transition>
    <transition id="id17" name="t" portdir="None">
      <conditionalExp exp="u=0;" />
      <location x="921" y="296" />
      <size width="50" height="20" />
    </transition>
    <arc id="id18" source="id0" target="id10" delay="30" weight="1" variableLabel="a">
      <points>
        <probability average="30" variance="40" probdist="none" />
        <point x="189" y="265" />
        <point x="189" y="144" />
      </points>
    </arc>
    <arc id="id19" source="id10" target="id3" delay="0" weight="1" variableLabel="b">
      <points>
        <probability average="0" variance="0" probdist="none" />
        <point x="188" y="104" />
        <point x="188" y="59" />
      </points>
    </arc>
    <arc id="id20" source="id3" target="id11" delay="0" weight="1" variableLabel="c">
      <points>
        <probability average="0" variance="0" probdist="none" />
        <point x="214" y="51" />
        <point x="311" y="116" />
      </points>
    </arc>
    <arc id="id21" source="id12" target="id4" delay="0" weight="1" variableLabel="l">
      <points>
        <probability average="0" variance="0" probdist="none" />
        <point x="674" y="59" />
        <point x="746" y="59" />
      </points>
    </arc>
    <arc id="id22" source="id13" target="id5" delay="0" weight="1" variableLabel="m">
      <points>
        <probability average="0" variance="0" probdist="none" />
        <point x="676" y="114" />
        <point x="749" y="114" />
      </points>
    </arc>
    <arc id="id23" source="id14" target="id6" delay="0" weight="1" variableLabel="n">
      <points>
        <probability average="0" variance="0" probdist="none" />
        <point x="676" y="186" />
        <point x="751" y="186" />
      </points>
    </arc>
    <arc id="id24" source="id15" target="id7" delay="0" weight="1" variableLabel="o">
      <points>
        <probability average="0" variance="0" probdist="none" />
        <point x="674" y="246" />
        <point x="752" y="246" />
      </points>
    </arc>
    <arc id="id25" source="id4" target="id16" delay="0" weight="1" variableLabel="p">
      <points>
        <probability average="0" variance="0" probdist="none" />
        <point x="794" y="70" />
        <point x="894" y="237" />
      </points>
    </arc>
    <arc id="id26" source="id5" target="id16" delay="0" weight="1" variableLabel="q">
      <points>
        <probability average="0" variance="0" probdist="none" />
        <point x="800" y="124" />
        <point x="894" y="237" />
      </points>
    </arc>
    <arc id="id27" source="id6" target="id17" delay="0" weight="1" variableLabel="r">
      <points>
        <probability average="0" variance="0" probdist="none" />
        <point x="804" y="195" />
        <point x="896" y="286" />
      </points>
    </arc>
    <arc id="id28" source="id7" target="id17" delay="0" weight="1" variableLabel="s">
      <points>
        <probability average="0" variance="0" probdist="none" />
        <point x="810" y="251" />
        <point x="896" y="286" />
      </points>
    </arc>
    <arc id="id31" source="id11" target="id1" delay="0" weight="1" variableLabel="d">
      <points>
        <probability average="0" variance="0" probdist="none" />
        <point x="361" y="116" />
        <point x="435" y="71" />
      </points>
    </arc>
    <arc id="id32" source="id11" target="id8" delay="0" weight="1" variableLabel="e">
      <points>
        <probability average="0" variance="0" probdist="none" />
        <point x="361" y="120" />
        <point x="430" y="120" />
      </points>
    </arc>
    <arc id="id33" source="id11" target="id2" delay="0" weight="1" variableLabel="f">
      <points>
        <probability average="0" variance="0" probdist="none" />
        <point x="361" y="136" />
        <point x="432" y="172" />
      </points>
    </arc>
    <arc id="id34" source="id11" target="id9" delay="0" weight="1" variableLabel="g">
      <points>
        <probability average="0" variance="0" probdist="none" />
        <point x="361" y="136" />
        <point x="442" y="225" />
      </points>
    </arc>
    <arc id="id35" source="id1" target="id12" delay="0" weight="1" variableLabel="h">
      <points>
        <probability average="0" variance="0" probdist="none" />
        <point x="490" y="65" />
        <point x="574" y="65" />
      </points>
    </arc>
    <arc id="id36" source="id8" target="id13" delay="0" weight="1" variableLabel="i">
      <points>
        <probability average="0" variance="0" probdist="none" />
        <point x="489" y="120" />
        <point x="576" y="120" />
      </points>
    </arc>
    <arc id="id37" source="id2" target="id14" delay="0" weight="1" variableLabel="j">
      <points>
        <probability average="0" variance="0" probdist="none" />
        <point x="488" y="177" />
        <point x="576" y="177" />
      </points>
    </arc>
    <arc id="id38" source="id9" target="id15" delay="0" weight="1" variableLabel="k">
      <points>
        <probability average="0" variance="0" probdist="none" />
        <point x="492" y="235" />
        <point x="574" y="235" />
      </points>
    </arc>
    <arc id="id30" source="id16" target="id29" delay="0" weight="1" variableLabel="t">
      <points>
        <probability average="0" variance="0" probdist="none" />
        <point x="944" y="257" />
        <point x="958" y="342" />
      </points>
    </arc>
    <arc id="id39" source="id17" target="id29" delay="0" weight="1" variableLabel="u">
      <points>
        <probability average="0" variance="0" probdist="none" />
        <point x="946" y="306" />
        <point x="954" y="342" />
      </points>
    </arc>
  </page>
</petrinet>