﻿<?xml version="1.0" encoding="utf-8"?>
<petrinet name="main">
  <page id="main.page0" name="main.page0">
    <place id="id0" name="p1" portdir="None" specifiedType="" capacity="0">
      <initialMarking exp="1;" />
      <location x="51" y="101" />
      <size width="60" height="30" />
    </place>
    <place id="id1" name="p2" portdir="None" specifiedType="" capacity="0">
      <initialMarking exp="" />
      <location x="289" y="45" />
      <size width="60" height="30" />
    </place>
    <place id="id3" name="p3" portdir="None" specifiedType="" capacity="0">
      <initialMarking exp="" />
      <location x="288" y="101" />
      <size width="60" height="30" />
    </place>
    <place id="id7" name="p4" portdir="None" specifiedType="" capacity="0">
      <initialMarking exp="" />
      <location x="289" y="160" />
      <size width="60" height="30" />
    </place>
    <transition id="id2" name="t1" portdir="None">
      <conditionalExp exp="" />
      <location x="162" y="99" />
      <size width="50" height="20" />
    </transition>
    <arc id="id4" source="id0" target="id2" delay="0" weight="1" variableLabel="">
      <points>
        <probability1 average1="0" variance1="1" freedom1="2" lambda1="1" rate1="100" probdist1="none" />
        <probability2 average2="0" variance2="1" freedom2="2" lambda2="1" rate2="0" probdist2="none" />
        <probability3 average3="0" variance3="1" freedom3="2" lambda3="1" rate3="0" probdist3="none" />
        <probability4 average4="0" variance4="1" freedom4="2" lambda4="1" rate4="0" probdist4="none" />
        <probability5 average5="0" variance5="1" freedom5="2" lambda5="1" rate5="0" probdist5="none" />
        <point x="80" y="101" />
        <point x="137" y="101" />
      </points>
    </arc>
    <arc id="id5" source="id2" target="id1" delay="0" weight="1" variableLabel="">
      <points>
        <probability1 average1="0" variance1="1" freedom1="2" lambda1="1" rate1="100" probdist1="none" />
        <probability2 average2="0" variance2="1" freedom2="2" lambda2="1" rate2="0" probdist2="none" />
        <probability3 average3="0" variance3="1" freedom3="2" lambda3="1" rate3="0" probdist3="none" />
        <probability4 average4="0" variance4="1" freedom4="2" lambda4="1" rate4="0" probdist4="none" />
        <probability5 average5="0" variance5="1" freedom5="2" lambda5="1" rate5="0" probdist5="none" />
        <point x="187" y="89" />
        <point x="262" y="50" />
      </points>
    </arc>
    <arc id="id6" source="id2" target="id3" delay="0" weight="2" variableLabel="">
      <points>
        <probability1 average1="0" variance1="1" freedom1="2" lambda1="1" rate1="100" probdist1="none" />
        <probability2 average2="0" variance2="1" freedom2="2" lambda2="1" rate2="0" probdist2="none" />
        <probability3 average3="0" variance3="1" freedom3="2" lambda3="1" rate3="0" probdist3="none" />
        <probability4 average4="0" variance4="1" freedom4="2" lambda4="1" rate4="0" probdist4="none" />
        <probability5 average5="0" variance5="1" freedom5="2" lambda5="1" rate5="0" probdist5="none" />
        <point x="187" y="101" />
        <point x="258" y="101" />
      </points>
    </arc>
    <arc id="id8" source="id2" target="id7" delay="0" weight="3" variableLabel="">
      <points>
        <probability1 average1="0" variance1="1" freedom1="2" lambda1="1" rate1="100" probdist1="none" />
        <probability2 average2="0" variance2="1" freedom2="2" lambda2="1" rate2="0" probdist2="none" />
        <probability3 average3="0" variance3="1" freedom3="2" lambda3="1" rate3="0" probdist3="none" />
        <probability4 average4="0" variance4="1" freedom4="2" lambda4="1" rate4="0" probdist4="none" />
        <probability5 average5="0" variance5="1" freedom5="2" lambda5="1" rate5="0" probdist5="none" />
        <point x="187" y="109" />
        <point x="263" y="154" />
      </points>
    </arc>
  </page>
  <page id="main.page1" name="main.page1">
    <place id="id0" name="p1" portdir="None" specifiedType="" capacity="0">
      <initialMarking exp="" />
      <location x="266" y="110" />
      <size width="60" height="30" />
    </place>
    <transition id="id1" name="t1" portdir="None">
      <conditionalExp exp="" />
      <location x="65" y="108" />
      <size width="50" height="20" />
    </transition>
    <arc id="id2" source="id1" target="id0" delay="0" weight="1" variableLabel="">
      <points>
        <probability1 average1="0" variance1="1" freedom1="2" lambda1="1" rate1="100" probdist1="none" />
        <probability2 average2="0" variance2="1" freedom2="2" lambda2="1" rate2="0" probdist2="none" />
        <probability3 average3="0" variance3="1" freedom3="2" lambda3="1" rate3="0" probdist3="none" />
        <probability4 average4="0" variance4="1" freedom4="2" lambda4="1" rate4="0" probdist4="none" />
        <probability5 average5="0" variance5="1" freedom5="2" lambda5="1" rate5="0" probdist5="none" />
        <point x="0" y="0" />
        <point x="0" y="0" />
      </points>
    </arc>
  </page>
  <page id="main.page2" name="main.page2">
    <place id="id0" name="p1" portdir="None" specifiedType="" capacity="0">
      <initialMarking exp="1;" />
      <location x="50" y="73" />
      <size width="60" height="30" />
    </place>
    <place id="id1" name="p2" portdir="None" specifiedType="" capacity="0">
      <initialMarking exp="1;" />
      <location x="52" y="178" />
      <size width="60" height="30" />
    </place>
    <place id="id5" name="p2" portdir="None" specifiedType="" capacity="0">
      <initialMarking exp="" />
      <location x="260" y="120" />
      <size width="60" height="30" />
    </place>
    <transition id="id2" name="t1" portdir="None">
      <conditionalExp exp="" />
      <location x="158" y="120" />
      <size width="50" height="20" />
    </transition>
    <arc id="id3" source="id0" target="id2" delay="0" weight="1" variableLabel="">
      <points>
        <probability1 average1="0" variance1="1" freedom1="2" lambda1="1" rate1="100" probdist1="none" />
        <probability2 average2="0" variance2="1" freedom2="2" lambda2="1" rate2="0" probdist2="none" />
        <probability3 average3="0" variance3="1" freedom3="2" lambda3="1" rate3="0" probdist3="none" />
        <probability4 average4="0" variance4="1" freedom4="2" lambda4="1" rate4="0" probdist4="none" />
        <probability5 average5="0" variance5="1" freedom5="2" lambda5="1" rate5="0" probdist5="none" />
        <point x="0" y="0" />
        <point x="0" y="0" />
      </points>
    </arc>
    <arc id="id4" source="id1" target="id2" delay="0" weight="1" variableLabel="">
      <points>
        <probability1 average1="0" variance1="1" freedom1="2" lambda1="1" rate1="100" probdist1="none" />
        <probability2 average2="0" variance2="1" freedom2="2" lambda2="1" rate2="0" probdist2="none" />
        <probability3 average3="0" variance3="1" freedom3="2" lambda3="1" rate3="0" probdist3="none" />
        <probability4 average4="0" variance4="1" freedom4="2" lambda4="1" rate4="0" probdist4="none" />
        <probability5 average5="0" variance5="1" freedom5="2" lambda5="1" rate5="0" probdist5="none" />
        <point x="0" y="0" />
        <point x="0" y="0" />
      </points>
    </arc>
    <arc id="id6" source="id2" target="id5" delay="0" weight="1" variableLabel="">
      <points>
        <probability1 average1="0" variance1="1" freedom1="2" lambda1="1" rate1="100" probdist1="none" />
        <probability2 average2="0" variance2="1" freedom2="2" lambda2="1" rate2="0" probdist2="none" />
        <probability3 average3="0" variance3="1" freedom3="2" lambda3="1" rate3="0" probdist3="none" />
        <probability4 average4="0" variance4="1" freedom4="2" lambda4="1" rate4="0" probdist4="none" />
        <probability5 average5="0" variance5="1" freedom5="2" lambda5="1" rate5="0" probdist5="none" />
        <point x="0" y="0" />
        <point x="0" y="0" />
      </points>
    </arc>
  </page>
</petrinet>