﻿<?xml version="1.0" encoding="utf-8"?>
<petrinet name="main">
  <page id="main.page0" name="MT_getCount">
    <place id="id0" name="Return" portdir="Out" specifiedType="Int32">
      <initialMarking exp="" />
      <location x="386" y="181" />
      <size width="60" height="30" />
    </place>
    <transition id="id1" name="MT_getCount" portdir="In">
      <conditionalExp exp="Count=0;" />
      <location x="216" y="177" />
      <size width="120" height="20" />
    </transition>
    <arc id="id2" source="id1" target="id0" delay="0" weight="1" variableLabel="Count">
      <points>
        <probability average="0" variance="0" probdist="none" />
        <point x="276" y="181" />
        <point x="356" y="181" />
      </points>
    </arc>
  </page>
  <page id="main.page1" name="MT_setCount">
    <place id="id4" name="PARAM_COUNT" portdir="Bidirection" specifiedType="Int32">
      <initialMarking exp="" />
      <location x="176" y="80" />
      <size width="100" height="30" />
    </place>
    <place id="id0" name="Return" portdir="Out" specifiedType="">
      <initialMarking exp="" />
      <location x="316" y="192" />
      <size width="60" height="30" />
    </place>
    <transition id="id1" name="MTa_setCount" portdir="Bidirection">
      <conditionalExp exp="Count = Count;" />
      <location x="168" y="184" />
      <size width="100" height="20" />
    </transition>
    <arc id="id5" source="id4" target="id1" delay="0" weight="1" variableLabel="Count">
      <points>
        <probability average="0" variance="0" probdist="none" />
        <point x="0" y="0" />
        <point x="0" y="0" />
      </points>
    </arc>
    <arc id="id6" source="id1" target="id4" delay="0" weight="1" variableLabel="Count">
      <points>
        <probability average="0" variance="0" probdist="none" />
        <point x="0" y="0" />
        <point x="0" y="0" />
      </points>
    </arc>
    <arc id="id2" source="id1" target="id0" delay="0" weight="1" variableLabel="">
      <points>
        <probability average="0" variance="0" probdist="none" />
        <point x="0" y="0" />
        <point x="0" y="0" />
      </points>
    </arc>
  </page>
  <page id="main.page2" name="MT_setPWM">
    <place id="id2" name="PARAM_PWM" portdir="In" specifiedType="Int8">
      <initialMarking exp="" />
      <location x="60" y="174" />
      <size width="100" height="30" />
    </place>
    <place id="id0" name="Return" portdir="Out" specifiedType="">
      <initialMarking exp="" />
      <location x="357" y="176" />
      <size width="60" height="30" />
    </place>
    <transition id="id1" name="MTa_setPWM" portdir="None">
      <conditionalExp exp="PWM = PWM;" />
      <location x="233" y="177" />
      <size width="100" height="20" />
    </transition>
    <arc id="id5" source="id2" target="id1" delay="0" weight="1" variableLabel="PWM">
      <points>
        <probability average="0" variance="0" probdist="none" />
        <point x="0" y="0" />
        <point x="0" y="0" />
      </points>
    </arc>
    <arc id="id3" source="id1" target="id0" delay="0" weight="1" variableLabel="">
      <points>
        <probability average="0" variance="0" probdist="none" />
        <point x="0" y="0" />
        <point x="0" y="0" />
      </points>
    </arc>
  </page>
  <page id="main.page3" name="MT_setBrake">
    <place id="id2" name="PARAM_BRAKE" portdir="Bidirection" specifiedType="Bool">
      <initialMarking exp="" />
      <location x="237" y="90" />
      <size width="100" height="30" />
    </place>
    <place id="id0" name="Return" portdir="Out" specifiedType="">
      <initialMarking exp="" />
      <location x="346" y="213" />
      <size width="60" height="30" />
    </place>
    <transition id="id1" name="MTa_setCount" portdir="In">
      <conditionalExp exp="Brake = Brake;" />
      <location x="170" y="210" />
      <size width="100" height="20" />
    </transition>
    <arc id="id5" source="id2" target="id1" delay="0" weight="1" variableLabel="Brake">
      <points>
        <probability average="0" variance="0" probdist="none" />
        <point x="0" y="0" />
        <point x="0" y="0" />
      </points>
    </arc>
    <arc id="id6" source="id1" target="id2" delay="0" weight="1" variableLabel="Brake">
      <points>
        <probability average="0" variance="0" probdist="none" />
        <point x="0" y="0" />
        <point x="0" y="0" />
      </points>
    </arc>
    <arc id="id3" source="id1" target="id0" delay="0" weight="1" variableLabel="">
      <points>
        <probability average="0" variance="0" probdist="none" />
        <point x="0" y="0" />
        <point x="0" y="0" />
      </points>
    </arc>
  </page>
  <page id="main.page4" name="MT_reset">
    <place id="id0" name="Return" portdir="Out" specifiedType="">
      <initialMarking exp="" />
      <location x="356" y="203" />
      <size width="60" height="30" />
    </place>
    <transition id="id1" name="MTa_reset" portdir="In">
      <conditionalExp exp="" />
      <location x="178" y="197" />
      <size width="100" height="20" />
    </transition>
    <arc id="id2" source="id1" target="id0" delay="0" weight="1" variableLabel="">
      <points>
        <probability average="0" variance="0" probdist="none" />
        <point x="0" y="0" />
        <point x="0" y="0" />
      </points>
    </arc>
  </page>
  <page id="main.page15" name="LS_getBrightness">
    <place id="id0" name="Return" portdir="Out" specifiedType="Int32">
      <initialMarking exp="" />
      <location x="283" y="186" />
      <size width="60" height="30" />
    </place>
    <transition id="id1" name="LSa_getBrightness" portdir="In">
      <conditionalExp exp="Brightness=0;" />
      <location x="89" y="178" />
      <size width="120" height="20" />
    </transition>
    <arc id="id2" source="id1" target="id0" delay="0" weight="1" variableLabel="Brightness">
      <points>
        <probability average="0" variance="0" probdist="none" />
        <point x="0" y="0" />
        <point x="0" y="0" />
      </points>
    </arc>
  </page>
  <page id="main.page16" name="LS_setLamp">
    <place id="id0" name="PARAM_LAMP" portdir="Bidirection" specifiedType="Bool">
      <initialMarking exp="" />
      <location x="248" y="98" />
      <size width="100" height="30" />
    </place>
    <place id="id4" name="Return" portdir="Out" specifiedType="">
      <initialMarking exp="" />
      <location x="372" y="214" />
      <size width="60" height="30" />
    </place>
    <transition id="id1" name="LSa_setLamp" portdir="In">
      <conditionalExp exp="Lamp = Lamp;" />
      <location x="180" y="220" />
      <size width="100" height="20" />
    </transition>
    <arc id="id2" source="id0" target="id1" delay="0" weight="1" variableLabel="Lamp">
      <points>
        <probability average="0" variance="0" probdist="none" />
        <point x="0" y="0" />
        <point x="0" y="0" />
      </points>
    </arc>
    <arc id="id3" source="id1" target="id0" delay="0" weight="1" variableLabel="Lamp">
      <points>
        <probability average="0" variance="0" probdist="none" />
        <point x="0" y="0" />
        <point x="0" y="0" />
      </points>
    </arc>
    <arc id="id5" source="id1" target="id4" delay="0" weight="1" variableLabel="">
      <points>
        <probability average="0" variance="0" probdist="none" />
        <point x="0" y="0" />
        <point x="0" y="0" />
      </points>
    </arc>
  </page>
  <page id="main.page17" name="LS_get">
    <place id="id0" name="Return" portdir="Out" specifiedType="Int32">
      <initialMarking exp="" />
      <location x="291" y="196" />
      <size width="60" height="30" />
    </place>
    <transition id="id1" name="LSa_get" portdir="In">
      <conditionalExp exp="LSAD = 0;" />
      <location x="99" y="189" />
      <size width="120" height="20" />
    </transition>
    <arc id="id2" source="id1" target="id0" delay="0" weight="1" variableLabel="LSAD">
      <points>
        <probability average="0" variance="0" probdist="none" />
        <point x="0" y="0" />
        <point x="0" y="0" />
      </points>
    </arc>
  </page>
  <page id="main.page24" name="SonS_getDistance">
    <place id="id0" name="Return" portdir="Out" specifiedType="Int32">
      <initialMarking exp="" />
      <location x="312" y="216" />
      <size width="60" height="30" />
    </place>
    <transition id="id1" name="SonSa_getDistance" portdir="In">
      <conditionalExp exp="Distance = 0;" />
      <location x="120" y="208" />
      <size width="120" height="20" />
    </transition>
    <arc id="id2" source="id1" target="id0" delay="0" weight="1" variableLabel="Distance">
      <points>
        <probability average="0" variance="0" probdist="none" />
        <point x="0" y="0" />
        <point x="0" y="0" />
      </points>
    </arc>
  </page>
  <page id="main.page25" name="SonS_get">
    <place id="id0" name="Return" portdir="Out" specifiedType="Int32">
      <initialMarking exp="" />
      <location x="311" y="216" />
      <size width="60" height="30" />
    </place>
    <transition id="id1" name="SonSa_get" portdir="In">
      <conditionalExp exp="LSAD = 0;" />
      <location x="119" y="210" />
      <size width="120" height="20" />
    </transition>
    <arc id="id2" source="id1" target="id0" delay="0" weight="1" variableLabel="LSAD">
      <points>
        <probability average="0" variance="0" probdist="none" />
        <point x="0" y="0" />
        <point x="0" y="0" />
      </points>
    </arc>
  </page>
  <page id="main.page26" name="SonS_send">
    <place id="id1" name="Return" portdir="Out" specifiedType="Bool">
      <initialMarking exp="" />
      <location x="412" y="254" />
      <size width="60" height="30" />
    </place>
    <place id="id2" name="PARAM_ADDRESS" portdir="Bidirection" specifiedType="Int32">
      <initialMarking exp="" />
      <location x="123" y="151" />
      <size width="120" height="30" />
    </place>
    <place id="id3" name="PARAM_DATA" portdir="Bidirection" specifiedType="Int32">
      <initialMarking exp="" />
      <location x="255" y="154" />
      <size width="120" height="30" />
    </place>
    <place id="id4" name="PARAM_LENGTH" portdir="Bidirection" specifiedType="Int32">
      <initialMarking exp="" />
      <location x="378" y="158" />
      <size width="120" height="30" />
    </place>
    <transition id="id0" name="SonSa_send" portdir="In">
      <conditionalExp exp="Send =0;" />
      <location x="226" y="250" />
      <size width="120" height="20" />
    </transition>
    <arc id="id5" source="id2" target="id0" delay="0" weight="1" variableLabel="Address">
      <points>
        <probability average="0" variance="0" probdist="none" />
        <point x="0" y="0" />
        <point x="0" y="0" />
      </points>
    </arc>
    <arc id="id6" source="id0" target="id2" delay="0" weight="1" variableLabel="Address">
      <points>
        <probability average="0" variance="0" probdist="none" />
        <point x="0" y="0" />
        <point x="0" y="0" />
      </points>
    </arc>
    <arc id="id7" source="id3" target="id0" delay="0" weight="1" variableLabel="Data">
      <points>
        <probability average="0" variance="0" probdist="none" />
        <point x="0" y="0" />
        <point x="0" y="0" />
      </points>
    </arc>
    <arc id="id8" source="id0" target="id3" delay="0" weight="1" variableLabel="Data">
      <points>
        <probability average="0" variance="0" probdist="none" />
        <point x="0" y="0" />
        <point x="0" y="0" />
      </points>
    </arc>
    <arc id="id9" source="id4" target="id0" delay="0" weight="1" variableLabel="Length">
      <points>
        <probability average="0" variance="0" probdist="none" />
        <point x="0" y="0" />
        <point x="0" y="0" />
      </points>
    </arc>
    <arc id="id10" source="id0" target="id4" delay="0" weight="1" variableLabel="Length">
      <points>
        <probability average="0" variance="0" probdist="none" />
        <point x="0" y="0" />
        <point x="0" y="0" />
      </points>
    </arc>
    <arc id="id11" source="id0" target="id1" delay="0" weight="1" variableLabel="Send">
      <points>
        <probability average="0" variance="0" probdist="none" />
        <point x="0" y="0" />
        <point x="0" y="0" />
      </points>
    </arc>
  </page>
  <page id="main.page27" name="SonS_receive">
    <place id="id1" name="Return" portdir="Out" specifiedType="Bool">
      <initialMarking exp="" />
      <location x="427" y="262" />
      <size width="60" height="30" />
    </place>
    <place id="id2" name="PARAM_ADDRESS" portdir="Bidirection" specifiedType="Int32">
      <initialMarking exp="" />
      <location x="138" y="160" />
      <size width="120" height="30" />
    </place>
    <place id="id3" name="PARAM_DATA" portdir="Bidirection" specifiedType="Int32">
      <initialMarking exp="" />
      <location x="270" y="162" />
      <size width="120" height="30" />
    </place>
    <place id="id4" name="PARAM_LENGTH" portdir="Bidirection" specifiedType="Int32">
      <initialMarking exp="" />
      <location x="393" y="166" />
      <size width="120" height="30" />
    </place>
    <transition id="id0" name="SonSa_receive" portdir="In">
      <conditionalExp exp="Receive =0;" />
      <location x="241" y="258" />
      <size width="120" height="20" />
    </transition>
    <arc id="id5" source="id2" target="id0" delay="0" weight="1" variableLabel="Address">
      <points>
        <probability average="0" variance="0" probdist="none" />
        <point x="0" y="0" />
        <point x="0" y="0" />
      </points>
    </arc>
    <arc id="id6" source="id0" target="id2" delay="0" weight="1" variableLabel="Address">
      <points>
        <probability average="0" variance="0" probdist="none" />
        <point x="0" y="0" />
        <point x="0" y="0" />
      </points>
    </arc>
    <arc id="id7" source="id3" target="id0" delay="0" weight="1" variableLabel="Data">
      <points>
        <probability average="0" variance="0" probdist="none" />
        <point x="0" y="0" />
        <point x="0" y="0" />
      </points>
    </arc>
    <arc id="id8" source="id0" target="id3" delay="0" weight="1" variableLabel="Data">
      <points>
        <probability average="0" variance="0" probdist="none" />
        <point x="0" y="0" />
        <point x="0" y="0" />
      </points>
    </arc>
    <arc id="id9" source="id4" target="id0" delay="0" weight="1" variableLabel="Length">
      <points>
        <probability average="0" variance="0" probdist="none" />
        <point x="0" y="0" />
        <point x="0" y="0" />
      </points>
    </arc>
    <arc id="id10" source="id0" target="id4" delay="0" weight="1" variableLabel="Length">
      <points>
        <probability average="0" variance="0" probdist="none" />
        <point x="0" y="0" />
        <point x="0" y="0" />
      </points>
    </arc>
    <arc id="id11" source="id0" target="id1" delay="0" weight="1" variableLabel="Receive">
      <points>
        <probability average="0" variance="0" probdist="none" />
        <point x="0" y="0" />
        <point x="0" y="0" />
      </points>
    </arc>
  </page>
  <page id="main.page36" name="TS_isPressed">
    <place id="id1" name="Return" portdir="Out" specifiedType="Bool">
      <initialMarking exp="" />
      <location x="334" y="236" />
      <size width="60" height="30" />
    </place>
    <transition id="id0" name="TSa_isPressed" portdir="In">
      <conditionalExp exp="Pressed = true;" />
      <location x="140" y="227" />
      <size width="120" height="20" />
    </transition>
    <arc id="id2" source="id0" target="id1" delay="0" weight="1" variableLabel="Pressed">
      <points>
        <probability average="0" variance="0" probdist="none" />
        <point x="0" y="0" />
        <point x="0" y="0" />
      </points>
    </arc>
  </page>
  <page id="main.page37" name="TS_get">
    <place id="id1" name="Return" portdir="Out" specifiedType="Int32">
      <initialMarking exp="" />
      <location x="331" y="237" />
      <size width="60" height="30" />
    </place>
    <transition id="id0" name="TSa_get" portdir="In">
      <conditionalExp exp="LSAD = 0;" />
      <location x="138" y="230" />
      <size width="120" height="20" />
    </transition>
    <arc id="id2" source="id0" target="id1" delay="0" weight="1" variableLabel="LSAD">
      <points>
        <probability average="0" variance="0" probdist="none" />
        <point x="0" y="0" />
        <point x="0" y="0" />
      </points>
    </arc>
  </page>
  <page id="main.page42" name="TS_waitClick">
    <place id="id4" name="In" portdir="In" specifiedType="Bool">
      <initialMarking exp="" />
      <location x="82" y="170" />
      <size width="60" height="30" />
    </place>
    <place id="id10" name="p" portdir="None" specifiedType="Bool">
      <initialMarking exp="" />
      <location x="258" y="291" />
      <size width="60" height="30" />
    </place>
    <place id="id17" name="Out" portdir="Out" specifiedType="Bool">
      <initialMarking exp="" />
      <location x="555" y="158" />
      <size width="60" height="30" />
    </place>
    <transition id="id3" name="t" portdir="None">
      <conditionalExp exp="if(Pressed==true){&#xD;&#xA;Press=Pressed;&#xD;&#xA;}else{&#xD;&#xA;NoPress=Pressed;}" />
      <location x="235" y="209" />
      <size width="50" height="20" />
    </transition>
    <transition id="id14" name="t" portdir="None">
      <conditionalExp exp="if(Pressed==false)&#xD;&#xA;{Press=Pressed;&#xD;&#xA;}else{&#xD;&#xA;NoPress=Pressed;}" />
      <location x="409" y="165" />
      <size width="50" height="20" />
    </transition>
    <subpage id="id0" original="main.page36" name="TSa_isPressed">
      <location x="94" y="285" />
      <size width="50" height="70" />
      <port id="id0.port0" name="TSa_isPressed" originalid="id0" type="transition" portdir="None">
        <location x="47" y="257" />
        <size width="30" height="30" />
      </port>
      <port id="id0.port1" name="Return" originalid="id1" type="place" portdir="None" specifiedType="Bool">
        <initialMarking exp="" />
        <location x="147" y="279" />
        <size width="30" height="30" />
      </port>
    </subpage>
    <subpage id="id12" original="main.page36" name="TSa_isPressed">
      <location x="414" y="311" />
      <size width="50" height="70" />
      <port id="id12.port0" name="TSa_isPressed" originalid="id0" type="transition" portdir="None">
        <location x="351" y="284" />
        <size width="30" height="30" />
      </port>
      <port id="id12.port1" name="Return" originalid="id1" type="place" portdir="None" specifiedType="Bool">
        <initialMarking exp="" />
        <location x="486" y="278" />
        <size width="30" height="30" />
      </port>
    </subpage>
    <arc id="id7" source="id4" target="id0.port0" delay="0" weight="1" variableLabel="b">
      <points>
        <probability average="0" variance="0" probdist="none" />
        <point x="0" y="0" />
        <point x="0" y="0" />
      </points>
    </arc>
    <arc id="id8" source="id0.port1" target="id3" delay="0" weight="1" variableLabel="Pressed">
      <points>
        <probability average="0" variance="0" probdist="none" />
        <point x="0" y="0" />
        <point x="0" y="0" />
      </points>
    </arc>
    <arc id="id9" source="id3" target="id4" delay="0" weight="1" variableLabel="NoPress">
      <points>
        <probability average="0" variance="0" probdist="none" />
        <point x="0" y="0" />
        <point x="0" y="0" />
      </points>
    </arc>
    <arc id="id11" source="id3" target="id10" delay="0" weight="1" variableLabel="Press">
      <points>
        <probability average="0" variance="0" probdist="none" />
        <point x="0" y="0" />
        <point x="0" y="0" />
      </points>
    </arc>
    <arc id="id13" source="id10" target="id12.port0" delay="0" weight="1" variableLabel="b">
      <points>
        <probability average="0" variance="0" probdist="none" />
        <point x="0" y="0" />
        <point x="0" y="0" />
      </points>
    </arc>
    <arc id="id15" source="id12.port1" target="id14" delay="0" weight="1" variableLabel="Pressed">
      <points>
        <probability average="0" variance="0" probdist="none" />
        <point x="0" y="0" />
        <point x="0" y="0" />
      </points>
    </arc>
    <arc id="id16" source="id14" target="id10" delay="0" weight="1" variableLabel="Press">
      <points>
        <probability average="0" variance="0" probdist="none" />
        <point x="0" y="0" />
        <point x="0" y="0" />
      </points>
    </arc>
    <arc id="id18" source="id14" target="id17" delay="0" weight="1" variableLabel="NoPress">
      <points>
        <probability average="0" variance="0" probdist="none" />
        <point x="0" y="0" />
        <point x="0" y="0" />
      </points>
    </arc>
  </page>
  <page id="main.page5" name="main.page5">
    <place id="id0" name="p" portdir="None" specifiedType="String">
      <initialMarking exp="1,&quot;A&quot;;" />
      <location x="89" y="93" />
      <size width="60" height="30" />
    </place>
    <place id="id1" name="p" portdir="None" specifiedType="String">
      <initialMarking exp="" />
      <location x="431" y="144" />
      <size width="60" height="30" />
    </place>
    <transition id="id2" name="t" portdir="None">
      <conditionalExp exp="if(hoge == &quot;A&quot;){&#xD;&#xA;fuga=hoge;&#xD;&#xA;}" />
      <location x="270" y="130" />
      <size width="50" height="20" />
    </transition>
    <arc id="id3" source="id0" target="id2" delay="0" weight="1" variableLabel="hoge">
      <points>
        <probability average="0" variance="0" probdist="none" />
        <point x="118" y="96" />
        <point x="245" y="120" />
      </points>
    </arc>
    <arc id="id4" source="id2" target="id1" delay="0" weight="1" variableLabel="fuga">
      <points>
        <probability average="0" variance="0" probdist="none" />
        <point x="295" y="140" />
        <point x="402" y="144" />
      </points>
    </arc>
  </page>
</petrinet>