﻿<?xml version="1.0" encoding="utf-8"?>
<petrinet name="Untitled">
  <page id="page0" name="page0">
    <place id="id0" name="p1" initialmarking="1" portdir="None" capacity="0">
      <location x="331" y="119" />
      <size width="50" height="30" />
    </place>
    <place id="id1" name="p2" initialmarking="0" portdir="None" capacity="0">
      <location x="547" y="213" />
      <size width="50" height="30" />
    </place>
    <place id="id2" name="p3" initialmarking="0" portdir="None" capacity="0">
      <location x="342" y="323" />
      <size width="50" height="30" />
    </place>
    <place id="id3" name="p4" initialmarking="4" portdir="None" capacity="0">
      <location x="143" y="121" />
      <size width="50" height="30" />
    </place>
    <place id="id4" name="p5" initialmarking="0" portdir="None" capacity="0">
      <location x="144" y="318" />
      <size width="50" height="30" />
    </place>
    <transition id="id5" name="insert" portdir="None">
      <location x="459" y="148" />
      <size width="50" height="20" />
    </transition>
    <transition id="id6" name="reject" portdir="None">
      <location x="422" y="204" />
      <size width="50" height="20" />
    </transition>
    <transition id="id7" name="accept" portdir="None">
      <location x="440" y="278" />
      <size width="50" height="20" />
    </transition>
    <transition id="id8" name="dispense" portdir="None">
      <location x="234" y="217" />
      <size width="50" height="20" />
    </transition>
    <transition id="id9" name="refill" portdir="None">
      <location x="63" y="214" />
      <size width="50" height="20" />
    </transition>
    <arc id="id10" source="id0" target="id5" delay="0" weight="1">
      <points>
        <point x="355" y="122" />
        <point x="434" y="138" />
      </points>
    </arc>
    <arc id="id11" source="id5" target="id1" delay="0" weight="1">
      <points>
        <point x="484" y="158" />
        <point x="529" y="204" />
      </points>
    </arc>
    <arc id="id12" source="id1" target="id6" delay="0" weight="1">
      <points>
        <point x="523" y="212" />
        <point x="447" y="212" />
      </points>
    </arc>
    <arc id="id13" source="id6" target="id0" delay="0" weight="1">
      <points>
        <point x="397" y="194" />
        <point x="347" y="130" />
      </points>
    </arc>
    <arc id="id14" source="id1" target="id7" delay="0" weight="1">
      <points>
        <point x="526" y="220" />
        <point x="465" y="268" />
      </points>
    </arc>
    <arc id="id15" source="id7" target="id2" delay="0" weight="1">
      <points>
        <point x="415" y="288" />
        <point x="364" y="317" />
      </points>
    </arc>
    <arc id="id16" source="id2" target="id8" delay="0" weight="1">
      <points>
        <point x="325" y="313" />
        <point x="259" y="227" />
      </points>
    </arc>
    <arc id="id17" source="id8" target="id0" delay="0" weight="1">
      <points>
        <point x="259" y="207" />
        <point x="316" y="130" />
      </points>
    </arc>
    <arc id="id18" source="id3" target="id8" delay="0" weight="1">
      <points>
        <point x="160" y="131" />
        <point x="209" y="207" />
      </points>
    </arc>
    <arc id="id19" source="id8" target="id4" delay="0" weight="1">
      <points>
        <point x="209" y="227" />
        <point x="158" y="306" />
      </points>
    </arc>
    <arc id="id20" source="id4" target="id9" delay="0" weight="1">
      <points>
        <point x="129" y="307" />
        <point x="88" y="224" />
      </points>
    </arc>
    <arc id="id21" source="id9" target="id3" delay="0" weight="1">
      <points>
        <point x="88" y="204" />
        <point x="130" y="133" />
      </points>
    </arc>
  </page>
</petrinet>