﻿<?xml version="1.0" encoding="utf-8"?>
<petrinet name="main">
  <page id="main.page0" name="arithmetic">
    <place id="id0" name="p1" portdir="None" specifiedType="Int8" capacity="0">
      <initialMarking exp="1, 10;" />
      <location x="181" y="105" />
      <size width="60" height="30" />
    </place>
    <place id="id1" name="p2" portdir="None" specifiedType="Int8" capacity="0">
      <initialMarking exp="" />
      <location x="444" y="105" />
      <size width="60" height="30" />
    </place>
    <place id="id5" name="p3" portdir="None" specifiedType="Int8" capacity="0">
      <initialMarking exp="1, 10;" />
      <location x="183" y="182" />
      <size width="60" height="30" />
    </place>
    <place id="id6" name="p4" portdir="None" specifiedType="Int8" capacity="0">
      <initialMarking exp="" />
      <location x="445" y="181" />
      <size width="60" height="30" />
    </place>
    <place id="id10" name="p5" portdir="None" specifiedType="Int8" capacity="0">
      <initialMarking exp="1, 10;" />
      <location x="185" y="262" />
      <size width="60" height="30" />
    </place>
    <place id="id11" name="p6" portdir="None" specifiedType="Int8" capacity="0">
      <initialMarking exp="" />
      <location x="446" y="263" />
      <size width="60" height="30" />
    </place>
    <place id="id15" name="p7" portdir="None" specifiedType="Int8" capacity="0">
      <initialMarking exp="1, 10;" />
      <location x="186" y="354" />
      <size width="60" height="30" />
    </place>
    <place id="id16" name="p8" portdir="None" specifiedType="Int8" capacity="0">
      <initialMarking exp="" />
      <location x="447" y="354" />
      <size width="60" height="30" />
    </place>
    <place id="id20" name="p9" portdir="None" specifiedType="Int8" capacity="0">
      <initialMarking exp="" />
      <location x="448" y="426" />
      <size width="60" height="30" />
    </place>
    <transition id="id2" name="add" portdir="None">
      <conditionalExp exp="j = i + 2;" />
      <location x="312" y="106" />
      <size width="50" height="20" />
    </transition>
    <transition id="id7" name="sub" portdir="None">
      <conditionalExp exp="j = i - 2;" />
      <location x="314" y="183" />
      <size width="50" height="20" />
    </transition>
    <transition id="id12" name="mult" portdir="None">
      <conditionalExp exp="j = i * 2;" />
      <location x="316" y="263" />
      <size width="50" height="20" />
    </transition>
    <transition id="id17" name="div" portdir="None">
      <conditionalExp exp="j = i / 3;&#xD;&#xA;k = i % 3;" />
      <location x="317" y="355" />
      <size width="50" height="20" />
    </transition>
    <arc id="id3" source="id0" target="id2" delay="0" weight="1" variableLabel="i">
      <points>
        <probability1 average1="0" variance1="1" freedom1="2" lambda1="1" rate1="100" probdist1="none" />
        <probability2 average2="0" variance2="1" freedom2="2" lambda2="1" rate2="0" probdist2="none" />
        <probability3 average3="0" variance3="1" freedom3="2" lambda3="1" rate3="0" probdist3="none" />
        <probability4 average4="0" variance4="1" freedom4="2" lambda4="1" rate4="0" probdist4="none" />
        <probability5 average5="0" variance5="1" freedom5="2" lambda5="1" rate5="0" probdist5="none" />
        <point x="210" y="105" />
        <point x="287" y="105" />
      </points>
    </arc>
    <arc id="id4" source="id2" target="id1" delay="0" weight="1" variableLabel="j">
      <points>
        <probability1 average1="0" variance1="1" freedom1="2" lambda1="1" rate1="100" probdist1="none" />
        <probability2 average2="0" variance2="1" freedom2="2" lambda2="1" rate2="0" probdist2="none" />
        <probability3 average3="0" variance3="1" freedom3="2" lambda3="1" rate3="0" probdist3="none" />
        <probability4 average4="0" variance4="1" freedom4="2" lambda4="1" rate4="0" probdist4="none" />
        <probability5 average5="0" variance5="1" freedom5="2" lambda5="1" rate5="0" probdist5="none" />
        <point x="337" y="105" />
        <point x="414" y="105" />
      </points>
    </arc>
    <arc id="id8" source="id5" target="id7" delay="0" weight="1" variableLabel="i">
      <points>
        <probability1 average1="0" variance1="1" freedom1="2" lambda1="1" rate1="100" probdist1="none" />
        <probability2 average2="0" variance2="1" freedom2="2" lambda2="1" rate2="0" probdist2="none" />
        <probability3 average3="0" variance3="1" freedom3="2" lambda3="1" rate3="0" probdist3="none" />
        <probability4 average4="0" variance4="1" freedom4="2" lambda4="1" rate4="0" probdist4="none" />
        <probability5 average5="0" variance5="1" freedom5="2" lambda5="1" rate5="0" probdist5="none" />
        <point x="212" y="182" />
        <point x="289" y="182" />
      </points>
    </arc>
    <arc id="id9" source="id7" target="id6" delay="0" weight="1" variableLabel="j">
      <points>
        <probability1 average1="0" variance1="1" freedom1="2" lambda1="1" rate1="100" probdist1="none" />
        <probability2 average2="0" variance2="1" freedom2="2" lambda2="1" rate2="0" probdist2="none" />
        <probability3 average3="0" variance3="1" freedom3="2" lambda3="1" rate3="0" probdist3="none" />
        <probability4 average4="0" variance4="1" freedom4="2" lambda4="1" rate4="0" probdist4="none" />
        <probability5 average5="0" variance5="1" freedom5="2" lambda5="1" rate5="0" probdist5="none" />
        <point x="339" y="181" />
        <point x="415" y="181" />
      </points>
    </arc>
    <arc id="id13" source="id10" target="id12" delay="0" weight="1" variableLabel="i">
      <points>
        <probability1 average1="0" variance1="1" freedom1="2" lambda1="1" rate1="100" probdist1="none" />
        <probability2 average2="0" variance2="1" freedom2="2" lambda2="1" rate2="0" probdist2="none" />
        <probability3 average3="0" variance3="1" freedom3="2" lambda3="1" rate3="0" probdist3="none" />
        <probability4 average4="0" variance4="1" freedom4="2" lambda4="1" rate4="0" probdist4="none" />
        <probability5 average5="0" variance5="1" freedom5="2" lambda5="1" rate5="0" probdist5="none" />
        <point x="214" y="262" />
        <point x="291" y="262" />
      </points>
    </arc>
    <arc id="id14" source="id12" target="id11" delay="0" weight="1" variableLabel="j">
      <points>
        <probability1 average1="0" variance1="1" freedom1="2" lambda1="1" rate1="100" probdist1="none" />
        <probability2 average2="0" variance2="1" freedom2="2" lambda2="1" rate2="0" probdist2="none" />
        <probability3 average3="0" variance3="1" freedom3="2" lambda3="1" rate3="0" probdist3="none" />
        <probability4 average4="0" variance4="1" freedom4="2" lambda4="1" rate4="0" probdist4="none" />
        <probability5 average5="0" variance5="1" freedom5="2" lambda5="1" rate5="0" probdist5="none" />
        <point x="341" y="263" />
        <point x="416" y="263" />
      </points>
    </arc>
    <arc id="id18" source="id15" target="id17" delay="0" weight="1" variableLabel="i">
      <points>
        <probability1 average1="0" variance1="1" freedom1="2" lambda1="1" rate1="100" probdist1="none" />
        <probability2 average2="0" variance2="1" freedom2="2" lambda2="1" rate2="0" probdist2="none" />
        <probability3 average3="0" variance3="1" freedom3="2" lambda3="1" rate3="0" probdist3="none" />
        <probability4 average4="0" variance4="1" freedom4="2" lambda4="1" rate4="0" probdist4="none" />
        <probability5 average5="0" variance5="1" freedom5="2" lambda5="1" rate5="0" probdist5="none" />
        <point x="215" y="354" />
        <point x="292" y="354" />
      </points>
    </arc>
    <arc id="id19" source="id17" target="id16" delay="0" weight="1" variableLabel="j">
      <points>
        <probability1 average1="0" variance1="1" freedom1="2" lambda1="1" rate1="100" probdist1="none" />
        <probability2 average2="0" variance2="1" freedom2="2" lambda2="1" rate2="0" probdist2="none" />
        <probability3 average3="0" variance3="1" freedom3="2" lambda3="1" rate3="0" probdist3="none" />
        <probability4 average4="0" variance4="1" freedom4="2" lambda4="1" rate4="0" probdist4="none" />
        <probability5 average5="0" variance5="1" freedom5="2" lambda5="1" rate5="0" probdist5="none" />
        <point x="342" y="354" />
        <point x="417" y="354" />
      </points>
    </arc>
    <arc id="id21" source="id17" target="id20" delay="0" weight="1" variableLabel="k">
      <points>
        <probability1 average1="0" variance1="1" freedom1="2" lambda1="1" rate1="100" probdist1="none" />
        <probability2 average2="0" variance2="1" freedom2="2" lambda2="1" rate2="0" probdist2="none" />
        <probability3 average3="0" variance3="1" freedom3="2" lambda3="1" rate3="0" probdist3="none" />
        <probability4 average4="0" variance4="1" freedom4="2" lambda4="1" rate4="0" probdist4="none" />
        <probability5 average5="0" variance5="1" freedom5="2" lambda5="1" rate5="0" probdist5="none" />
        <point x="342" y="365" />
        <point x="422" y="419" />
      </points>
    </arc>
  </page>
  <page id="main.page1" name="while_loop">
    <place id="id0" name="start" portdir="None" specifiedType="Int8" capacity="0">
      <initialMarking exp="1, 10;" />
      <location x="248" y="90" />
      <size width="60" height="30" />
    </place>
    <place id="id2" name="while" portdir="None" specifiedType="Int8" capacity="0">
      <initialMarking exp="" />
      <location x="247" y="237" />
      <size width="60" height="30" />
    </place>
    <place id="id4" name="end" portdir="None" specifiedType="Int8" capacity="0">
      <initialMarking exp="" />
      <location x="118" y="391" />
      <size width="60" height="30" />
    </place>
    <place id="id11" name="do" portdir="None" specifiedType="Int8" capacity="0">
      <initialMarking exp="" />
      <location x="246" y="387" />
      <size width="60" height="30" />
    </place>
    <transition id="id1" name="init" portdir="None">
      <conditionalExp exp="" />
      <location x="249" y="165" />
      <size width="50" height="20" />
    </transition>
    <transition id="id3" name="cond" portdir="None">
      <conditionalExp exp="if (i&gt;0) k=i; else j=i;" />
      <location x="247" y="311" />
      <size width="50" height="20" />
    </transition>
    <transition id="id13" name="dec" portdir="None">
      <conditionalExp exp="k = k - 1;" />
      <location x="367" y="312" />
      <size width="50" height="20" />
    </transition>
    <arc id="id6" source="id0" target="id1" delay="0" weight="1" variableLabel="i">
      <points>
        <probability1 average1="0" variance1="1" freedom1="2" lambda1="1" rate1="100" probdist1="none" />
        <probability2 average2="0" variance2="1" freedom2="2" lambda2="1" rate2="0" probdist2="none" />
        <probability3 average3="0" variance3="1" freedom3="2" lambda3="1" rate3="0" probdist3="none" />
        <probability4 average4="0" variance4="1" freedom4="2" lambda4="1" rate4="0" probdist4="none" />
        <probability5 average5="0" variance5="1" freedom5="2" lambda5="1" rate5="0" probdist5="none" />
        <point x="0" y="0" />
        <point x="0" y="0" />
      </points>
    </arc>
    <arc id="id7" source="id1" target="id2" delay="0" weight="1" variableLabel="i">
      <points>
        <probability1 average1="0" variance1="1" freedom1="2" lambda1="1" rate1="100" probdist1="none" />
        <probability2 average2="0" variance2="1" freedom2="2" lambda2="1" rate2="0" probdist2="none" />
        <probability3 average3="0" variance3="1" freedom3="2" lambda3="1" rate3="0" probdist3="none" />
        <probability4 average4="0" variance4="1" freedom4="2" lambda4="1" rate4="0" probdist4="none" />
        <probability5 average5="0" variance5="1" freedom5="2" lambda5="1" rate5="0" probdist5="none" />
        <point x="0" y="0" />
        <point x="0" y="0" />
      </points>
    </arc>
    <arc id="id8" source="id2" target="id3" delay="0" weight="1" variableLabel="i">
      <points>
        <probability1 average1="0" variance1="1" freedom1="2" lambda1="1" rate1="100" probdist1="none" />
        <probability2 average2="0" variance2="1" freedom2="2" lambda2="1" rate2="0" probdist2="none" />
        <probability3 average3="0" variance3="1" freedom3="2" lambda3="1" rate3="0" probdist3="none" />
        <probability4 average4="0" variance4="1" freedom4="2" lambda4="1" rate4="0" probdist4="none" />
        <probability5 average5="0" variance5="1" freedom5="2" lambda5="1" rate5="0" probdist5="none" />
        <point x="0" y="0" />
        <point x="0" y="0" />
      </points>
    </arc>
    <arc id="id12" source="id3" target="id11" delay="0" weight="1" variableLabel="k">
      <points>
        <probability1 average1="0" variance1="1" freedom1="2" lambda1="1" rate1="100" probdist1="none" />
        <probability2 average2="0" variance2="1" freedom2="2" lambda2="1" rate2="0" probdist2="none" />
        <probability3 average3="0" variance3="1" freedom3="2" lambda3="1" rate3="0" probdist3="none" />
        <probability4 average4="0" variance4="1" freedom4="2" lambda4="1" rate4="0" probdist4="none" />
        <probability5 average5="0" variance5="1" freedom5="2" lambda5="1" rate5="0" probdist5="none" />
        <point x="0" y="0" />
        <point x="0" y="0" />
      </points>
    </arc>
    <arc id="id14" source="id11" target="id13" delay="0" weight="1" variableLabel="k">
      <points>
        <probability1 average1="0" variance1="1" freedom1="2" lambda1="1" rate1="100" probdist1="none" />
        <probability2 average2="0" variance2="1" freedom2="2" lambda2="1" rate2="0" probdist2="none" />
        <probability3 average3="0" variance3="1" freedom3="2" lambda3="1" rate3="0" probdist3="none" />
        <probability4 average4="0" variance4="1" freedom4="2" lambda4="1" rate4="0" probdist4="none" />
        <probability5 average5="0" variance5="1" freedom5="2" lambda5="1" rate5="0" probdist5="none" />
        <point x="0" y="0" />
        <point x="0" y="0" />
      </points>
    </arc>
    <arc id="id15" source="id13" target="id2" delay="0" weight="1" variableLabel="k">
      <points>
        <probability1 average1="0" variance1="1" freedom1="2" lambda1="1" rate1="100" probdist1="none" />
        <probability2 average2="0" variance2="1" freedom2="2" lambda2="1" rate2="0" probdist2="none" />
        <probability3 average3="0" variance3="1" freedom3="2" lambda3="1" rate3="0" probdist3="none" />
        <probability4 average4="0" variance4="1" freedom4="2" lambda4="1" rate4="0" probdist4="none" />
        <probability5 average5="0" variance5="1" freedom5="2" lambda5="1" rate5="0" probdist5="none" />
        <point x="0" y="0" />
        <point x="0" y="0" />
      </points>
    </arc>
    <arc id="id5" source="id3" target="id4" delay="0" weight="1" variableLabel="j">
      <points>
        <probability1 average1="0" variance1="1" freedom1="2" lambda1="1" rate1="100" probdist1="none" />
        <probability2 average2="0" variance2="1" freedom2="2" lambda2="1" rate2="0" probdist2="none" />
        <probability3 average3="0" variance3="1" freedom3="2" lambda3="1" rate3="0" probdist3="none" />
        <probability4 average4="0" variance4="1" freedom4="2" lambda4="1" rate4="0" probdist4="none" />
        <probability5 average5="0" variance5="1" freedom5="2" lambda5="1" rate5="0" probdist5="none" />
        <point x="0" y="0" />
        <point x="0" y="0" />
      </points>
    </arc>
  </page>
  <page id="main.page2" name="divide_by_zero_check">
    <place id="id0" name="val_yy" portdir="None" specifiedType="Int8" capacity="0">
      <initialMarking exp="" />
      <location x="320" y="184" />
      <size width="60" height="30" />
    </place>
    <place id="id1" name="p" portdir="None" specifiedType="Int8" capacity="0">
      <initialMarking exp="" />
      <location x="569" y="183" />
      <size width="60" height="30" />
    </place>
    <place id="id3" name="q" portdir="None" specifiedType="Int8" capacity="0">
      <initialMarking exp="" />
      <location x="570" y="255" />
      <size width="60" height="30" />
    </place>
    <place id="id8" name="val_y" portdir="None" specifiedType="Int8" capacity="0">
      <initialMarking exp="1, 3;1, 0;" />
      <location x="95" y="186" />
      <size width="60" height="30" />
    </place>
    <place id="id10" name="divide_by_zero_error" portdir="None" specifiedType="Bool" capacity="0">
      <initialMarking exp="" />
      <location x="206" y="357" />
      <size width="160" height="30" />
    </place>
    <place id="id13" name="val_x" portdir="None" specifiedType="Int8" capacity="0">
      <initialMarking exp="1, 10;1, 5;" />
      <location x="92" y="102" />
      <size width="60" height="30" />
    </place>
    <transition id="id2" name="div" portdir="None">
      <conditionalExp exp="j = x / yy;&#xD;&#xA;k = x % yy;" />
      <location x="439" y="184" />
      <size width="50" height="20" />
    </transition>
    <transition id="id7" name="cond" portdir="None">
      <conditionalExp exp="if (y==0) error=true; else yy=y;" />
      <location x="207" y="186" />
      <size width="50" height="20" />
    </transition>
    <arc id="id4" source="id0" target="id2" delay="0" weight="1" variableLabel="yy">
      <points>
        <probability1 average1="0" variance1="1" freedom1="2" lambda1="1" rate1="100" probdist1="none" />
        <probability2 average2="0" variance2="1" freedom2="2" lambda2="1" rate2="0" probdist2="none" />
        <probability3 average3="0" variance3="1" freedom3="2" lambda3="1" rate3="0" probdist3="none" />
        <probability4 average4="0" variance4="1" freedom4="2" lambda4="1" rate4="0" probdist4="none" />
        <probability5 average5="0" variance5="1" freedom5="2" lambda5="1" rate5="0" probdist5="none" />
        <point x="0" y="0" />
        <point x="0" y="0" />
      </points>
    </arc>
    <arc id="id5" source="id2" target="id1" delay="0" weight="1" variableLabel="j">
      <points>
        <probability1 average1="0" variance1="1" freedom1="2" lambda1="1" rate1="100" probdist1="none" />
        <probability2 average2="0" variance2="1" freedom2="2" lambda2="1" rate2="0" probdist2="none" />
        <probability3 average3="0" variance3="1" freedom3="2" lambda3="1" rate3="0" probdist3="none" />
        <probability4 average4="0" variance4="1" freedom4="2" lambda4="1" rate4="0" probdist4="none" />
        <probability5 average5="0" variance5="1" freedom5="2" lambda5="1" rate5="0" probdist5="none" />
        <point x="0" y="0" />
        <point x="0" y="0" />
      </points>
    </arc>
    <arc id="id6" source="id2" target="id3" delay="0" weight="1" variableLabel="k">
      <points>
        <probability1 average1="0" variance1="1" freedom1="2" lambda1="1" rate1="100" probdist1="none" />
        <probability2 average2="0" variance2="1" freedom2="2" lambda2="1" rate2="0" probdist2="none" />
        <probability3 average3="0" variance3="1" freedom3="2" lambda3="1" rate3="0" probdist3="none" />
        <probability4 average4="0" variance4="1" freedom4="2" lambda4="1" rate4="0" probdist4="none" />
        <probability5 average5="0" variance5="1" freedom5="2" lambda5="1" rate5="0" probdist5="none" />
        <point x="0" y="0" />
        <point x="0" y="0" />
      </points>
    </arc>
    <arc id="id9" source="id8" target="id7" delay="0" weight="1" variableLabel="y">
      <points>
        <probability1 average1="0" variance1="1" freedom1="2" lambda1="1" rate1="100" probdist1="none" />
        <probability2 average2="0" variance2="1" freedom2="2" lambda2="1" rate2="0" probdist2="none" />
        <probability3 average3="0" variance3="1" freedom3="2" lambda3="1" rate3="0" probdist3="none" />
        <probability4 average4="0" variance4="1" freedom4="2" lambda4="1" rate4="0" probdist4="none" />
        <probability5 average5="0" variance5="1" freedom5="2" lambda5="1" rate5="0" probdist5="none" />
        <point x="0" y="0" />
        <point x="0" y="0" />
      </points>
    </arc>
    <arc id="id11" source="id7" target="id0" delay="0" weight="1" variableLabel="yy">
      <points>
        <probability1 average1="0" variance1="1" freedom1="2" lambda1="1" rate1="100" probdist1="none" />
        <probability2 average2="0" variance2="1" freedom2="2" lambda2="1" rate2="0" probdist2="none" />
        <probability3 average3="0" variance3="1" freedom3="2" lambda3="1" rate3="0" probdist3="none" />
        <probability4 average4="0" variance4="1" freedom4="2" lambda4="1" rate4="0" probdist4="none" />
        <probability5 average5="0" variance5="1" freedom5="2" lambda5="1" rate5="0" probdist5="none" />
        <point x="0" y="0" />
        <point x="0" y="0" />
      </points>
    </arc>
    <arc id="id12" source="id7" target="id10" delay="0" weight="1" variableLabel="error">
      <points>
        <probability1 average1="0" variance1="1" freedom1="2" lambda1="1" rate1="100" probdist1="none" />
        <probability2 average2="0" variance2="1" freedom2="2" lambda2="1" rate2="0" probdist2="none" />
        <probability3 average3="0" variance3="1" freedom3="2" lambda3="1" rate3="0" probdist3="none" />
        <probability4 average4="0" variance4="1" freedom4="2" lambda4="1" rate4="0" probdist4="none" />
        <probability5 average5="0" variance5="1" freedom5="2" lambda5="1" rate5="0" probdist5="none" />
        <point x="0" y="0" />
        <point x="0" y="0" />
      </points>
    </arc>
    <arc id="id14" source="id13" target="id2" delay="0" weight="1" variableLabel="x">
      <points>
        <probability1 average1="0" variance1="1" freedom1="2" lambda1="1" rate1="100" probdist1="none" />
        <probability2 average2="0" variance2="1" freedom2="2" lambda2="1" rate2="0" probdist2="none" />
        <probability3 average3="0" variance3="1" freedom3="2" lambda3="1" rate3="0" probdist3="none" />
        <probability4 average4="0" variance4="1" freedom4="2" lambda4="1" rate4="0" probdist4="none" />
        <probability5 average5="0" variance5="1" freedom5="2" lambda5="1" rate5="0" probdist5="none" />
        <point x="0" y="0" />
        <point x="0" y="0" />
      </points>
    </arc>
  </page>
  <page id="main.page3" name="Euclidean algorithm">
    <place id="id1" name="n_prev" portdir="None" specifiedType="Int8" capacity="0">
      <initialMarking exp="" />
      <location x="315" y="230" />
      <size width="60" height="30" />
    </place>
    <place id="id2" name="stop" portdir="None" specifiedType="Int8" capacity="0">
      <initialMarking exp="" />
      <location x="186" y="384" />
      <size width="60" height="30" />
    </place>
    <place id="id3" name="n" portdir="None" specifiedType="Int8" capacity="0">
      <initialMarking exp="1, 32;" />
      <location x="314" y="380" />
      <size width="60" height="30" />
    </place>
    <place id="id14" name="m" portdir="None" specifiedType="Int8" capacity="0">
      <initialMarking exp="1, 84;" />
      <location x="547" y="375" />
      <size width="60" height="30" />
    </place>
    <place id="id17" name="Euclidean algorithm - function gcd(a, b) {while (b≠0) {t:=b; b:=a mod b; a:=t} return a} pre a&gt;=b;" portdir="None" specifiedType="" capacity="0">
      <initialMarking exp="" />
      <location x="426" y="101" />
      <size width="260" height="130" />
    </place>
    <transition id="id5" name="check" portdir="None">
      <conditionalExp exp="if (i&gt;0) k=i; else j=i;" />
      <location x="315" y="304" />
      <size width="50" height="20" />
    </transition>
    <transition id="id6" name="step" portdir="None">
      <conditionalExp exp="k = j % i;" />
      <location x="435" y="305" />
      <size width="50" height="20" />
    </transition>
    <arc id="id9" source="id1" target="id5" delay="0" weight="1" variableLabel="i">
      <points>
        <probability1 average1="0" variance1="1" freedom1="2" lambda1="1" rate1="100" probdist1="none" />
        <probability2 average2="0" variance2="1" freedom2="2" lambda2="1" rate2="0" probdist2="none" />
        <probability3 average3="0" variance3="1" freedom3="2" lambda3="1" rate3="0" probdist3="none" />
        <probability4 average4="0" variance4="1" freedom4="2" lambda4="1" rate4="0" probdist4="none" />
        <probability5 average5="0" variance5="1" freedom5="2" lambda5="1" rate5="0" probdist5="none" />
        <point x="315" y="245" />
        <point x="315" y="294" />
      </points>
    </arc>
    <arc id="id10" source="id5" target="id3" delay="0" weight="1" variableLabel="k">
      <points>
        <probability1 average1="0" variance1="1" freedom1="2" lambda1="1" rate1="100" probdist1="none" />
        <probability2 average2="0" variance2="1" freedom2="2" lambda2="1" rate2="0" probdist2="none" />
        <probability3 average3="0" variance3="1" freedom3="2" lambda3="1" rate3="0" probdist3="none" />
        <probability4 average4="0" variance4="1" freedom4="2" lambda4="1" rate4="0" probdist4="none" />
        <probability5 average5="0" variance5="1" freedom5="2" lambda5="1" rate5="0" probdist5="none" />
        <point x="314" y="314" />
        <point x="314" y="365" />
      </points>
    </arc>
    <arc id="id11" source="id3" target="id6" delay="0" weight="1" variableLabel="i">
      <points>
        <probability1 average1="0" variance1="1" freedom1="2" lambda1="1" rate1="100" probdist1="none" />
        <probability2 average2="0" variance2="1" freedom2="2" lambda2="1" rate2="0" probdist2="none" />
        <probability3 average3="0" variance3="1" freedom3="2" lambda3="1" rate3="0" probdist3="none" />
        <probability4 average4="0" variance4="1" freedom4="2" lambda4="1" rate4="0" probdist4="none" />
        <probability5 average5="0" variance5="1" freedom5="2" lambda5="1" rate5="0" probdist5="none" />
        <point x="339" y="373" />
        <point x="410" y="315" />
      </points>
    </arc>
    <arc id="id12" source="id6" target="id1" delay="0" weight="1" variableLabel="k">
      <points>
        <probability1 average1="0" variance1="1" freedom1="2" lambda1="1" rate1="100" probdist1="none" />
        <probability2 average2="0" variance2="1" freedom2="2" lambda2="1" rate2="0" probdist2="none" />
        <probability3 average3="0" variance3="1" freedom3="2" lambda3="1" rate3="0" probdist3="none" />
        <probability4 average4="0" variance4="1" freedom4="2" lambda4="1" rate4="0" probdist4="none" />
        <probability5 average5="0" variance5="1" freedom5="2" lambda5="1" rate5="0" probdist5="none" />
        <point x="410" y="295" />
        <point x="339" y="238" />
      </points>
    </arc>
    <arc id="id13" source="id5" target="id2" delay="0" weight="1" variableLabel="j">
      <points>
        <probability1 average1="0" variance1="1" freedom1="2" lambda1="1" rate1="100" probdist1="none" />
        <probability2 average2="0" variance2="1" freedom2="2" lambda2="1" rate2="0" probdist2="none" />
        <probability3 average3="0" variance3="1" freedom3="2" lambda3="1" rate3="0" probdist3="none" />
        <probability4 average4="0" variance4="1" freedom4="2" lambda4="1" rate4="0" probdist4="none" />
        <probability5 average5="0" variance5="1" freedom5="2" lambda5="1" rate5="0" probdist5="none" />
        <point x="290" y="314" />
        <point x="210" y="376" />
      </points>
    </arc>
    <arc id="id15" source="id14" target="id6" delay="0" weight="1" variableLabel="j">
      <points>
        <probability1 average1="0" variance1="1" freedom1="2" lambda1="1" rate1="100" probdist1="none" />
        <probability2 average2="0" variance2="1" freedom2="2" lambda2="1" rate2="0" probdist2="none" />
        <probability3 average3="0" variance3="1" freedom3="2" lambda3="1" rate3="0" probdist3="none" />
        <probability4 average4="0" variance4="1" freedom4="2" lambda4="1" rate4="0" probdist4="none" />
        <probability5 average5="0" variance5="1" freedom5="2" lambda5="1" rate5="0" probdist5="none" />
        <point x="518" y="372" />
        <point x="467" y="357" />
        <point x="460" y="315" />
      </points>
    </arc>
    <arc id="id0" source="id6" target="id14" delay="0" weight="1" variableLabel="i">
      <points>
        <probability1 average1="0" variance1="1" freedom1="2" lambda1="1" rate1="100" probdist1="none" />
        <probability2 average2="0" variance2="1" freedom2="2" lambda2="1" rate2="0" probdist2="none" />
        <probability3 average3="0" variance3="1" freedom3="2" lambda3="1" rate3="0" probdist3="none" />
        <probability4 average4="0" variance4="1" freedom4="2" lambda4="1" rate4="0" probdist4="none" />
        <probability5 average5="0" variance5="1" freedom5="2" lambda5="1" rate5="0" probdist5="none" />
        <point x="460" y="315" />
        <point x="523" y="367" />
      </points>
    </arc>
  </page>
</petrinet>