﻿<?xml version="1.0" encoding="utf-8"?>
<petrinet name="Untitled">
  <page id="page0" name="page0">
    <place id="id0" name="p1" initialmarking="1" portdir="None" capacity="0">
      <location x="65" y="197" />
      <size width="50" height="30" />
    </place>
    <place id="id1" name="p2" initialmarking="0" portdir="None" capacity="0">
      <location x="250" y="116" />
      <size width="50" height="30" />
    </place>
    <place id="id2" name="p3" initialmarking="0" portdir="None" capacity="0">
      <location x="444" y="193" />
      <size width="50" height="30" />
    </place>
    <place id="id3" name="p4" initialmarking="1" portdir="None" capacity="0">
      <location x="247" y="195" />
      <size width="50" height="30" />
    </place>
    <place id="id4" name="p5" initialmarking="0" portdir="None" capacity="0">
      <location x="256" y="289" />
      <size width="50" height="30" />
    </place>
    <place id="id5" name="p6" initialmarking="0" portdir="None" capacity="0">
      <location x="470" y="274" />
      <size width="50" height="30" />
    </place>
    <transition id="id6" name="t1" portdir="None">
      <location x="158" y="160" />
      <size width="50" height="20" />
    </transition>
    <transition id="id7" name="t2" portdir="None">
      <location x="168" y="237" />
      <size width="50" height="20" />
    </transition>
    <transition id="id8" name="t3" portdir="None">
      <location x="359" y="148" />
      <size width="50" height="20" />
    </transition>
    <transition id="id9" name="t4" portdir="None">
      <location x="349" y="236" />
      <size width="50" height="20" />
    </transition>
    <transition id="id10" name="t5" portdir="None">
      <location x="251" y="414" />
      <size width="50" height="20" />
    </transition>
    <arc id="id20" source="id9" target="id5" delay="0" weight="1">
      <points>
        <point x="374" y="246" />
        <point x="446" y="270" />
      </points>
    </arc>
    <arc id="id21" source="id5" target="id10" delay="0" weight="1">
      <points>
        <point x="449" y="282" />
        <point x="276" y="404" />
      </points>
    </arc>
    <arc id="id11" source="id0" target="id6" delay="0" weight="1">
      <points>
        <point x="88" y="192" />
        <point x="133" y="170" />
      </points>
    </arc>
    <arc id="id12" source="id6" target="id1" delay="0" weight="1">
      <points>
        <point x="183" y="150" />
        <point x="228" y="122" />
      </points>
    </arc>
    <arc id="id13" source="id1" target="id8" delay="0" weight="1">
      <points>
        <point x="273" y="120" />
        <point x="334" y="138" />
      </points>
    </arc>
    <arc id="id14" source="id8" target="id3" delay="0" weight="1">
      <points>
        <point x="334" y="158" />
        <point x="270" y="190" />
      </points>
    </arc>
    <arc id="id15" source="id3" target="id9" delay="0" weight="1">
      <points>
        <point x="270" y="200" />
        <point x="324" y="226" />
      </points>
    </arc>
    <arc id="id16" source="id9" target="id2" delay="0" weight="1">
      <points>
        <point x="374" y="226" />
        <point x="422" y="199" />
      </points>
    </arc>
    <arc id="id17" source="id2" target="id8" delay="0" weight="1">
      <points>
        <point x="422" y="186" />
        <point x="384" y="158" />
      </points>
    </arc>
    <arc id="id18" source="id0" target="id7" delay="0" weight="1">
      <points>
        <point x="88" y="202" />
        <point x="143" y="227" />
      </points>
    </arc>
    <arc id="id19" source="id7" target="id4" delay="0" weight="1">
      <points>
        <point x="193" y="247" />
        <point x="236" y="281" />
      </points>
    </arc>
    <arc id="id22" source="id4" target="id9" delay="0" weight="1">
      <points>
        <point x="277" y="282" />
        <point x="324" y="246" />
      </points>
    </arc>
    <arc id="id23" source="id10" target="id0" delay="0" weight="1">
      <points>
        <point x="226" y="404" />
        <point x="80" y="208" />
      </points>
    </arc>
  </page>
</petrinet>