﻿<?xml version="1.0" encoding="utf-8"?>
<petrinet name="Untitled">
  <page id="page0" name="page0">
    <place id="id4" name="p1" initialmarking="1" portdir="None" capacity="2">
      <location x="227" y="189" />
      <size width="50" height="30" />
    </place>
    <place id="id5" name="p2" initialmarking="0" portdir="None" capacity="1">
      <location x="453" y="194" />
      <size width="50" height="30" />
    </place>
    <place id="id11" name="p2'" initialmarking="1" portdir="None" capacity="0">
      <location x="455" y="130" />
      <size width="50" height="30" />
    </place>
    <place id="id12" name="p1'" initialmarking="1" portdir="None" capacity="0">
      <location x="38" y="192" />
      <size width="50" height="30" />
    </place>
    <transition id="id0" name="t2" portdir="None">
      <location x="143" y="125" />
      <size width="50" height="20" />
    </transition>
    <transition id="id1" name="t1" portdir="None">
      <location x="147" y="254" />
      <size width="50" height="20" />
    </transition>
    <transition id="id2" name="t3" portdir="None">
      <location x="357" y="193" />
      <size width="50" height="20" />
    </transition>
    <transition id="id3" name="t4" portdir="None">
      <location x="573" y="203" />
      <size width="50" height="20" />
    </transition>
    <arc id="id6" source="id1" target="id4" delay="0" weight="1">
      <points>
        <point x="172" y="244" />
        <point x="210" y="199" />
      </points>
    </arc>
    <arc id="id7" source="id4" target="id0" delay="0" weight="2">
      <points>
        <point x="208" y="180" />
        <point x="168" y="135" />
      </points>
    </arc>
    <arc id="id8" source="id4" target="id2" delay="0" weight="2">
      <points>
        <point x="251" y="189" />
        <point x="332" y="189" />
      </points>
    </arc>
    <arc id="id9" source="id2" target="id5" delay="0" weight="1">
      <points>
        <point x="382" y="194" />
        <point x="428" y="194" />
      </points>
    </arc>
    <arc id="id10" source="id5" target="id3" delay="0" weight="1">
      <points>
        <point x="477" y="195" />
        <point x="548" y="195" />
      </points>
    </arc>
    <arc id="id14" source="id11" target="id2" delay="0" weight="1">
      <points>
        <point x="434" y="138" />
        <point x="382" y="183" />
      </points>
    </arc>
    <arc id="id15" source="id0" target="id12" delay="0" weight="2">
      <points>
        <point x="118" y="135" />
        <point x="58" y="184" />
      </points>
    </arc>
    <arc id="id16" source="id12" target="id1" delay="0" weight="1">
      <points>
        <point x="59" y="199" />
        <point x="122" y="244" />
      </points>
    </arc>
    <arc id="id13" source="id3" target="id11" delay="0" weight="1">
      <points>
        <point x="598" y="193" />
        <point x="622" y="185" />
        <point x="619" y="137" />
        <point x="477" y="136" />
      </points>
    </arc>
    <arc id="id17" source="id2" target="id12" delay="0" weight="2">
      <points>
        <point x="332" y="183" />
        <point x="265" y="60" />
        <point x="106" y="61" />
        <point x="62" y="192" />
      </points>
    </arc>
  </page>
</petrinet>