﻿<?xml version="1.0" encoding="utf-8"?>
<petrinet name="main">
  <page id="main.page0" name="non-deterministic">
    <place id="id0" name="d[0]" portdir="None" specifiedType="Int8" capacity="0">
      <initialMarking exp="1, 8;" />
      <location x="131" y="207" />
      <size width="60" height="30" />
    </place>
    <place id="id1" name="d[1]" portdir="None" specifiedType="Int8" capacity="0">
      <initialMarking exp="1, 4;" />
      <location x="218" y="205" />
      <size width="60" height="30" />
    </place>
    <place id="id2" name="d[2]" portdir="None" specifiedType="Int8" capacity="0">
      <initialMarking exp="1, 3;" />
      <location x="298" y="204" />
      <size width="60" height="30" />
    </place>
    <place id="id3" name="d[3]" portdir="None" specifiedType="Int8" capacity="0">
      <initialMarking exp="1, 7;" />
      <location x="385" y="202" />
      <size width="60" height="30" />
    </place>
    <place id="id22" name="d[4]" portdir="None" specifiedType="Int8" capacity="0">
      <initialMarking exp="1, 6;" />
      <location x="470" y="204" />
      <size width="60" height="30" />
    </place>
    <place id="id23" name="d[5]" portdir="None" specifiedType="Int8" capacity="0">
      <initialMarking exp="1, 5;" />
      <location x="557" y="202" />
      <size width="60" height="30" />
    </place>
    <place id="id27" name="d[7]" portdir="None" specifiedType="Int8" capacity="0">
      <initialMarking exp="1, 1;" />
      <location x="724" y="199" />
      <size width="60" height="30" />
    </place>
    <place id="id28" name="d[6]" portdir="None" specifiedType="Int8" capacity="0">
      <initialMarking exp="1, 2;" />
      <location x="637" y="201" />
      <size width="60" height="30" />
    </place>
    <transition id="id8" name="swap" portdir="None">
      <conditionalExp exp="if (i&gt;j) {ii=j;jj=i;} else {ii=i;jj=j;}" />
      <location x="175" y="301" />
      <size width="50" height="20" />
    </transition>
    <transition id="id6" name="swap" portdir="None">
      <conditionalExp exp="if (i&gt;j) {ii=j;jj=i;} else {ii=i;jj=j;}" />
      <location x="344" y="298" />
      <size width="50" height="20" />
    </transition>
    <transition id="id24" name="swap" portdir="None">
      <conditionalExp exp="if (i&gt;j) {ii=j;jj=i;} else {ii=i;jj=j;}" />
      <location x="681" y="295" />
      <size width="50" height="20" />
    </transition>
    <transition id="id31" name="swap" portdir="None">
      <conditionalExp exp="if (i&gt;j) {ii=j;jj=i;} else {ii=i;jj=j;}" />
      <location x="514" y="298" />
      <size width="50" height="20" />
    </transition>
    <transition id="id4" name="swap" portdir="None">
      <conditionalExp exp="if (i&gt;j) {ii=j;jj=i;} else {ii=i;jj=j;}" />
      <location x="258" y="92" />
      <size width="50" height="20" />
    </transition>
    <transition id="id16" name="swap" portdir="None">
      <conditionalExp exp="if (i&gt;j) {ii=j;jj=i;} else {ii=i;jj=j;}" />
      <location x="422" y="92" />
      <size width="50" height="20" />
    </transition>
    <transition id="id20" name="swap" portdir="None">
      <conditionalExp exp="if (i&gt;j) {ii=j;jj=i;} else {ii=i;jj=j;}" />
      <location x="593" y="93" />
      <size width="50" height="20" />
    </transition>
    <arc id="id9" source="id0" target="id8" delay="0" weight="1" variableLabel="i">
      <points>
        <probability1 average1="0" variance1="1" freedom1="2" lambda1="1" rate1="100" probdist1="none" />
        <probability2 average2="0" variance2="1" freedom2="2" lambda2="1" rate2="0" probdist2="none" />
        <probability3 average3="0" variance3="1" freedom3="2" lambda3="1" rate3="0" probdist3="none" />
        <probability4 average4="0" variance4="1" freedom4="2" lambda4="1" rate4="0" probdist4="none" />
        <probability5 average5="0" variance5="1" freedom5="2" lambda5="1" rate5="0" probdist5="none" />
        <point x="143" y="220" />
        <point x="150" y="291" />
      </points>
    </arc>
    <arc id="id10" source="id1" target="id8" delay="0" weight="1" variableLabel="j">
      <points>
        <probability1 average1="0" variance1="1" freedom1="2" lambda1="1" rate1="100" probdist1="none" />
        <probability2 average2="0" variance2="1" freedom2="2" lambda2="1" rate2="0" probdist2="none" />
        <probability3 average3="0" variance3="1" freedom3="2" lambda3="1" rate3="0" probdist3="none" />
        <probability4 average4="0" variance4="1" freedom4="2" lambda4="1" rate4="0" probdist4="none" />
        <probability5 average5="0" variance5="1" freedom5="2" lambda5="1" rate5="0" probdist5="none" />
        <point x="206" y="218" />
        <point x="200" y="291" />
      </points>
    </arc>
    <arc id="id11" source="id8" target="id0" delay="0" weight="1" variableLabel="ii">
      <points>
        <probability1 average1="0" variance1="1" freedom1="2" lambda1="1" rate1="100" probdist1="none" />
        <probability2 average2="0" variance2="1" freedom2="2" lambda2="1" rate2="0" probdist2="none" />
        <probability3 average3="0" variance3="1" freedom3="2" lambda3="1" rate3="0" probdist3="none" />
        <probability4 average4="0" variance4="1" freedom4="2" lambda4="1" rate4="0" probdist4="none" />
        <probability5 average5="0" variance5="1" freedom5="2" lambda5="1" rate5="0" probdist5="none" />
        <point x="150" y="300" />
        <point x="123" y="300" />
        <point x="137" y="221" />
      </points>
    </arc>
    <arc id="id12" source="id8" target="id1" delay="0" weight="1" variableLabel="jj">
      <points>
        <probability1 average1="0" variance1="1" freedom1="2" lambda1="1" rate1="100" probdist1="none" />
        <probability2 average2="0" variance2="1" freedom2="2" lambda2="1" rate2="0" probdist2="none" />
        <probability3 average3="0" variance3="1" freedom3="2" lambda3="1" rate3="0" probdist3="none" />
        <probability4 average4="0" variance4="1" freedom4="2" lambda4="1" rate4="0" probdist4="none" />
        <probability5 average5="0" variance5="1" freedom5="2" lambda5="1" rate5="0" probdist5="none" />
        <point x="200" y="300" />
        <point x="229" y="300" />
        <point x="213" y="219" />
      </points>
    </arc>
    <arc id="id7" source="id2" target="id6" delay="0" weight="1" variableLabel="i">
      <points>
        <probability1 average1="0" variance1="1" freedom1="2" lambda1="1" rate1="100" probdist1="none" />
        <probability2 average2="0" variance2="1" freedom2="2" lambda2="1" rate2="0" probdist2="none" />
        <probability3 average3="0" variance3="1" freedom3="2" lambda3="1" rate3="0" probdist3="none" />
        <probability4 average4="0" variance4="1" freedom4="2" lambda4="1" rate4="0" probdist4="none" />
        <probability5 average5="0" variance5="1" freedom5="2" lambda5="1" rate5="0" probdist5="none" />
        <point x="311" y="217" />
        <point x="319" y="288" />
      </points>
    </arc>
    <arc id="id17" source="id3" target="id6" delay="0" weight="1" variableLabel="j">
      <points>
        <probability1 average1="0" variance1="1" freedom1="2" lambda1="1" rate1="100" probdist1="none" />
        <probability2 average2="0" variance2="1" freedom2="2" lambda2="1" rate2="0" probdist2="none" />
        <probability3 average3="0" variance3="1" freedom3="2" lambda3="1" rate3="0" probdist3="none" />
        <probability4 average4="0" variance4="1" freedom4="2" lambda4="1" rate4="0" probdist4="none" />
        <probability5 average5="0" variance5="1" freedom5="2" lambda5="1" rate5="0" probdist5="none" />
        <point x="374" y="215" />
        <point x="369" y="288" />
      </points>
    </arc>
    <arc id="id18" source="id6" target="id2" delay="0" weight="1" variableLabel="ii">
      <points>
        <probability1 average1="0" variance1="1" freedom1="2" lambda1="1" rate1="100" probdist1="none" />
        <probability2 average2="0" variance2="1" freedom2="2" lambda2="1" rate2="0" probdist2="none" />
        <probability3 average3="0" variance3="1" freedom3="2" lambda3="1" rate3="0" probdist3="none" />
        <probability4 average4="0" variance4="1" freedom4="2" lambda4="1" rate4="0" probdist4="none" />
        <probability5 average5="0" variance5="1" freedom5="2" lambda5="1" rate5="0" probdist5="none" />
        <point x="319" y="296" />
        <point x="293" y="296" />
        <point x="304" y="218" />
      </points>
    </arc>
    <arc id="id19" source="id6" target="id3" delay="0" weight="1" variableLabel="jj">
      <points>
        <probability1 average1="0" variance1="1" freedom1="2" lambda1="1" rate1="100" probdist1="none" />
        <probability2 average2="0" variance2="1" freedom2="2" lambda2="1" rate2="0" probdist2="none" />
        <probability3 average3="0" variance3="1" freedom3="2" lambda3="1" rate3="0" probdist3="none" />
        <probability4 average4="0" variance4="1" freedom4="2" lambda4="1" rate4="0" probdist4="none" />
        <probability5 average5="0" variance5="1" freedom5="2" lambda5="1" rate5="0" probdist5="none" />
        <point x="369" y="297" />
        <point x="402" y="297" />
        <point x="381" y="216" />
      </points>
    </arc>
    <arc id="id32" source="id28" target="id24" delay="0" weight="1" variableLabel="i">
      <points>
        <probability1 average1="0" variance1="1" freedom1="2" lambda1="1" rate1="100" probdist1="none" />
        <probability2 average2="0" variance2="1" freedom2="2" lambda2="1" rate2="0" probdist2="none" />
        <probability3 average3="0" variance3="1" freedom3="2" lambda3="1" rate3="0" probdist3="none" />
        <probability4 average4="0" variance4="1" freedom4="2" lambda4="1" rate4="0" probdist4="none" />
        <probability5 average5="0" variance5="1" freedom5="2" lambda5="1" rate5="0" probdist5="none" />
        <point x="649" y="214" />
        <point x="656" y="285" />
      </points>
    </arc>
    <arc id="id33" source="id22" target="id31" delay="0" weight="1" variableLabel="i">
      <points>
        <probability1 average1="0" variance1="1" freedom1="2" lambda1="1" rate1="100" probdist1="none" />
        <probability2 average2="0" variance2="1" freedom2="2" lambda2="1" rate2="0" probdist2="none" />
        <probability3 average3="0" variance3="1" freedom3="2" lambda3="1" rate3="0" probdist3="none" />
        <probability4 average4="0" variance4="1" freedom4="2" lambda4="1" rate4="0" probdist4="none" />
        <probability5 average5="0" variance5="1" freedom5="2" lambda5="1" rate5="0" probdist5="none" />
        <point x="482" y="217" />
        <point x="489" y="288" />
      </points>
    </arc>
    <arc id="id34" source="id23" target="id31" delay="0" weight="1" variableLabel="j">
      <points>
        <probability1 average1="0" variance1="1" freedom1="2" lambda1="1" rate1="100" probdist1="none" />
        <probability2 average2="0" variance2="1" freedom2="2" lambda2="1" rate2="0" probdist2="none" />
        <probability3 average3="0" variance3="1" freedom3="2" lambda3="1" rate3="0" probdist3="none" />
        <probability4 average4="0" variance4="1" freedom4="2" lambda4="1" rate4="0" probdist4="none" />
        <probability5 average5="0" variance5="1" freedom5="2" lambda5="1" rate5="0" probdist5="none" />
        <point x="545" y="215" />
        <point x="539" y="288" />
      </points>
    </arc>
    <arc id="id39" source="id27" target="id24" delay="0" weight="1" variableLabel="j">
      <points>
        <probability1 average1="0" variance1="1" freedom1="2" lambda1="1" rate1="100" probdist1="none" />
        <probability2 average2="0" variance2="1" freedom2="2" lambda2="1" rate2="0" probdist2="none" />
        <probability3 average3="0" variance3="1" freedom3="2" lambda3="1" rate3="0" probdist3="none" />
        <probability4 average4="0" variance4="1" freedom4="2" lambda4="1" rate4="0" probdist4="none" />
        <probability5 average5="0" variance5="1" freedom5="2" lambda5="1" rate5="0" probdist5="none" />
        <point x="712" y="212" />
        <point x="706" y="285" />
      </points>
    </arc>
    <arc id="id35" source="id31" target="id22" delay="0" weight="1" variableLabel="ii">
      <points>
        <probability1 average1="0" variance1="1" freedom1="2" lambda1="1" rate1="100" probdist1="none" />
        <probability2 average2="0" variance2="1" freedom2="2" lambda2="1" rate2="0" probdist2="none" />
        <probability3 average3="0" variance3="1" freedom3="2" lambda3="1" rate3="0" probdist3="none" />
        <probability4 average4="0" variance4="1" freedom4="2" lambda4="1" rate4="0" probdist4="none" />
        <probability5 average5="0" variance5="1" freedom5="2" lambda5="1" rate5="0" probdist5="none" />
        <point x="489" y="298" />
        <point x="463" y="298" />
        <point x="475" y="218" />
      </points>
    </arc>
    <arc id="id36" source="id31" target="id23" delay="0" weight="1" variableLabel="jj">
      <points>
        <probability1 average1="0" variance1="1" freedom1="2" lambda1="1" rate1="100" probdist1="none" />
        <probability2 average2="0" variance2="1" freedom2="2" lambda2="1" rate2="0" probdist2="none" />
        <probability3 average3="0" variance3="1" freedom3="2" lambda3="1" rate3="0" probdist3="none" />
        <probability4 average4="0" variance4="1" freedom4="2" lambda4="1" rate4="0" probdist4="none" />
        <probability5 average5="0" variance5="1" freedom5="2" lambda5="1" rate5="0" probdist5="none" />
        <point x="539" y="298" />
        <point x="577" y="298" />
        <point x="552" y="216" />
      </points>
    </arc>
    <arc id="id40" source="id24" target="id28" delay="0" weight="1" variableLabel="ii">
      <points>
        <probability1 average1="0" variance1="1" freedom1="2" lambda1="1" rate1="100" probdist1="none" />
        <probability2 average2="0" variance2="1" freedom2="2" lambda2="1" rate2="0" probdist2="none" />
        <probability3 average3="0" variance3="1" freedom3="2" lambda3="1" rate3="0" probdist3="none" />
        <probability4 average4="0" variance4="1" freedom4="2" lambda4="1" rate4="0" probdist4="none" />
        <probability5 average5="0" variance5="1" freedom5="2" lambda5="1" rate5="0" probdist5="none" />
        <point x="656" y="293" />
        <point x="629" y="293" />
        <point x="643" y="215" />
      </points>
    </arc>
    <arc id="id41" source="id24" target="id27" delay="0" weight="1" variableLabel="jj">
      <points>
        <probability1 average1="0" variance1="1" freedom1="2" lambda1="1" rate1="100" probdist1="none" />
        <probability2 average2="0" variance2="1" freedom2="2" lambda2="1" rate2="0" probdist2="none" />
        <probability3 average3="0" variance3="1" freedom3="2" lambda3="1" rate3="0" probdist3="none" />
        <probability4 average4="0" variance4="1" freedom4="2" lambda4="1" rate4="0" probdist4="none" />
        <probability5 average5="0" variance5="1" freedom5="2" lambda5="1" rate5="0" probdist5="none" />
        <point x="706" y="292" />
        <point x="744" y="292" />
        <point x="719" y="213" />
      </points>
    </arc>
    <arc id="id5" source="id1" target="id4" delay="0" weight="1" variableLabel="i">
      <points>
        <probability1 average1="0" variance1="1" freedom1="2" lambda1="1" rate1="100" probdist1="none" />
        <probability2 average2="0" variance2="1" freedom2="2" lambda2="1" rate2="0" probdist2="none" />
        <probability3 average3="0" variance3="1" freedom3="2" lambda3="1" rate3="0" probdist3="none" />
        <probability4 average4="0" variance4="1" freedom4="2" lambda4="1" rate4="0" probdist4="none" />
        <probability5 average5="0" variance5="1" freedom5="2" lambda5="1" rate5="0" probdist5="none" />
        <point x="228" y="191" />
        <point x="233" y="102" />
      </points>
    </arc>
    <arc id="id13" source="id2" target="id4" delay="0" weight="1" variableLabel="j">
      <points>
        <probability1 average1="0" variance1="1" freedom1="2" lambda1="1" rate1="100" probdist1="none" />
        <probability2 average2="0" variance2="1" freedom2="2" lambda2="1" rate2="0" probdist2="none" />
        <probability3 average3="0" variance3="1" freedom3="2" lambda3="1" rate3="0" probdist3="none" />
        <probability4 average4="0" variance4="1" freedom4="2" lambda4="1" rate4="0" probdist4="none" />
        <probability5 average5="0" variance5="1" freedom5="2" lambda5="1" rate5="0" probdist5="none" />
        <point x="288" y="190" />
        <point x="283" y="102" />
      </points>
    </arc>
    <arc id="id14" source="id4" target="id1" delay="0" weight="1" variableLabel="ii">
      <points>
        <probability1 average1="0" variance1="1" freedom1="2" lambda1="1" rate1="100" probdist1="none" />
        <probability2 average2="0" variance2="1" freedom2="2" lambda2="1" rate2="0" probdist2="none" />
        <probability3 average3="0" variance3="1" freedom3="2" lambda3="1" rate3="0" probdist3="none" />
        <probability4 average4="0" variance4="1" freedom4="2" lambda4="1" rate4="0" probdist4="none" />
        <probability5 average5="0" variance5="1" freedom5="2" lambda5="1" rate5="0" probdist5="none" />
        <point x="233" y="102" />
        <point x="210" y="105" />
        <point x="222" y="191" />
      </points>
    </arc>
    <arc id="id15" source="id4" target="id2" delay="0" weight="1" variableLabel="jj">
      <points>
        <probability1 average1="0" variance1="1" freedom1="2" lambda1="1" rate1="100" probdist1="none" />
        <probability2 average2="0" variance2="1" freedom2="2" lambda2="1" rate2="0" probdist2="none" />
        <probability3 average3="0" variance3="1" freedom3="2" lambda3="1" rate3="0" probdist3="none" />
        <probability4 average4="0" variance4="1" freedom4="2" lambda4="1" rate4="0" probdist4="none" />
        <probability5 average5="0" variance5="1" freedom5="2" lambda5="1" rate5="0" probdist5="none" />
        <point x="283" y="102" />
        <point x="311" y="105" />
        <point x="294" y="190" />
      </points>
    </arc>
    <arc id="id21" source="id3" target="id16" delay="0" weight="1" variableLabel="i">
      <points>
        <probability1 average1="0" variance1="1" freedom1="2" lambda1="1" rate1="100" probdist1="none" />
        <probability2 average2="0" variance2="1" freedom2="2" lambda2="1" rate2="0" probdist2="none" />
        <probability3 average3="0" variance3="1" freedom3="2" lambda3="1" rate3="0" probdist3="none" />
        <probability4 average4="0" variance4="1" freedom4="2" lambda4="1" rate4="0" probdist4="none" />
        <probability5 average5="0" variance5="1" freedom5="2" lambda5="1" rate5="0" probdist5="none" />
        <point x="394" y="188" />
        <point x="397" y="102" />
      </points>
    </arc>
    <arc id="id25" source="id22" target="id16" delay="0" weight="1" variableLabel="j">
      <points>
        <probability1 average1="0" variance1="1" freedom1="2" lambda1="1" rate1="100" probdist1="none" />
        <probability2 average2="0" variance2="1" freedom2="2" lambda2="1" rate2="0" probdist2="none" />
        <probability3 average3="0" variance3="1" freedom3="2" lambda3="1" rate3="0" probdist3="none" />
        <probability4 average4="0" variance4="1" freedom4="2" lambda4="1" rate4="0" probdist4="none" />
        <probability5 average5="0" variance5="1" freedom5="2" lambda5="1" rate5="0" probdist5="none" />
        <point x="459" y="191" />
        <point x="447" y="102" />
      </points>
    </arc>
    <arc id="id26" source="id23" target="id20" delay="0" weight="1" variableLabel="i">
      <points>
        <probability1 average1="0" variance1="1" freedom1="2" lambda1="1" rate1="100" probdist1="none" />
        <probability2 average2="0" variance2="1" freedom2="2" lambda2="1" rate2="0" probdist2="none" />
        <probability3 average3="0" variance3="1" freedom3="2" lambda3="1" rate3="0" probdist3="none" />
        <probability4 average4="0" variance4="1" freedom4="2" lambda4="1" rate4="0" probdist4="none" />
        <probability5 average5="0" variance5="1" freedom5="2" lambda5="1" rate5="0" probdist5="none" />
        <point x="566" y="188" />
        <point x="568" y="103" />
      </points>
    </arc>
    <arc id="id29" source="id28" target="id20" delay="0" weight="1" variableLabel="j">
      <points>
        <probability1 average1="0" variance1="1" freedom1="2" lambda1="1" rate1="100" probdist1="none" />
        <probability2 average2="0" variance2="1" freedom2="2" lambda2="1" rate2="0" probdist2="none" />
        <probability3 average3="0" variance3="1" freedom3="2" lambda3="1" rate3="0" probdist3="none" />
        <probability4 average4="0" variance4="1" freedom4="2" lambda4="1" rate4="0" probdist4="none" />
        <probability5 average5="0" variance5="1" freedom5="2" lambda5="1" rate5="0" probdist5="none" />
        <point x="626" y="188" />
        <point x="618" y="103" />
      </points>
    </arc>
    <arc id="id30" source="id16" target="id3" delay="0" weight="1" variableLabel="ii">
      <points>
        <probability1 average1="0" variance1="1" freedom1="2" lambda1="1" rate1="100" probdist1="none" />
        <probability2 average2="0" variance2="1" freedom2="2" lambda2="1" rate2="0" probdist2="none" />
        <probability3 average3="0" variance3="1" freedom3="2" lambda3="1" rate3="0" probdist3="none" />
        <probability4 average4="0" variance4="1" freedom4="2" lambda4="1" rate4="0" probdist4="none" />
        <probability5 average5="0" variance5="1" freedom5="2" lambda5="1" rate5="0" probdist5="none" />
        <point x="397" y="97" />
        <point x="373" y="97" />
        <point x="388" y="188" />
      </points>
    </arc>
    <arc id="id37" source="id16" target="id22" delay="0" weight="1" variableLabel="jj">
      <points>
        <probability1 average1="0" variance1="1" freedom1="2" lambda1="1" rate1="100" probdist1="none" />
        <probability2 average2="0" variance2="1" freedom2="2" lambda2="1" rate2="0" probdist2="none" />
        <probability3 average3="0" variance3="1" freedom3="2" lambda3="1" rate3="0" probdist3="none" />
        <probability4 average4="0" variance4="1" freedom4="2" lambda4="1" rate4="0" probdist4="none" />
        <probability5 average5="0" variance5="1" freedom5="2" lambda5="1" rate5="0" probdist5="none" />
        <point x="447" y="97" />
        <point x="479" y="97" />
        <point x="464" y="190" />
      </points>
    </arc>
    <arc id="id38" source="id20" target="id23" delay="0" weight="1" variableLabel="ii">
      <points>
        <probability1 average1="0" variance1="1" freedom1="2" lambda1="1" rate1="100" probdist1="none" />
        <probability2 average2="0" variance2="1" freedom2="2" lambda2="1" rate2="0" probdist2="none" />
        <probability3 average3="0" variance3="1" freedom3="2" lambda3="1" rate3="0" probdist3="none" />
        <probability4 average4="0" variance4="1" freedom4="2" lambda4="1" rate4="0" probdist4="none" />
        <probability5 average5="0" variance5="1" freedom5="2" lambda5="1" rate5="0" probdist5="none" />
        <point x="568" y="99" />
        <point x="544" y="99" />
        <point x="560" y="188" />
      </points>
    </arc>
    <arc id="id42" source="id20" target="id28" delay="0" weight="1" variableLabel="jj">
      <points>
        <probability1 average1="0" variance1="1" freedom1="2" lambda1="1" rate1="100" probdist1="none" />
        <probability2 average2="0" variance2="1" freedom2="2" lambda2="1" rate2="0" probdist2="none" />
        <probability3 average3="0" variance3="1" freedom3="2" lambda3="1" rate3="0" probdist3="none" />
        <probability4 average4="0" variance4="1" freedom4="2" lambda4="1" rate4="0" probdist4="none" />
        <probability5 average5="0" variance5="1" freedom5="2" lambda5="1" rate5="0" probdist5="none" />
        <point x="618" y="97" />
        <point x="643" y="97" />
        <point x="632" y="187" />
      </points>
    </arc>
  </page>
  <page id="main.page1" name="Odd-even sort">
    <place id="id0" name="d[0]" portdir="None" specifiedType="Int8" capacity="0">
      <initialMarking exp="1, 8;" />
      <location x="141" y="217" />
      <size width="60" height="30" />
    </place>
    <place id="id1" name="d[1]" portdir="None" specifiedType="Int8" capacity="0">
      <initialMarking exp="1, 4;" />
      <location x="228" y="215" />
      <size width="60" height="30" />
    </place>
    <place id="id2" name="d[2]" portdir="None" specifiedType="Int8" capacity="0">
      <initialMarking exp="1, 3;" />
      <location x="308" y="214" />
      <size width="60" height="30" />
    </place>
    <place id="id3" name="d[3]" portdir="None" specifiedType="Int8" capacity="0">
      <initialMarking exp="1, 7;" />
      <location x="395" y="212" />
      <size width="60" height="30" />
    </place>
    <place id="id4" name="d[4]" portdir="None" specifiedType="Int8" capacity="0">
      <initialMarking exp="1, 6;" />
      <location x="480" y="214" />
      <size width="60" height="30" />
    </place>
    <place id="id5" name="d[5]" portdir="None" specifiedType="Int8" capacity="0">
      <initialMarking exp="1, 5;" />
      <location x="567" y="212" />
      <size width="60" height="30" />
    </place>
    <place id="id6" name="d[7]" portdir="None" specifiedType="Int8" capacity="0">
      <initialMarking exp="1, 1;" />
      <location x="734" y="209" />
      <size width="60" height="30" />
    </place>
    <place id="id7" name="d[6]" portdir="None" specifiedType="Int8" capacity="0">
      <initialMarking exp="1, 2;" />
      <location x="647" y="211" />
      <size width="60" height="30" />
    </place>
    <place id="id43" name="p" portdir="None" specifiedType="Int8" capacity="0">
      <initialMarking exp="1, 1;" />
      <location x="111" y="369" />
      <size width="60" height="30" />
    </place>
    <place id="id44" name="p" portdir="None" specifiedType="Int8" capacity="0">
      <initialMarking exp="" />
      <location x="269" y="363" />
      <size width="60" height="30" />
    </place>
    <place id="id45" name="p" portdir="None" specifiedType="Int8" capacity="0">
      <initialMarking exp="" />
      <location x="439" y="362" />
      <size width="60" height="30" />
    </place>
    <place id="id46" name="p" portdir="None" specifiedType="Int8" capacity="0">
      <initialMarking exp="" />
      <location x="612" y="359" />
      <size width="60" height="30" />
    </place>
    <place id="id47" name="p" portdir="None" specifiedType="Int8" capacity="0">
      <initialMarking exp="" />
      <location x="694" y="26" />
      <size width="60" height="30" />
    </place>
    <place id="id48" name="p" portdir="None" specifiedType="Int8" capacity="0">
      <initialMarking exp="" />
      <location x="515" y="28" />
      <size width="60" height="30" />
    </place>
    <place id="id49" name="p" portdir="None" specifiedType="Int8" capacity="0">
      <initialMarking exp="" />
      <location x="343" y="28" />
      <size width="60" height="30" />
    </place>
    <place id="id50" name="p" portdir="None" specifiedType="Int8" capacity="0">
      <initialMarking exp="" />
      <location x="186" y="31" />
      <size width="60" height="30" />
    </place>
    <transition id="id8" name="swap" portdir="None">
      <conditionalExp exp="if (i&gt;j) {ii=j;jj=i;kk=k*0;} else {ii=i;jj=j;kk=k;}" />
      <location x="185" y="311" />
      <size width="50" height="20" />
    </transition>
    <transition id="id9" name="swap" portdir="None">
      <conditionalExp exp="if (i&gt;j) {ii=j;jj=i;kk=k*0;} else {ii=i;jj=j;kk=k;}" />
      <location x="354" y="308" />
      <size width="50" height="20" />
    </transition>
    <transition id="id10" name="swap" portdir="None">
      <conditionalExp exp="if (i&gt;j) {ii=j;jj=i;kk=k*0;} else {ii=i;jj=j;kk=k;}" />
      <location x="691" y="305" />
      <size width="50" height="20" />
    </transition>
    <transition id="id11" name="swap" portdir="None">
      <conditionalExp exp="if (i&gt;j) {ii=j;jj=i;kk=k*0;} else {ii=i;jj=j;kk=k;}" />
      <location x="524" y="308" />
      <size width="50" height="20" />
    </transition>
    <transition id="id12" name="swap" portdir="None">
      <conditionalExp exp="if (i&gt;j) {ii=j;jj=i;kk=k*0;} else {ii=i;jj=j;kk=k;}" />
      <location x="268" y="102" />
      <size width="50" height="20" />
    </transition>
    <transition id="id13" name="swap" portdir="None">
      <conditionalExp exp="if (i&gt;j) {ii=j;jj=i;kk=k*0;} else {ii=i;jj=j;kk=k;}" />
      <location x="432" y="102" />
      <size width="50" height="20" />
    </transition>
    <transition id="id14" name="swap" portdir="None">
      <conditionalExp exp="if (i&gt;j) {ii=j;jj=i;kk=k*0;} else {ii=i;jj=j;kk=k;}" />
      <location x="603" y="103" />
      <size width="50" height="20" />
    </transition>
    <transition id="id65" name="done" portdir="None">
      <conditionalExp exp="if (k==0) {kk=1;}" />
      <location x="31" y="202" />
      <size width="50" height="20" />
    </transition>
    <arc id="id15" source="id0" target="id8" delay="0" weight="1" variableLabel="i">
      <points>
        <probability1 average1="0" variance1="1" freedom1="2" lambda1="1" rate1="100" probdist1="none" />
        <probability2 average2="0" variance2="1" freedom2="2" lambda2="1" rate2="0" probdist2="none" />
        <probability3 average3="0" variance3="1" freedom3="2" lambda3="1" rate3="0" probdist3="none" />
        <probability4 average4="0" variance4="1" freedom4="2" lambda4="1" rate4="0" probdist4="none" />
        <probability5 average5="0" variance5="1" freedom5="2" lambda5="1" rate5="0" probdist5="none" />
        <point x="153" y="230" />
        <point x="160" y="301" />
      </points>
    </arc>
    <arc id="id16" source="id1" target="id8" delay="0" weight="1" variableLabel="j">
      <points>
        <probability1 average1="0" variance1="1" freedom1="2" lambda1="1" rate1="100" probdist1="none" />
        <probability2 average2="0" variance2="1" freedom2="2" lambda2="1" rate2="0" probdist2="none" />
        <probability3 average3="0" variance3="1" freedom3="2" lambda3="1" rate3="0" probdist3="none" />
        <probability4 average4="0" variance4="1" freedom4="2" lambda4="1" rate4="0" probdist4="none" />
        <probability5 average5="0" variance5="1" freedom5="2" lambda5="1" rate5="0" probdist5="none" />
        <point x="216" y="228" />
        <point x="210" y="301" />
      </points>
    </arc>
    <arc id="id17" source="id8" target="id0" delay="0" weight="1" variableLabel="ii">
      <points>
        <probability1 average1="0" variance1="1" freedom1="2" lambda1="1" rate1="100" probdist1="none" />
        <probability2 average2="0" variance2="1" freedom2="2" lambda2="1" rate2="0" probdist2="none" />
        <probability3 average3="0" variance3="1" freedom3="2" lambda3="1" rate3="0" probdist3="none" />
        <probability4 average4="0" variance4="1" freedom4="2" lambda4="1" rate4="0" probdist4="none" />
        <probability5 average5="0" variance5="1" freedom5="2" lambda5="1" rate5="0" probdist5="none" />
        <point x="160" y="301" />
        <point x="123" y="300" />
        <point x="147" y="231" />
      </points>
    </arc>
    <arc id="id18" source="id8" target="id1" delay="0" weight="1" variableLabel="jj">
      <points>
        <probability1 average1="0" variance1="1" freedom1="2" lambda1="1" rate1="100" probdist1="none" />
        <probability2 average2="0" variance2="1" freedom2="2" lambda2="1" rate2="0" probdist2="none" />
        <probability3 average3="0" variance3="1" freedom3="2" lambda3="1" rate3="0" probdist3="none" />
        <probability4 average4="0" variance4="1" freedom4="2" lambda4="1" rate4="0" probdist4="none" />
        <probability5 average5="0" variance5="1" freedom5="2" lambda5="1" rate5="0" probdist5="none" />
        <point x="210" y="301" />
        <point x="229" y="300" />
        <point x="222" y="229" />
      </points>
    </arc>
    <arc id="id19" source="id2" target="id9" delay="0" weight="1" variableLabel="i">
      <points>
        <probability1 average1="0" variance1="1" freedom1="2" lambda1="1" rate1="100" probdist1="none" />
        <probability2 average2="0" variance2="1" freedom2="2" lambda2="1" rate2="0" probdist2="none" />
        <probability3 average3="0" variance3="1" freedom3="2" lambda3="1" rate3="0" probdist3="none" />
        <probability4 average4="0" variance4="1" freedom4="2" lambda4="1" rate4="0" probdist4="none" />
        <probability5 average5="0" variance5="1" freedom5="2" lambda5="1" rate5="0" probdist5="none" />
        <point x="321" y="227" />
        <point x="329" y="298" />
      </points>
    </arc>
    <arc id="id20" source="id3" target="id9" delay="0" weight="1" variableLabel="j">
      <points>
        <probability1 average1="0" variance1="1" freedom1="2" lambda1="1" rate1="100" probdist1="none" />
        <probability2 average2="0" variance2="1" freedom2="2" lambda2="1" rate2="0" probdist2="none" />
        <probability3 average3="0" variance3="1" freedom3="2" lambda3="1" rate3="0" probdist3="none" />
        <probability4 average4="0" variance4="1" freedom4="2" lambda4="1" rate4="0" probdist4="none" />
        <probability5 average5="0" variance5="1" freedom5="2" lambda5="1" rate5="0" probdist5="none" />
        <point x="384" y="225" />
        <point x="379" y="298" />
      </points>
    </arc>
    <arc id="id21" source="id9" target="id2" delay="0" weight="1" variableLabel="ii">
      <points>
        <probability1 average1="0" variance1="1" freedom1="2" lambda1="1" rate1="100" probdist1="none" />
        <probability2 average2="0" variance2="1" freedom2="2" lambda2="1" rate2="0" probdist2="none" />
        <probability3 average3="0" variance3="1" freedom3="2" lambda3="1" rate3="0" probdist3="none" />
        <probability4 average4="0" variance4="1" freedom4="2" lambda4="1" rate4="0" probdist4="none" />
        <probability5 average5="0" variance5="1" freedom5="2" lambda5="1" rate5="0" probdist5="none" />
        <point x="329" y="298" />
        <point x="293" y="296" />
        <point x="315" y="228" />
      </points>
    </arc>
    <arc id="id22" source="id9" target="id3" delay="0" weight="1" variableLabel="jj">
      <points>
        <probability1 average1="0" variance1="1" freedom1="2" lambda1="1" rate1="100" probdist1="none" />
        <probability2 average2="0" variance2="1" freedom2="2" lambda2="1" rate2="0" probdist2="none" />
        <probability3 average3="0" variance3="1" freedom3="2" lambda3="1" rate3="0" probdist3="none" />
        <probability4 average4="0" variance4="1" freedom4="2" lambda4="1" rate4="0" probdist4="none" />
        <probability5 average5="0" variance5="1" freedom5="2" lambda5="1" rate5="0" probdist5="none" />
        <point x="379" y="298" />
        <point x="402" y="297" />
        <point x="390" y="226" />
      </points>
    </arc>
    <arc id="id23" source="id7" target="id10" delay="0" weight="1" variableLabel="i">
      <points>
        <probability1 average1="0" variance1="1" freedom1="2" lambda1="1" rate1="100" probdist1="none" />
        <probability2 average2="0" variance2="1" freedom2="2" lambda2="1" rate2="0" probdist2="none" />
        <probability3 average3="0" variance3="1" freedom3="2" lambda3="1" rate3="0" probdist3="none" />
        <probability4 average4="0" variance4="1" freedom4="2" lambda4="1" rate4="0" probdist4="none" />
        <probability5 average5="0" variance5="1" freedom5="2" lambda5="1" rate5="0" probdist5="none" />
        <point x="659" y="224" />
        <point x="666" y="295" />
      </points>
    </arc>
    <arc id="id24" source="id4" target="id11" delay="0" weight="1" variableLabel="i">
      <points>
        <probability1 average1="0" variance1="1" freedom1="2" lambda1="1" rate1="100" probdist1="none" />
        <probability2 average2="0" variance2="1" freedom2="2" lambda2="1" rate2="0" probdist2="none" />
        <probability3 average3="0" variance3="1" freedom3="2" lambda3="1" rate3="0" probdist3="none" />
        <probability4 average4="0" variance4="1" freedom4="2" lambda4="1" rate4="0" probdist4="none" />
        <probability5 average5="0" variance5="1" freedom5="2" lambda5="1" rate5="0" probdist5="none" />
        <point x="492" y="227" />
        <point x="499" y="298" />
      </points>
    </arc>
    <arc id="id25" source="id5" target="id11" delay="0" weight="1" variableLabel="j">
      <points>
        <probability1 average1="0" variance1="1" freedom1="2" lambda1="1" rate1="100" probdist1="none" />
        <probability2 average2="0" variance2="1" freedom2="2" lambda2="1" rate2="0" probdist2="none" />
        <probability3 average3="0" variance3="1" freedom3="2" lambda3="1" rate3="0" probdist3="none" />
        <probability4 average4="0" variance4="1" freedom4="2" lambda4="1" rate4="0" probdist4="none" />
        <probability5 average5="0" variance5="1" freedom5="2" lambda5="1" rate5="0" probdist5="none" />
        <point x="555" y="225" />
        <point x="549" y="298" />
      </points>
    </arc>
    <arc id="id26" source="id6" target="id10" delay="0" weight="1" variableLabel="j">
      <points>
        <probability1 average1="0" variance1="1" freedom1="2" lambda1="1" rate1="100" probdist1="none" />
        <probability2 average2="0" variance2="1" freedom2="2" lambda2="1" rate2="0" probdist2="none" />
        <probability3 average3="0" variance3="1" freedom3="2" lambda3="1" rate3="0" probdist3="none" />
        <probability4 average4="0" variance4="1" freedom4="2" lambda4="1" rate4="0" probdist4="none" />
        <probability5 average5="0" variance5="1" freedom5="2" lambda5="1" rate5="0" probdist5="none" />
        <point x="722" y="222" />
        <point x="716" y="295" />
      </points>
    </arc>
    <arc id="id27" source="id11" target="id4" delay="0" weight="1" variableLabel="ii">
      <points>
        <probability1 average1="0" variance1="1" freedom1="2" lambda1="1" rate1="100" probdist1="none" />
        <probability2 average2="0" variance2="1" freedom2="2" lambda2="1" rate2="0" probdist2="none" />
        <probability3 average3="0" variance3="1" freedom3="2" lambda3="1" rate3="0" probdist3="none" />
        <probability4 average4="0" variance4="1" freedom4="2" lambda4="1" rate4="0" probdist4="none" />
        <probability5 average5="0" variance5="1" freedom5="2" lambda5="1" rate5="0" probdist5="none" />
        <point x="499" y="298" />
        <point x="463" y="298" />
        <point x="486" y="228" />
      </points>
    </arc>
    <arc id="id28" source="id11" target="id5" delay="0" weight="1" variableLabel="jj">
      <points>
        <probability1 average1="0" variance1="1" freedom1="2" lambda1="1" rate1="100" probdist1="none" />
        <probability2 average2="0" variance2="1" freedom2="2" lambda2="1" rate2="0" probdist2="none" />
        <probability3 average3="0" variance3="1" freedom3="2" lambda3="1" rate3="0" probdist3="none" />
        <probability4 average4="0" variance4="1" freedom4="2" lambda4="1" rate4="0" probdist4="none" />
        <probability5 average5="0" variance5="1" freedom5="2" lambda5="1" rate5="0" probdist5="none" />
        <point x="549" y="298" />
        <point x="577" y="298" />
        <point x="561" y="226" />
      </points>
    </arc>
    <arc id="id29" source="id10" target="id7" delay="0" weight="1" variableLabel="ii">
      <points>
        <probability1 average1="0" variance1="1" freedom1="2" lambda1="1" rate1="100" probdist1="none" />
        <probability2 average2="0" variance2="1" freedom2="2" lambda2="1" rate2="0" probdist2="none" />
        <probability3 average3="0" variance3="1" freedom3="2" lambda3="1" rate3="0" probdist3="none" />
        <probability4 average4="0" variance4="1" freedom4="2" lambda4="1" rate4="0" probdist4="none" />
        <probability5 average5="0" variance5="1" freedom5="2" lambda5="1" rate5="0" probdist5="none" />
        <point x="666" y="295" />
        <point x="629" y="293" />
        <point x="653" y="225" />
      </points>
    </arc>
    <arc id="id30" source="id10" target="id6" delay="0" weight="1" variableLabel="jj">
      <points>
        <probability1 average1="0" variance1="1" freedom1="2" lambda1="1" rate1="100" probdist1="none" />
        <probability2 average2="0" variance2="1" freedom2="2" lambda2="1" rate2="0" probdist2="none" />
        <probability3 average3="0" variance3="1" freedom3="2" lambda3="1" rate3="0" probdist3="none" />
        <probability4 average4="0" variance4="1" freedom4="2" lambda4="1" rate4="0" probdist4="none" />
        <probability5 average5="0" variance5="1" freedom5="2" lambda5="1" rate5="0" probdist5="none" />
        <point x="716" y="295" />
        <point x="744" y="292" />
        <point x="728" y="223" />
      </points>
    </arc>
    <arc id="id31" source="id1" target="id12" delay="0" weight="1" variableLabel="i">
      <points>
        <probability1 average1="0" variance1="1" freedom1="2" lambda1="1" rate1="100" probdist1="none" />
        <probability2 average2="0" variance2="1" freedom2="2" lambda2="1" rate2="0" probdist2="none" />
        <probability3 average3="0" variance3="1" freedom3="2" lambda3="1" rate3="0" probdist3="none" />
        <probability4 average4="0" variance4="1" freedom4="2" lambda4="1" rate4="0" probdist4="none" />
        <probability5 average5="0" variance5="1" freedom5="2" lambda5="1" rate5="0" probdist5="none" />
        <point x="238" y="201" />
        <point x="243" y="112" />
      </points>
    </arc>
    <arc id="id32" source="id2" target="id12" delay="0" weight="1" variableLabel="j">
      <points>
        <probability1 average1="0" variance1="1" freedom1="2" lambda1="1" rate1="100" probdist1="none" />
        <probability2 average2="0" variance2="1" freedom2="2" lambda2="1" rate2="0" probdist2="none" />
        <probability3 average3="0" variance3="1" freedom3="2" lambda3="1" rate3="0" probdist3="none" />
        <probability4 average4="0" variance4="1" freedom4="2" lambda4="1" rate4="0" probdist4="none" />
        <probability5 average5="0" variance5="1" freedom5="2" lambda5="1" rate5="0" probdist5="none" />
        <point x="298" y="200" />
        <point x="293" y="112" />
      </points>
    </arc>
    <arc id="id33" source="id12" target="id1" delay="0" weight="1" variableLabel="ii">
      <points>
        <probability1 average1="0" variance1="1" freedom1="2" lambda1="1" rate1="100" probdist1="none" />
        <probability2 average2="0" variance2="1" freedom2="2" lambda2="1" rate2="0" probdist2="none" />
        <probability3 average3="0" variance3="1" freedom3="2" lambda3="1" rate3="0" probdist3="none" />
        <probability4 average4="0" variance4="1" freedom4="2" lambda4="1" rate4="0" probdist4="none" />
        <probability5 average5="0" variance5="1" freedom5="2" lambda5="1" rate5="0" probdist5="none" />
        <point x="243" y="105" />
        <point x="210" y="105" />
        <point x="232" y="201" />
      </points>
    </arc>
    <arc id="id34" source="id12" target="id2" delay="0" weight="1" variableLabel="jj">
      <points>
        <probability1 average1="0" variance1="1" freedom1="2" lambda1="1" rate1="100" probdist1="none" />
        <probability2 average2="0" variance2="1" freedom2="2" lambda2="1" rate2="0" probdist2="none" />
        <probability3 average3="0" variance3="1" freedom3="2" lambda3="1" rate3="0" probdist3="none" />
        <probability4 average4="0" variance4="1" freedom4="2" lambda4="1" rate4="0" probdist4="none" />
        <probability5 average5="0" variance5="1" freedom5="2" lambda5="1" rate5="0" probdist5="none" />
        <point x="293" y="105" />
        <point x="311" y="105" />
        <point x="304" y="200" />
      </points>
    </arc>
    <arc id="id35" source="id3" target="id13" delay="0" weight="1" variableLabel="i">
      <points>
        <probability1 average1="0" variance1="1" freedom1="2" lambda1="1" rate1="100" probdist1="none" />
        <probability2 average2="0" variance2="1" freedom2="2" lambda2="1" rate2="0" probdist2="none" />
        <probability3 average3="0" variance3="1" freedom3="2" lambda3="1" rate3="0" probdist3="none" />
        <probability4 average4="0" variance4="1" freedom4="2" lambda4="1" rate4="0" probdist4="none" />
        <probability5 average5="0" variance5="1" freedom5="2" lambda5="1" rate5="0" probdist5="none" />
        <point x="404" y="198" />
        <point x="407" y="112" />
      </points>
    </arc>
    <arc id="id36" source="id4" target="id13" delay="0" weight="1" variableLabel="j">
      <points>
        <probability1 average1="0" variance1="1" freedom1="2" lambda1="1" rate1="100" probdist1="none" />
        <probability2 average2="0" variance2="1" freedom2="2" lambda2="1" rate2="0" probdist2="none" />
        <probability3 average3="0" variance3="1" freedom3="2" lambda3="1" rate3="0" probdist3="none" />
        <probability4 average4="0" variance4="1" freedom4="2" lambda4="1" rate4="0" probdist4="none" />
        <probability5 average5="0" variance5="1" freedom5="2" lambda5="1" rate5="0" probdist5="none" />
        <point x="469" y="201" />
        <point x="457" y="112" />
      </points>
    </arc>
    <arc id="id37" source="id5" target="id14" delay="0" weight="1" variableLabel="i">
      <points>
        <probability1 average1="0" variance1="1" freedom1="2" lambda1="1" rate1="100" probdist1="none" />
        <probability2 average2="0" variance2="1" freedom2="2" lambda2="1" rate2="0" probdist2="none" />
        <probability3 average3="0" variance3="1" freedom3="2" lambda3="1" rate3="0" probdist3="none" />
        <probability4 average4="0" variance4="1" freedom4="2" lambda4="1" rate4="0" probdist4="none" />
        <probability5 average5="0" variance5="1" freedom5="2" lambda5="1" rate5="0" probdist5="none" />
        <point x="576" y="198" />
        <point x="578" y="113" />
      </points>
    </arc>
    <arc id="id38" source="id7" target="id14" delay="0" weight="1" variableLabel="j">
      <points>
        <probability1 average1="0" variance1="1" freedom1="2" lambda1="1" rate1="100" probdist1="none" />
        <probability2 average2="0" variance2="1" freedom2="2" lambda2="1" rate2="0" probdist2="none" />
        <probability3 average3="0" variance3="1" freedom3="2" lambda3="1" rate3="0" probdist3="none" />
        <probability4 average4="0" variance4="1" freedom4="2" lambda4="1" rate4="0" probdist4="none" />
        <probability5 average5="0" variance5="1" freedom5="2" lambda5="1" rate5="0" probdist5="none" />
        <point x="636" y="198" />
        <point x="628" y="113" />
      </points>
    </arc>
    <arc id="id39" source="id13" target="id3" delay="0" weight="1" variableLabel="ii">
      <points>
        <probability1 average1="0" variance1="1" freedom1="2" lambda1="1" rate1="100" probdist1="none" />
        <probability2 average2="0" variance2="1" freedom2="2" lambda2="1" rate2="0" probdist2="none" />
        <probability3 average3="0" variance3="1" freedom3="2" lambda3="1" rate3="0" probdist3="none" />
        <probability4 average4="0" variance4="1" freedom4="2" lambda4="1" rate4="0" probdist4="none" />
        <probability5 average5="0" variance5="1" freedom5="2" lambda5="1" rate5="0" probdist5="none" />
        <point x="407" y="97" />
        <point x="373" y="97" />
        <point x="398" y="198" />
      </points>
    </arc>
    <arc id="id40" source="id13" target="id4" delay="0" weight="1" variableLabel="jj">
      <points>
        <probability1 average1="0" variance1="1" freedom1="2" lambda1="1" rate1="100" probdist1="none" />
        <probability2 average2="0" variance2="1" freedom2="2" lambda2="1" rate2="0" probdist2="none" />
        <probability3 average3="0" variance3="1" freedom3="2" lambda3="1" rate3="0" probdist3="none" />
        <probability4 average4="0" variance4="1" freedom4="2" lambda4="1" rate4="0" probdist4="none" />
        <probability5 average5="0" variance5="1" freedom5="2" lambda5="1" rate5="0" probdist5="none" />
        <point x="457" y="97" />
        <point x="479" y="97" />
        <point x="475" y="200" />
      </points>
    </arc>
    <arc id="id41" source="id14" target="id5" delay="0" weight="1" variableLabel="ii">
      <points>
        <probability1 average1="0" variance1="1" freedom1="2" lambda1="1" rate1="100" probdist1="none" />
        <probability2 average2="0" variance2="1" freedom2="2" lambda2="1" rate2="0" probdist2="none" />
        <probability3 average3="0" variance3="1" freedom3="2" lambda3="1" rate3="0" probdist3="none" />
        <probability4 average4="0" variance4="1" freedom4="2" lambda4="1" rate4="0" probdist4="none" />
        <probability5 average5="0" variance5="1" freedom5="2" lambda5="1" rate5="0" probdist5="none" />
        <point x="578" y="99" />
        <point x="544" y="99" />
        <point x="569" y="198" />
      </points>
    </arc>
    <arc id="id42" source="id14" target="id7" delay="0" weight="1" variableLabel="jj">
      <points>
        <probability1 average1="0" variance1="1" freedom1="2" lambda1="1" rate1="100" probdist1="none" />
        <probability2 average2="0" variance2="1" freedom2="2" lambda2="1" rate2="0" probdist2="none" />
        <probability3 average3="0" variance3="1" freedom3="2" lambda3="1" rate3="0" probdist3="none" />
        <probability4 average4="0" variance4="1" freedom4="2" lambda4="1" rate4="0" probdist4="none" />
        <probability5 average5="0" variance5="1" freedom5="2" lambda5="1" rate5="0" probdist5="none" />
        <point x="628" y="97" />
        <point x="643" y="97" />
        <point x="643" y="197" />
      </points>
    </arc>
    <arc id="id51" source="id8" target="id44" delay="0" weight="1" variableLabel="kk">
      <points>
        <probability1 average1="0" variance1="1" freedom1="2" lambda1="1" rate1="100" probdist1="none" />
        <probability2 average2="0" variance2="1" freedom2="2" lambda2="1" rate2="0" probdist2="none" />
        <probability3 average3="0" variance3="1" freedom3="2" lambda3="1" rate3="0" probdist3="none" />
        <probability4 average4="0" variance4="1" freedom4="2" lambda4="1" rate4="0" probdist4="none" />
        <probability5 average5="0" variance5="1" freedom5="2" lambda5="1" rate5="0" probdist5="none" />
        <point x="210" y="321" />
        <point x="245" y="355" />
      </points>
    </arc>
    <arc id="id52" source="id44" target="id9" delay="0" weight="1" variableLabel="k">
      <points>
        <probability1 average1="0" variance1="1" freedom1="2" lambda1="1" rate1="100" probdist1="none" />
        <probability2 average2="0" variance2="1" freedom2="2" lambda2="1" rate2="0" probdist2="none" />
        <probability3 average3="0" variance3="1" freedom3="2" lambda3="1" rate3="0" probdist3="none" />
        <probability4 average4="0" variance4="1" freedom4="2" lambda4="1" rate4="0" probdist4="none" />
        <probability5 average5="0" variance5="1" freedom5="2" lambda5="1" rate5="0" probdist5="none" />
        <point x="294" y="355" />
        <point x="329" y="318" />
      </points>
    </arc>
    <arc id="id53" source="id9" target="id45" delay="0" weight="1" variableLabel="kk">
      <points>
        <probability1 average1="0" variance1="1" freedom1="2" lambda1="1" rate1="100" probdist1="none" />
        <probability2 average2="0" variance2="1" freedom2="2" lambda2="1" rate2="0" probdist2="none" />
        <probability3 average3="0" variance3="1" freedom3="2" lambda3="1" rate3="0" probdist3="none" />
        <probability4 average4="0" variance4="1" freedom4="2" lambda4="1" rate4="0" probdist4="none" />
        <probability5 average5="0" variance5="1" freedom5="2" lambda5="1" rate5="0" probdist5="none" />
        <point x="379" y="318" />
        <point x="415" y="354" />
      </points>
    </arc>
    <arc id="id54" source="id45" target="id11" delay="0" weight="1" variableLabel="k">
      <points>
        <probability1 average1="0" variance1="1" freedom1="2" lambda1="1" rate1="100" probdist1="none" />
        <probability2 average2="0" variance2="1" freedom2="2" lambda2="1" rate2="0" probdist2="none" />
        <probability3 average3="0" variance3="1" freedom3="2" lambda3="1" rate3="0" probdist3="none" />
        <probability4 average4="0" variance4="1" freedom4="2" lambda4="1" rate4="0" probdist4="none" />
        <probability5 average5="0" variance5="1" freedom5="2" lambda5="1" rate5="0" probdist5="none" />
        <point x="464" y="354" />
        <point x="499" y="318" />
      </points>
    </arc>
    <arc id="id55" source="id11" target="id46" delay="0" weight="1" variableLabel="kk">
      <points>
        <probability1 average1="0" variance1="1" freedom1="2" lambda1="1" rate1="100" probdist1="none" />
        <probability2 average2="0" variance2="1" freedom2="2" lambda2="1" rate2="0" probdist2="none" />
        <probability3 average3="0" variance3="1" freedom3="2" lambda3="1" rate3="0" probdist3="none" />
        <probability4 average4="0" variance4="1" freedom4="2" lambda4="1" rate4="0" probdist4="none" />
        <probability5 average5="0" variance5="1" freedom5="2" lambda5="1" rate5="0" probdist5="none" />
        <point x="549" y="318" />
        <point x="587" y="351" />
      </points>
    </arc>
    <arc id="id56" source="id46" target="id10" delay="0" weight="1" variableLabel="k">
      <points>
        <probability1 average1="0" variance1="1" freedom1="2" lambda1="1" rate1="100" probdist1="none" />
        <probability2 average2="0" variance2="1" freedom2="2" lambda2="1" rate2="0" probdist2="none" />
        <probability3 average3="0" variance3="1" freedom3="2" lambda3="1" rate3="0" probdist3="none" />
        <probability4 average4="0" variance4="1" freedom4="2" lambda4="1" rate4="0" probdist4="none" />
        <probability5 average5="0" variance5="1" freedom5="2" lambda5="1" rate5="0" probdist5="none" />
        <point x="636" y="351" />
        <point x="666" y="315" />
      </points>
    </arc>
    <arc id="id57" source="id10" target="id47" delay="0" weight="1" variableLabel="kk">
      <points>
        <probability1 average1="0" variance1="1" freedom1="2" lambda1="1" rate1="100" probdist1="none" />
        <probability2 average2="0" variance2="1" freedom2="2" lambda2="1" rate2="0" probdist2="none" />
        <probability3 average3="0" variance3="1" freedom3="2" lambda3="1" rate3="0" probdist3="none" />
        <probability4 average4="0" variance4="1" freedom4="2" lambda4="1" rate4="0" probdist4="none" />
        <probability5 average5="0" variance5="1" freedom5="2" lambda5="1" rate5="0" probdist5="none" />
        <point x="694" y="295" />
        <point x="694" y="41" />
      </points>
    </arc>
    <arc id="id58" source="id47" target="id14" delay="0" weight="1" variableLabel="k">
      <points>
        <probability1 average1="0" variance1="1" freedom1="2" lambda1="1" rate1="100" probdist1="none" />
        <probability2 average2="0" variance2="1" freedom2="2" lambda2="1" rate2="0" probdist2="none" />
        <probability3 average3="0" variance3="1" freedom3="2" lambda3="1" rate3="0" probdist3="none" />
        <probability4 average4="0" variance4="1" freedom4="2" lambda4="1" rate4="0" probdist4="none" />
        <probability5 average5="0" variance5="1" freedom5="2" lambda5="1" rate5="0" probdist5="none" />
        <point x="672" y="35" />
        <point x="628" y="93" />
      </points>
    </arc>
    <arc id="id59" source="id14" target="id48" delay="0" weight="1" variableLabel="kk">
      <points>
        <probability1 average1="0" variance1="1" freedom1="2" lambda1="1" rate1="100" probdist1="none" />
        <probability2 average2="0" variance2="1" freedom2="2" lambda2="1" rate2="0" probdist2="none" />
        <probability3 average3="0" variance3="1" freedom3="2" lambda3="1" rate3="0" probdist3="none" />
        <probability4 average4="0" variance4="1" freedom4="2" lambda4="1" rate4="0" probdist4="none" />
        <probability5 average5="0" variance5="1" freedom5="2" lambda5="1" rate5="0" probdist5="none" />
        <point x="578" y="93" />
        <point x="535" y="38" />
      </points>
    </arc>
    <arc id="id60" source="id48" target="id13" delay="0" weight="1" variableLabel="k">
      <points>
        <probability1 average1="0" variance1="1" freedom1="2" lambda1="1" rate1="100" probdist1="none" />
        <probability2 average2="0" variance2="1" freedom2="2" lambda2="1" rate2="0" probdist2="none" />
        <probability3 average3="0" variance3="1" freedom3="2" lambda3="1" rate3="0" probdist3="none" />
        <probability4 average4="0" variance4="1" freedom4="2" lambda4="1" rate4="0" probdist4="none" />
        <probability5 average5="0" variance5="1" freedom5="2" lambda5="1" rate5="0" probdist5="none" />
        <point x="493" y="37" />
        <point x="457" y="92" />
      </points>
    </arc>
    <arc id="id61" source="id13" target="id49" delay="0" weight="1" variableLabel="kk">
      <points>
        <probability1 average1="0" variance1="1" freedom1="2" lambda1="1" rate1="100" probdist1="none" />
        <probability2 average2="0" variance2="1" freedom2="2" lambda2="1" rate2="0" probdist2="none" />
        <probability3 average3="0" variance3="1" freedom3="2" lambda3="1" rate3="0" probdist3="none" />
        <probability4 average4="0" variance4="1" freedom4="2" lambda4="1" rate4="0" probdist4="none" />
        <probability5 average5="0" variance5="1" freedom5="2" lambda5="1" rate5="0" probdist5="none" />
        <point x="407" y="92" />
        <point x="364" y="38" />
      </points>
    </arc>
    <arc id="id62" source="id49" target="id12" delay="0" weight="1" variableLabel="k">
      <points>
        <probability1 average1="0" variance1="1" freedom1="2" lambda1="1" rate1="100" probdist1="none" />
        <probability2 average2="0" variance2="1" freedom2="2" lambda2="1" rate2="0" probdist2="none" />
        <probability3 average3="0" variance3="1" freedom3="2" lambda3="1" rate3="0" probdist3="none" />
        <probability4 average4="0" variance4="1" freedom4="2" lambda4="1" rate4="0" probdist4="none" />
        <probability5 average5="0" variance5="1" freedom5="2" lambda5="1" rate5="0" probdist5="none" />
        <point x="322" y="38" />
        <point x="293" y="92" />
      </points>
    </arc>
    <arc id="id63" source="id12" target="id50" delay="0" weight="1" variableLabel="kk">
      <points>
        <probability1 average1="0" variance1="1" freedom1="2" lambda1="1" rate1="100" probdist1="none" />
        <probability2 average2="0" variance2="1" freedom2="2" lambda2="1" rate2="0" probdist2="none" />
        <probability3 average3="0" variance3="1" freedom3="2" lambda3="1" rate3="0" probdist3="none" />
        <probability4 average4="0" variance4="1" freedom4="2" lambda4="1" rate4="0" probdist4="none" />
        <probability5 average5="0" variance5="1" freedom5="2" lambda5="1" rate5="0" probdist5="none" />
        <point x="243" y="92" />
        <point x="206" y="41" />
      </points>
    </arc>
    <arc id="id64" source="id43" target="id8" delay="0" weight="1" variableLabel="k">
      <points>
        <probability1 average1="0" variance1="1" freedom1="2" lambda1="1" rate1="100" probdist1="none" />
        <probability2 average2="0" variance2="1" freedom2="2" lambda2="1" rate2="0" probdist2="none" />
        <probability3 average3="0" variance3="1" freedom3="2" lambda3="1" rate3="0" probdist3="none" />
        <probability4 average4="0" variance4="1" freedom4="2" lambda4="1" rate4="0" probdist4="none" />
        <probability5 average5="0" variance5="1" freedom5="2" lambda5="1" rate5="0" probdist5="none" />
        <point x="134" y="360" />
        <point x="160" y="321" />
      </points>
    </arc>
    <arc id="id66" source="id50" target="id65" delay="0" weight="1" variableLabel="k">
      <points>
        <probability1 average1="0" variance1="1" freedom1="2" lambda1="1" rate1="100" probdist1="none" />
        <probability2 average2="0" variance2="1" freedom2="2" lambda2="1" rate2="0" probdist2="none" />
        <probability3 average3="0" variance3="1" freedom3="2" lambda3="1" rate3="0" probdist3="none" />
        <probability4 average4="0" variance4="1" freedom4="2" lambda4="1" rate4="0" probdist4="none" />
        <probability5 average5="0" variance5="1" freedom5="2" lambda5="1" rate5="0" probdist5="none" />
        <point x="166" y="42" />
        <point x="56" y="192" />
      </points>
    </arc>
    <arc id="id67" source="id65" target="id43" delay="0" weight="1" variableLabel="kk">
      <points>
        <probability1 average1="0" variance1="1" freedom1="2" lambda1="1" rate1="100" probdist1="none" />
        <probability2 average2="0" variance2="1" freedom2="2" lambda2="1" rate2="0" probdist2="none" />
        <probability3 average3="0" variance3="1" freedom3="2" lambda3="1" rate3="0" probdist3="none" />
        <probability4 average4="0" variance4="1" freedom4="2" lambda4="1" rate4="0" probdist4="none" />
        <probability5 average5="0" variance5="1" freedom5="2" lambda5="1" rate5="0" probdist5="none" />
        <point x="56" y="212" />
        <point x="102" y="355" />
      </points>
    </arc>
  </page>
  <page id="main.page2" name="Bubble sort">
    <place id="id0" name="d[0]" portdir="None" specifiedType="Int8" capacity="0">
      <initialMarking exp="1, 8;" />
      <location x="151" y="227" />
      <size width="60" height="30" />
    </place>
    <place id="id1" name="d[1]" portdir="None" specifiedType="Int8" capacity="0">
      <initialMarking exp="1, 4;" />
      <location x="238" y="225" />
      <size width="60" height="30" />
    </place>
    <place id="id2" name="d[2]" portdir="None" specifiedType="Int8" capacity="0">
      <initialMarking exp="1, 3;" />
      <location x="318" y="224" />
      <size width="60" height="30" />
    </place>
    <place id="id3" name="d[3]" portdir="None" specifiedType="Int8" capacity="0">
      <initialMarking exp="1, 7;" />
      <location x="405" y="222" />
      <size width="60" height="30" />
    </place>
    <place id="id4" name="d[4]" portdir="None" specifiedType="Int8" capacity="0">
      <initialMarking exp="1, 6;" />
      <location x="490" y="224" />
      <size width="60" height="30" />
    </place>
    <place id="id5" name="d[5]" portdir="None" specifiedType="Int8" capacity="0">
      <initialMarking exp="1, 5;" />
      <location x="577" y="222" />
      <size width="60" height="30" />
    </place>
    <place id="id6" name="d[7]" portdir="None" specifiedType="Int8" capacity="0">
      <initialMarking exp="1, 1;" />
      <location x="744" y="219" />
      <size width="60" height="30" />
    </place>
    <place id="id7" name="d[6]" portdir="None" specifiedType="Int8" capacity="0">
      <initialMarking exp="1, 2;" />
      <location x="657" y="221" />
      <size width="60" height="30" />
    </place>
    <place id="id15" name="p" portdir="None" specifiedType="Int8" capacity="0">
      <initialMarking exp="1, 1;" />
      <location x="150" y="378" />
      <size width="60" height="30" />
    </place>
    <place id="id16" name="p" portdir="None" specifiedType="Int8" capacity="0">
      <initialMarking exp="" />
      <location x="241" y="376" />
      <size width="60" height="30" />
    </place>
    <place id="id17" name="p" portdir="None" specifiedType="Int8" capacity="0">
      <initialMarking exp="" />
      <location x="322" y="373" />
      <size width="60" height="30" />
    </place>
    <place id="id18" name="p" portdir="None" specifiedType="Int8" capacity="0">
      <initialMarking exp="" />
      <location x="409" y="372" />
      <size width="60" height="30" />
    </place>
    <place id="id19" name="p" portdir="None" specifiedType="Int8" capacity="0">
      <initialMarking exp="" />
      <location x="495" y="371" />
      <size width="60" height="30" />
    </place>
    <place id="id20" name="p" portdir="None" specifiedType="Int8" capacity="0">
      <initialMarking exp="" />
      <location x="585" y="370" />
      <size width="60" height="30" />
    </place>
    <place id="id21" name="p" portdir="None" specifiedType="Int8" capacity="0">
      <initialMarking exp="" />
      <location x="669" y="367" />
      <size width="60" height="30" />
    </place>
    <place id="id22" name="p" portdir="None" specifiedType="Int8" capacity="0">
      <initialMarking exp="" />
      <location x="751" y="365" />
      <size width="60" height="30" />
    </place>
    <transition id="id8" name="swap" portdir="None">
      <conditionalExp exp="if (i&gt;j) {ii=j;jj=i;kk=k*0;} else {ii=i;jj=j;kk=k;}" />
      <location x="195" y="321" />
      <size width="50" height="20" />
    </transition>
    <transition id="id9" name="swap" portdir="None">
      <conditionalExp exp="if (i&gt;j) {ii=j;jj=i;kk=k*0;} else {ii=i;jj=j;kk=k;}" />
      <location x="364" y="318" />
      <size width="50" height="20" />
    </transition>
    <transition id="id10" name="swap" portdir="None">
      <conditionalExp exp="if (i&gt;j) {ii=j;jj=i;kk=k*0;} else {ii=i;jj=j;kk=k;}" />
      <location x="701" y="315" />
      <size width="50" height="20" />
    </transition>
    <transition id="id11" name="swap" portdir="None">
      <conditionalExp exp="if (i&gt;j) {ii=j;jj=i;kk=k*0;} else {ii=i;jj=j;kk=k;}" />
      <location x="534" y="318" />
      <size width="50" height="20" />
    </transition>
    <transition id="id12" name="swap" portdir="None">
      <conditionalExp exp="if (i&gt;j) {ii=j;jj=i;kk=k*0;} else {ii=i;jj=j;kk=k;}" />
      <location x="278" y="112" />
      <size width="50" height="20" />
    </transition>
    <transition id="id13" name="swap" portdir="None">
      <conditionalExp exp="if (i&gt;j) {ii=j;jj=i;kk=k*0;} else {ii=i;jj=j;kk=k;}" />
      <location x="442" y="112" />
      <size width="50" height="20" />
    </transition>
    <transition id="id14" name="swap" portdir="None">
      <conditionalExp exp="if (i&gt;j) {ii=j;jj=i;kk=k*0;} else {ii=i;jj=j;kk=k;}" />
      <location x="613" y="113" />
      <size width="50" height="20" />
    </transition>
    <transition id="id23" name="done" portdir="None">
      <conditionalExp exp="if (k==0) {kk=1;}" />
      <location x="468" y="454" />
      <size width="50" height="20" />
    </transition>
    <arc id="id24" source="id0" target="id8" delay="0" weight="1" variableLabel="i">
      <points>
        <probability1 average1="0" variance1="1" freedom1="2" lambda1="1" rate1="100" probdist1="none" />
        <probability2 average2="0" variance2="1" freedom2="2" lambda2="1" rate2="0" probdist2="none" />
        <probability3 average3="0" variance3="1" freedom3="2" lambda3="1" rate3="0" probdist3="none" />
        <probability4 average4="0" variance4="1" freedom4="2" lambda4="1" rate4="0" probdist4="none" />
        <probability5 average5="0" variance5="1" freedom5="2" lambda5="1" rate5="0" probdist5="none" />
        <point x="163" y="240" />
        <point x="170" y="311" />
      </points>
    </arc>
    <arc id="id25" source="id1" target="id8" delay="0" weight="1" variableLabel="j">
      <points>
        <probability1 average1="0" variance1="1" freedom1="2" lambda1="1" rate1="100" probdist1="none" />
        <probability2 average2="0" variance2="1" freedom2="2" lambda2="1" rate2="0" probdist2="none" />
        <probability3 average3="0" variance3="1" freedom3="2" lambda3="1" rate3="0" probdist3="none" />
        <probability4 average4="0" variance4="1" freedom4="2" lambda4="1" rate4="0" probdist4="none" />
        <probability5 average5="0" variance5="1" freedom5="2" lambda5="1" rate5="0" probdist5="none" />
        <point x="226" y="238" />
        <point x="220" y="311" />
      </points>
    </arc>
    <arc id="id26" source="id8" target="id0" delay="0" weight="1" variableLabel="ii">
      <points>
        <probability1 average1="0" variance1="1" freedom1="2" lambda1="1" rate1="100" probdist1="none" />
        <probability2 average2="0" variance2="1" freedom2="2" lambda2="1" rate2="0" probdist2="none" />
        <probability3 average3="0" variance3="1" freedom3="2" lambda3="1" rate3="0" probdist3="none" />
        <probability4 average4="0" variance4="1" freedom4="2" lambda4="1" rate4="0" probdist4="none" />
        <probability5 average5="0" variance5="1" freedom5="2" lambda5="1" rate5="0" probdist5="none" />
        <point x="170" y="311" />
        <point x="123" y="300" />
        <point x="157" y="241" />
      </points>
    </arc>
    <arc id="id27" source="id8" target="id1" delay="0" weight="1" variableLabel="jj">
      <points>
        <probability1 average1="0" variance1="1" freedom1="2" lambda1="1" rate1="100" probdist1="none" />
        <probability2 average2="0" variance2="1" freedom2="2" lambda2="1" rate2="0" probdist2="none" />
        <probability3 average3="0" variance3="1" freedom3="2" lambda3="1" rate3="0" probdist3="none" />
        <probability4 average4="0" variance4="1" freedom4="2" lambda4="1" rate4="0" probdist4="none" />
        <probability5 average5="0" variance5="1" freedom5="2" lambda5="1" rate5="0" probdist5="none" />
        <point x="220" y="311" />
        <point x="229" y="300" />
        <point x="232" y="239" />
      </points>
    </arc>
    <arc id="id28" source="id2" target="id9" delay="0" weight="1" variableLabel="i">
      <points>
        <probability1 average1="0" variance1="1" freedom1="2" lambda1="1" rate1="100" probdist1="none" />
        <probability2 average2="0" variance2="1" freedom2="2" lambda2="1" rate2="0" probdist2="none" />
        <probability3 average3="0" variance3="1" freedom3="2" lambda3="1" rate3="0" probdist3="none" />
        <probability4 average4="0" variance4="1" freedom4="2" lambda4="1" rate4="0" probdist4="none" />
        <probability5 average5="0" variance5="1" freedom5="2" lambda5="1" rate5="0" probdist5="none" />
        <point x="331" y="237" />
        <point x="339" y="308" />
      </points>
    </arc>
    <arc id="id29" source="id3" target="id9" delay="0" weight="1" variableLabel="j">
      <points>
        <probability1 average1="0" variance1="1" freedom1="2" lambda1="1" rate1="100" probdist1="none" />
        <probability2 average2="0" variance2="1" freedom2="2" lambda2="1" rate2="0" probdist2="none" />
        <probability3 average3="0" variance3="1" freedom3="2" lambda3="1" rate3="0" probdist3="none" />
        <probability4 average4="0" variance4="1" freedom4="2" lambda4="1" rate4="0" probdist4="none" />
        <probability5 average5="0" variance5="1" freedom5="2" lambda5="1" rate5="0" probdist5="none" />
        <point x="394" y="235" />
        <point x="389" y="308" />
      </points>
    </arc>
    <arc id="id30" source="id9" target="id2" delay="0" weight="1" variableLabel="ii">
      <points>
        <probability1 average1="0" variance1="1" freedom1="2" lambda1="1" rate1="100" probdist1="none" />
        <probability2 average2="0" variance2="1" freedom2="2" lambda2="1" rate2="0" probdist2="none" />
        <probability3 average3="0" variance3="1" freedom3="2" lambda3="1" rate3="0" probdist3="none" />
        <probability4 average4="0" variance4="1" freedom4="2" lambda4="1" rate4="0" probdist4="none" />
        <probability5 average5="0" variance5="1" freedom5="2" lambda5="1" rate5="0" probdist5="none" />
        <point x="339" y="308" />
        <point x="293" y="296" />
        <point x="325" y="238" />
      </points>
    </arc>
    <arc id="id31" source="id9" target="id3" delay="0" weight="1" variableLabel="jj">
      <points>
        <probability1 average1="0" variance1="1" freedom1="2" lambda1="1" rate1="100" probdist1="none" />
        <probability2 average2="0" variance2="1" freedom2="2" lambda2="1" rate2="0" probdist2="none" />
        <probability3 average3="0" variance3="1" freedom3="2" lambda3="1" rate3="0" probdist3="none" />
        <probability4 average4="0" variance4="1" freedom4="2" lambda4="1" rate4="0" probdist4="none" />
        <probability5 average5="0" variance5="1" freedom5="2" lambda5="1" rate5="0" probdist5="none" />
        <point x="389" y="308" />
        <point x="402" y="297" />
        <point x="400" y="236" />
      </points>
    </arc>
    <arc id="id32" source="id7" target="id10" delay="0" weight="1" variableLabel="i">
      <points>
        <probability1 average1="0" variance1="1" freedom1="2" lambda1="1" rate1="100" probdist1="none" />
        <probability2 average2="0" variance2="1" freedom2="2" lambda2="1" rate2="0" probdist2="none" />
        <probability3 average3="0" variance3="1" freedom3="2" lambda3="1" rate3="0" probdist3="none" />
        <probability4 average4="0" variance4="1" freedom4="2" lambda4="1" rate4="0" probdist4="none" />
        <probability5 average5="0" variance5="1" freedom5="2" lambda5="1" rate5="0" probdist5="none" />
        <point x="669" y="234" />
        <point x="676" y="305" />
      </points>
    </arc>
    <arc id="id33" source="id4" target="id11" delay="0" weight="1" variableLabel="i">
      <points>
        <probability1 average1="0" variance1="1" freedom1="2" lambda1="1" rate1="100" probdist1="none" />
        <probability2 average2="0" variance2="1" freedom2="2" lambda2="1" rate2="0" probdist2="none" />
        <probability3 average3="0" variance3="1" freedom3="2" lambda3="1" rate3="0" probdist3="none" />
        <probability4 average4="0" variance4="1" freedom4="2" lambda4="1" rate4="0" probdist4="none" />
        <probability5 average5="0" variance5="1" freedom5="2" lambda5="1" rate5="0" probdist5="none" />
        <point x="502" y="237" />
        <point x="509" y="308" />
      </points>
    </arc>
    <arc id="id34" source="id5" target="id11" delay="0" weight="1" variableLabel="j">
      <points>
        <probability1 average1="0" variance1="1" freedom1="2" lambda1="1" rate1="100" probdist1="none" />
        <probability2 average2="0" variance2="1" freedom2="2" lambda2="1" rate2="0" probdist2="none" />
        <probability3 average3="0" variance3="1" freedom3="2" lambda3="1" rate3="0" probdist3="none" />
        <probability4 average4="0" variance4="1" freedom4="2" lambda4="1" rate4="0" probdist4="none" />
        <probability5 average5="0" variance5="1" freedom5="2" lambda5="1" rate5="0" probdist5="none" />
        <point x="565" y="235" />
        <point x="559" y="308" />
      </points>
    </arc>
    <arc id="id35" source="id6" target="id10" delay="0" weight="1" variableLabel="j">
      <points>
        <probability1 average1="0" variance1="1" freedom1="2" lambda1="1" rate1="100" probdist1="none" />
        <probability2 average2="0" variance2="1" freedom2="2" lambda2="1" rate2="0" probdist2="none" />
        <probability3 average3="0" variance3="1" freedom3="2" lambda3="1" rate3="0" probdist3="none" />
        <probability4 average4="0" variance4="1" freedom4="2" lambda4="1" rate4="0" probdist4="none" />
        <probability5 average5="0" variance5="1" freedom5="2" lambda5="1" rate5="0" probdist5="none" />
        <point x="732" y="232" />
        <point x="726" y="305" />
      </points>
    </arc>
    <arc id="id36" source="id11" target="id4" delay="0" weight="1" variableLabel="ii">
      <points>
        <probability1 average1="0" variance1="1" freedom1="2" lambda1="1" rate1="100" probdist1="none" />
        <probability2 average2="0" variance2="1" freedom2="2" lambda2="1" rate2="0" probdist2="none" />
        <probability3 average3="0" variance3="1" freedom3="2" lambda3="1" rate3="0" probdist3="none" />
        <probability4 average4="0" variance4="1" freedom4="2" lambda4="1" rate4="0" probdist4="none" />
        <probability5 average5="0" variance5="1" freedom5="2" lambda5="1" rate5="0" probdist5="none" />
        <point x="509" y="308" />
        <point x="463" y="298" />
        <point x="496" y="238" />
      </points>
    </arc>
    <arc id="id37" source="id11" target="id5" delay="0" weight="1" variableLabel="jj">
      <points>
        <probability1 average1="0" variance1="1" freedom1="2" lambda1="1" rate1="100" probdist1="none" />
        <probability2 average2="0" variance2="1" freedom2="2" lambda2="1" rate2="0" probdist2="none" />
        <probability3 average3="0" variance3="1" freedom3="2" lambda3="1" rate3="0" probdist3="none" />
        <probability4 average4="0" variance4="1" freedom4="2" lambda4="1" rate4="0" probdist4="none" />
        <probability5 average5="0" variance5="1" freedom5="2" lambda5="1" rate5="0" probdist5="none" />
        <point x="559" y="308" />
        <point x="577" y="298" />
        <point x="571" y="236" />
      </points>
    </arc>
    <arc id="id38" source="id10" target="id7" delay="0" weight="1" variableLabel="ii">
      <points>
        <probability1 average1="0" variance1="1" freedom1="2" lambda1="1" rate1="100" probdist1="none" />
        <probability2 average2="0" variance2="1" freedom2="2" lambda2="1" rate2="0" probdist2="none" />
        <probability3 average3="0" variance3="1" freedom3="2" lambda3="1" rate3="0" probdist3="none" />
        <probability4 average4="0" variance4="1" freedom4="2" lambda4="1" rate4="0" probdist4="none" />
        <probability5 average5="0" variance5="1" freedom5="2" lambda5="1" rate5="0" probdist5="none" />
        <point x="676" y="305" />
        <point x="629" y="293" />
        <point x="663" y="235" />
      </points>
    </arc>
    <arc id="id39" source="id10" target="id6" delay="0" weight="1" variableLabel="jj">
      <points>
        <probability1 average1="0" variance1="1" freedom1="2" lambda1="1" rate1="100" probdist1="none" />
        <probability2 average2="0" variance2="1" freedom2="2" lambda2="1" rate2="0" probdist2="none" />
        <probability3 average3="0" variance3="1" freedom3="2" lambda3="1" rate3="0" probdist3="none" />
        <probability4 average4="0" variance4="1" freedom4="2" lambda4="1" rate4="0" probdist4="none" />
        <probability5 average5="0" variance5="1" freedom5="2" lambda5="1" rate5="0" probdist5="none" />
        <point x="726" y="305" />
        <point x="744" y="292" />
        <point x="738" y="233" />
      </points>
    </arc>
    <arc id="id40" source="id1" target="id12" delay="0" weight="1" variableLabel="i">
      <points>
        <probability1 average1="0" variance1="1" freedom1="2" lambda1="1" rate1="100" probdist1="none" />
        <probability2 average2="0" variance2="1" freedom2="2" lambda2="1" rate2="0" probdist2="none" />
        <probability3 average3="0" variance3="1" freedom3="2" lambda3="1" rate3="0" probdist3="none" />
        <probability4 average4="0" variance4="1" freedom4="2" lambda4="1" rate4="0" probdist4="none" />
        <probability5 average5="0" variance5="1" freedom5="2" lambda5="1" rate5="0" probdist5="none" />
        <point x="248" y="211" />
        <point x="253" y="122" />
      </points>
    </arc>
    <arc id="id41" source="id2" target="id12" delay="0" weight="1" variableLabel="j">
      <points>
        <probability1 average1="0" variance1="1" freedom1="2" lambda1="1" rate1="100" probdist1="none" />
        <probability2 average2="0" variance2="1" freedom2="2" lambda2="1" rate2="0" probdist2="none" />
        <probability3 average3="0" variance3="1" freedom3="2" lambda3="1" rate3="0" probdist3="none" />
        <probability4 average4="0" variance4="1" freedom4="2" lambda4="1" rate4="0" probdist4="none" />
        <probability5 average5="0" variance5="1" freedom5="2" lambda5="1" rate5="0" probdist5="none" />
        <point x="308" y="210" />
        <point x="303" y="122" />
      </points>
    </arc>
    <arc id="id42" source="id12" target="id1" delay="0" weight="1" variableLabel="ii">
      <points>
        <probability1 average1="0" variance1="1" freedom1="2" lambda1="1" rate1="100" probdist1="none" />
        <probability2 average2="0" variance2="1" freedom2="2" lambda2="1" rate2="0" probdist2="none" />
        <probability3 average3="0" variance3="1" freedom3="2" lambda3="1" rate3="0" probdist3="none" />
        <probability4 average4="0" variance4="1" freedom4="2" lambda4="1" rate4="0" probdist4="none" />
        <probability5 average5="0" variance5="1" freedom5="2" lambda5="1" rate5="0" probdist5="none" />
        <point x="253" y="105" />
        <point x="210" y="105" />
        <point x="241" y="211" />
      </points>
    </arc>
    <arc id="id43" source="id12" target="id2" delay="0" weight="1" variableLabel="jj">
      <points>
        <probability1 average1="0" variance1="1" freedom1="2" lambda1="1" rate1="100" probdist1="none" />
        <probability2 average2="0" variance2="1" freedom2="2" lambda2="1" rate2="0" probdist2="none" />
        <probability3 average3="0" variance3="1" freedom3="2" lambda3="1" rate3="0" probdist3="none" />
        <probability4 average4="0" variance4="1" freedom4="2" lambda4="1" rate4="0" probdist4="none" />
        <probability5 average5="0" variance5="1" freedom5="2" lambda5="1" rate5="0" probdist5="none" />
        <point x="303" y="105" />
        <point x="311" y="105" />
        <point x="315" y="210" />
      </points>
    </arc>
    <arc id="id44" source="id3" target="id13" delay="0" weight="1" variableLabel="i">
      <points>
        <probability1 average1="0" variance1="1" freedom1="2" lambda1="1" rate1="100" probdist1="none" />
        <probability2 average2="0" variance2="1" freedom2="2" lambda2="1" rate2="0" probdist2="none" />
        <probability3 average3="0" variance3="1" freedom3="2" lambda3="1" rate3="0" probdist3="none" />
        <probability4 average4="0" variance4="1" freedom4="2" lambda4="1" rate4="0" probdist4="none" />
        <probability5 average5="0" variance5="1" freedom5="2" lambda5="1" rate5="0" probdist5="none" />
        <point x="414" y="208" />
        <point x="417" y="122" />
      </points>
    </arc>
    <arc id="id45" source="id4" target="id13" delay="0" weight="1" variableLabel="j">
      <points>
        <probability1 average1="0" variance1="1" freedom1="2" lambda1="1" rate1="100" probdist1="none" />
        <probability2 average2="0" variance2="1" freedom2="2" lambda2="1" rate2="0" probdist2="none" />
        <probability3 average3="0" variance3="1" freedom3="2" lambda3="1" rate3="0" probdist3="none" />
        <probability4 average4="0" variance4="1" freedom4="2" lambda4="1" rate4="0" probdist4="none" />
        <probability5 average5="0" variance5="1" freedom5="2" lambda5="1" rate5="0" probdist5="none" />
        <point x="479" y="211" />
        <point x="467" y="122" />
      </points>
    </arc>
    <arc id="id46" source="id5" target="id14" delay="0" weight="1" variableLabel="i">
      <points>
        <probability1 average1="0" variance1="1" freedom1="2" lambda1="1" rate1="100" probdist1="none" />
        <probability2 average2="0" variance2="1" freedom2="2" lambda2="1" rate2="0" probdist2="none" />
        <probability3 average3="0" variance3="1" freedom3="2" lambda3="1" rate3="0" probdist3="none" />
        <probability4 average4="0" variance4="1" freedom4="2" lambda4="1" rate4="0" probdist4="none" />
        <probability5 average5="0" variance5="1" freedom5="2" lambda5="1" rate5="0" probdist5="none" />
        <point x="586" y="208" />
        <point x="588" y="123" />
      </points>
    </arc>
    <arc id="id47" source="id7" target="id14" delay="0" weight="1" variableLabel="j">
      <points>
        <probability1 average1="0" variance1="1" freedom1="2" lambda1="1" rate1="100" probdist1="none" />
        <probability2 average2="0" variance2="1" freedom2="2" lambda2="1" rate2="0" probdist2="none" />
        <probability3 average3="0" variance3="1" freedom3="2" lambda3="1" rate3="0" probdist3="none" />
        <probability4 average4="0" variance4="1" freedom4="2" lambda4="1" rate4="0" probdist4="none" />
        <probability5 average5="0" variance5="1" freedom5="2" lambda5="1" rate5="0" probdist5="none" />
        <point x="646" y="208" />
        <point x="638" y="123" />
      </points>
    </arc>
    <arc id="id48" source="id13" target="id3" delay="0" weight="1" variableLabel="ii">
      <points>
        <probability1 average1="0" variance1="1" freedom1="2" lambda1="1" rate1="100" probdist1="none" />
        <probability2 average2="0" variance2="1" freedom2="2" lambda2="1" rate2="0" probdist2="none" />
        <probability3 average3="0" variance3="1" freedom3="2" lambda3="1" rate3="0" probdist3="none" />
        <probability4 average4="0" variance4="1" freedom4="2" lambda4="1" rate4="0" probdist4="none" />
        <probability5 average5="0" variance5="1" freedom5="2" lambda5="1" rate5="0" probdist5="none" />
        <point x="417" y="102" />
        <point x="373" y="97" />
        <point x="407" y="208" />
      </points>
    </arc>
    <arc id="id49" source="id13" target="id4" delay="0" weight="1" variableLabel="jj">
      <points>
        <probability1 average1="0" variance1="1" freedom1="2" lambda1="1" rate1="100" probdist1="none" />
        <probability2 average2="0" variance2="1" freedom2="2" lambda2="1" rate2="0" probdist2="none" />
        <probability3 average3="0" variance3="1" freedom3="2" lambda3="1" rate3="0" probdist3="none" />
        <probability4 average4="0" variance4="1" freedom4="2" lambda4="1" rate4="0" probdist4="none" />
        <probability5 average5="0" variance5="1" freedom5="2" lambda5="1" rate5="0" probdist5="none" />
        <point x="467" y="102" />
        <point x="479" y="97" />
        <point x="485" y="210" />
      </points>
    </arc>
    <arc id="id50" source="id14" target="id5" delay="0" weight="1" variableLabel="ii">
      <points>
        <probability1 average1="0" variance1="1" freedom1="2" lambda1="1" rate1="100" probdist1="none" />
        <probability2 average2="0" variance2="1" freedom2="2" lambda2="1" rate2="0" probdist2="none" />
        <probability3 average3="0" variance3="1" freedom3="2" lambda3="1" rate3="0" probdist3="none" />
        <probability4 average4="0" variance4="1" freedom4="2" lambda4="1" rate4="0" probdist4="none" />
        <probability5 average5="0" variance5="1" freedom5="2" lambda5="1" rate5="0" probdist5="none" />
        <point x="588" y="103" />
        <point x="544" y="99" />
        <point x="579" y="208" />
      </points>
    </arc>
    <arc id="id51" source="id14" target="id7" delay="0" weight="1" variableLabel="jj">
      <points>
        <probability1 average1="0" variance1="1" freedom1="2" lambda1="1" rate1="100" probdist1="none" />
        <probability2 average2="0" variance2="1" freedom2="2" lambda2="1" rate2="0" probdist2="none" />
        <probability3 average3="0" variance3="1" freedom3="2" lambda3="1" rate3="0" probdist3="none" />
        <probability4 average4="0" variance4="1" freedom4="2" lambda4="1" rate4="0" probdist4="none" />
        <probability5 average5="0" variance5="1" freedom5="2" lambda5="1" rate5="0" probdist5="none" />
        <point x="638" y="103" />
        <point x="643" y="97" />
        <point x="653" y="207" />
      </points>
    </arc>
    <arc id="id65" source="id15" target="id8" delay="0" weight="1" variableLabel="k">
      <points>
        <probability1 average1="0" variance1="1" freedom1="2" lambda1="1" rate1="100" probdist1="none" />
        <probability2 average2="0" variance2="1" freedom2="2" lambda2="1" rate2="0" probdist2="none" />
        <probability3 average3="0" variance3="1" freedom3="2" lambda3="1" rate3="0" probdist3="none" />
        <probability4 average4="0" variance4="1" freedom4="2" lambda4="1" rate4="0" probdist4="none" />
        <probability5 average5="0" variance5="1" freedom5="2" lambda5="1" rate5="0" probdist5="none" />
        <point x="168" y="367" />
        <point x="170" y="331" />
      </points>
    </arc>
    <arc id="id67" source="id23" target="id15" delay="0" weight="1" variableLabel="kk">
      <points>
        <probability1 average1="0" variance1="1" freedom1="2" lambda1="1" rate1="100" probdist1="none" />
        <probability2 average2="0" variance2="1" freedom2="2" lambda2="1" rate2="0" probdist2="none" />
        <probability3 average3="0" variance3="1" freedom3="2" lambda3="1" rate3="0" probdist3="none" />
        <probability4 average4="0" variance4="1" freedom4="2" lambda4="1" rate4="0" probdist4="none" />
        <probability5 average5="0" variance5="1" freedom5="2" lambda5="1" rate5="0" probdist5="none" />
        <point x="443" y="444" />
        <point x="179" y="381" />
      </points>
    </arc>
    <arc id="id52" source="id8" target="id16" delay="0" weight="1" variableLabel="kk">
      <points>
        <probability1 average1="0" variance1="1" freedom1="2" lambda1="1" rate1="100" probdist1="none" />
        <probability2 average2="0" variance2="1" freedom2="2" lambda2="1" rate2="0" probdist2="none" />
        <probability3 average3="0" variance3="1" freedom3="2" lambda3="1" rate3="0" probdist3="none" />
        <probability4 average4="0" variance4="1" freedom4="2" lambda4="1" rate4="0" probdist4="none" />
        <probability5 average5="0" variance5="1" freedom5="2" lambda5="1" rate5="0" probdist5="none" />
        <point x="220" y="331" />
        <point x="229" y="363" />
      </points>
    </arc>
    <arc id="id53" source="id16" target="id12" delay="0" weight="1" variableLabel="k">
      <points>
        <probability1 average1="0" variance1="1" freedom1="2" lambda1="1" rate1="100" probdist1="none" />
        <probability2 average2="0" variance2="1" freedom2="2" lambda2="1" rate2="0" probdist2="none" />
        <probability3 average3="0" variance3="1" freedom3="2" lambda3="1" rate3="0" probdist3="none" />
        <probability4 average4="0" variance4="1" freedom4="2" lambda4="1" rate4="0" probdist4="none" />
        <probability5 average5="0" variance5="1" freedom5="2" lambda5="1" rate5="0" probdist5="none" />
        <point x="245" y="362" />
        <point x="253" y="122" />
      </points>
    </arc>
    <arc id="id54" source="id12" target="id17" delay="0" weight="1" variableLabel="kk">
      <points>
        <probability1 average1="0" variance1="1" freedom1="2" lambda1="1" rate1="100" probdist1="none" />
        <probability2 average2="0" variance2="1" freedom2="2" lambda2="1" rate2="0" probdist2="none" />
        <probability3 average3="0" variance3="1" freedom3="2" lambda3="1" rate3="0" probdist3="none" />
        <probability4 average4="0" variance4="1" freedom4="2" lambda4="1" rate4="0" probdist4="none" />
        <probability5 average5="0" variance5="1" freedom5="2" lambda5="1" rate5="0" probdist5="none" />
        <point x="303" y="122" />
        <point x="320" y="359" />
      </points>
    </arc>
    <arc id="id55" source="id17" target="id9" delay="0" weight="1" variableLabel="k">
      <points>
        <probability1 average1="0" variance1="1" freedom1="2" lambda1="1" rate1="100" probdist1="none" />
        <probability2 average2="0" variance2="1" freedom2="2" lambda2="1" rate2="0" probdist2="none" />
        <probability3 average3="0" variance3="1" freedom3="2" lambda3="1" rate3="0" probdist3="none" />
        <probability4 average4="0" variance4="1" freedom4="2" lambda4="1" rate4="0" probdist4="none" />
        <probability5 average5="0" variance5="1" freedom5="2" lambda5="1" rate5="0" probdist5="none" />
        <point x="340" y="362" />
        <point x="340" y="328" />
      </points>
    </arc>
    <arc id="id56" source="id9" target="id18" delay="0" weight="1" variableLabel="kk">
      <points>
        <probability1 average1="0" variance1="1" freedom1="2" lambda1="1" rate1="100" probdist1="none" />
        <probability2 average2="0" variance2="1" freedom2="2" lambda2="1" rate2="0" probdist2="none" />
        <probability3 average3="0" variance3="1" freedom3="2" lambda3="1" rate3="0" probdist3="none" />
        <probability4 average4="0" variance4="1" freedom4="2" lambda4="1" rate4="0" probdist4="none" />
        <probability5 average5="0" variance5="1" freedom5="2" lambda5="1" rate5="0" probdist5="none" />
        <point x="389" y="328" />
        <point x="397" y="359" />
      </points>
    </arc>
    <arc id="id57" source="id18" target="id13" delay="0" weight="1" variableLabel="k">
      <points>
        <probability1 average1="0" variance1="1" freedom1="2" lambda1="1" rate1="100" probdist1="none" />
        <probability2 average2="0" variance2="1" freedom2="2" lambda2="1" rate2="0" probdist2="none" />
        <probability3 average3="0" variance3="1" freedom3="2" lambda3="1" rate3="0" probdist3="none" />
        <probability4 average4="0" variance4="1" freedom4="2" lambda4="1" rate4="0" probdist4="none" />
        <probability5 average5="0" variance5="1" freedom5="2" lambda5="1" rate5="0" probdist5="none" />
        <point x="412" y="358" />
        <point x="417" y="122" />
      </points>
    </arc>
    <arc id="id58" source="id13" target="id19" delay="0" weight="1" variableLabel="kk">
      <points>
        <probability1 average1="0" variance1="1" freedom1="2" lambda1="1" rate1="100" probdist1="none" />
        <probability2 average2="0" variance2="1" freedom2="2" lambda2="1" rate2="0" probdist2="none" />
        <probability3 average3="0" variance3="1" freedom3="2" lambda3="1" rate3="0" probdist3="none" />
        <probability4 average4="0" variance4="1" freedom4="2" lambda4="1" rate4="0" probdist4="none" />
        <probability5 average5="0" variance5="1" freedom5="2" lambda5="1" rate5="0" probdist5="none" />
        <point x="467" y="122" />
        <point x="492" y="357" />
      </points>
    </arc>
    <arc id="id59" source="id19" target="id11" delay="0" weight="1" variableLabel="k">
      <points>
        <probability1 average1="0" variance1="1" freedom1="2" lambda1="1" rate1="100" probdist1="none" />
        <probability2 average2="0" variance2="1" freedom2="2" lambda2="1" rate2="0" probdist2="none" />
        <probability3 average3="0" variance3="1" freedom3="2" lambda3="1" rate3="0" probdist3="none" />
        <probability4 average4="0" variance4="1" freedom4="2" lambda4="1" rate4="0" probdist4="none" />
        <probability5 average5="0" variance5="1" freedom5="2" lambda5="1" rate5="0" probdist5="none" />
        <point x="512" y="359" />
        <point x="512" y="328" />
      </points>
    </arc>
    <arc id="id60" source="id11" target="id20" delay="0" weight="1" variableLabel="kk">
      <points>
        <probability1 average1="0" variance1="1" freedom1="2" lambda1="1" rate1="100" probdist1="none" />
        <probability2 average2="0" variance2="1" freedom2="2" lambda2="1" rate2="0" probdist2="none" />
        <probability3 average3="0" variance3="1" freedom3="2" lambda3="1" rate3="0" probdist3="none" />
        <probability4 average4="0" variance4="1" freedom4="2" lambda4="1" rate4="0" probdist4="none" />
        <probability5 average5="0" variance5="1" freedom5="2" lambda5="1" rate5="0" probdist5="none" />
        <point x="559" y="328" />
        <point x="570" y="358" />
      </points>
    </arc>
    <arc id="id61" source="id20" target="id14" delay="0" weight="1" variableLabel="k">
      <points>
        <probability1 average1="0" variance1="1" freedom1="2" lambda1="1" rate1="100" probdist1="none" />
        <probability2 average2="0" variance2="1" freedom2="2" lambda2="1" rate2="0" probdist2="none" />
        <probability3 average3="0" variance3="1" freedom3="2" lambda3="1" rate3="0" probdist3="none" />
        <probability4 average4="0" variance4="1" freedom4="2" lambda4="1" rate4="0" probdist4="none" />
        <probability5 average5="0" variance5="1" freedom5="2" lambda5="1" rate5="0" probdist5="none" />
        <point x="588" y="356" />
        <point x="588" y="123" />
      </points>
    </arc>
    <arc id="id62" source="id14" target="id21" delay="0" weight="1" variableLabel="kk">
      <points>
        <probability1 average1="0" variance1="1" freedom1="2" lambda1="1" rate1="100" probdist1="none" />
        <probability2 average2="0" variance2="1" freedom2="2" lambda2="1" rate2="0" probdist2="none" />
        <probability3 average3="0" variance3="1" freedom3="2" lambda3="1" rate3="0" probdist3="none" />
        <probability4 average4="0" variance4="1" freedom4="2" lambda4="1" rate4="0" probdist4="none" />
        <probability5 average5="0" variance5="1" freedom5="2" lambda5="1" rate5="0" probdist5="none" />
        <point x="638" y="123" />
        <point x="666" y="353" />
      </points>
    </arc>
    <arc id="id63" source="id21" target="id10" delay="0" weight="1" variableLabel="k">
      <points>
        <probability1 average1="0" variance1="1" freedom1="2" lambda1="1" rate1="100" probdist1="none" />
        <probability2 average2="0" variance2="1" freedom2="2" lambda2="1" rate2="0" probdist2="none" />
        <probability3 average3="0" variance3="1" freedom3="2" lambda3="1" rate3="0" probdist3="none" />
        <probability4 average4="0" variance4="1" freedom4="2" lambda4="1" rate4="0" probdist4="none" />
        <probability5 average5="0" variance5="1" freedom5="2" lambda5="1" rate5="0" probdist5="none" />
        <point x="684" y="355" />
        <point x="684" y="325" />
      </points>
    </arc>
    <arc id="id64" source="id10" target="id22" delay="0" weight="1" variableLabel="kk">
      <points>
        <probability1 average1="0" variance1="1" freedom1="2" lambda1="1" rate1="100" probdist1="none" />
        <probability2 average2="0" variance2="1" freedom2="2" lambda2="1" rate2="0" probdist2="none" />
        <probability3 average3="0" variance3="1" freedom3="2" lambda3="1" rate3="0" probdist3="none" />
        <probability4 average4="0" variance4="1" freedom4="2" lambda4="1" rate4="0" probdist4="none" />
        <probability5 average5="0" variance5="1" freedom5="2" lambda5="1" rate5="0" probdist5="none" />
        <point x="726" y="325" />
        <point x="736" y="353" />
      </points>
    </arc>
    <arc id="id66" source="id22" target="id23" delay="0" weight="1" variableLabel="k">
      <points>
        <probability1 average1="0" variance1="1" freedom1="2" lambda1="1" rate1="100" probdist1="none" />
        <probability2 average2="0" variance2="1" freedom2="2" lambda2="1" rate2="0" probdist2="none" />
        <probability3 average3="0" variance3="1" freedom3="2" lambda3="1" rate3="0" probdist3="none" />
        <probability4 average4="0" variance4="1" freedom4="2" lambda4="1" rate4="0" probdist4="none" />
        <probability5 average5="0" variance5="1" freedom5="2" lambda5="1" rate5="0" probdist5="none" />
        <point x="723" y="369" />
        <point x="493" y="444" />
      </points>
    </arc>
  </page>
</petrinet>