﻿<?xml version="1.0" encoding="utf-8"?>
<petrinet name="Untitled">
  <page id="page0" name="a">
    <place id="id0" name="p1" initialmarking="1" portdir="None" capacity="0">
      <location x="255" y="151" />
      <size width="50" height="30" />
    </place>
    <place id="id4" name="p2" initialmarking="1" portdir="None" capacity="0">
      <location x="362" y="153" />
      <size width="50" height="30" />
    </place>
    <transition id="id1" name="t1" portdir="None">
      <location x="138" y="298" />
      <size width="50" height="20" />
    </transition>
    <transition id="id2" name="t2" portdir="None">
      <location x="258" y="303" />
      <size width="50" height="20" />
    </transition>
    <transition id="id3" name="t3" portdir="None">
      <location x="365" y="303" />
      <size width="50" height="20" />
    </transition>
    <arc id="id5" source="id0" target="id1" delay="0" weight="1">
      <points>
        <point x="240" y="162" />
        <point x="163" y="288" />
      </points>
    </arc>
    <arc id="id6" source="id0" target="id2" delay="0" weight="1">
      <points>
        <point x="255" y="165" />
        <point x="255" y="293" />
      </points>
    </arc>
    <arc id="id7" source="id0" target="id3" delay="0" weight="1">
      <points>
        <point x="269" y="163" />
        <point x="340" y="293" />
      </points>
    </arc>
    <arc id="id8" source="id4" target="id3" delay="0" weight="1">
      <points>
        <point x="362" y="167" />
        <point x="362" y="293" />
      </points>
    </arc>
  </page>
  <page id="page1" name="b">
    <place id="id0" name="p1" initialmarking="1" portdir="None" capacity="0">
      <location x="215" y="170" />
      <size width="50" height="30" />
    </place>
    <place id="id1" name="p2" initialmarking="1" portdir="None" capacity="0">
      <location x="333" y="172" />
      <size width="50" height="30" />
    </place>
    <transition id="id2" name="t1" portdir="None">
      <location x="158" y="318" />
      <size width="50" height="20" />
    </transition>
    <transition id="id3" name="t2" portdir="None">
      <location x="278" y="323" />
      <size width="50" height="20" />
    </transition>
    <transition id="id4" name="t3" portdir="None">
      <location x="385" y="323" />
      <size width="50" height="20" />
    </transition>
    <arc id="id5" source="id0" target="id2" delay="0" weight="1">
      <points>
        <point x="207" y="183" />
        <point x="183" y="308" />
      </points>
    </arc>
    <arc id="id6" source="id0" target="id3" delay="0" weight="1">
      <points>
        <point x="224" y="183" />
        <point x="253" y="313" />
      </points>
    </arc>
    <arc id="id7" source="id1" target="id4" delay="0" weight="1">
      <points>
        <point x="341" y="186" />
        <point x="360" y="313" />
      </points>
    </arc>
    <arc id="id8" source="id1" target="id3" delay="0" weight="1">
      <points>
        <point x="325" y="186" />
        <point x="303" y="313" />
      </points>
    </arc>
  </page>
</petrinet>