﻿<?xml version="1.0" encoding="utf-8"?>
<petrinet name="Untitled">
  <page id="page0" name="page0">
    <place id="id0" name="p4" initialmarking="0" portdir="None" capacity="0">
      <location x="105" y="303" />
      <size width="50" height="30" />
    </place>
    <place id="id1" name="p1" initialmarking="1" portdir="None" capacity="0">
      <location x="278" y="121" />
      <size width="50" height="30" />
    </place>
    <place id="id2" name="p2" initialmarking="0" portdir="None" capacity="0">
      <location x="261" y="307" />
      <size width="50" height="30" />
    </place>
    <place id="id3" name="p3" initialmarking="0" portdir="None" capacity="0">
      <location x="397" y="307" />
      <size width="50" height="30" />
    </place>
    <transition id="id4" name="t1" portdir="None">
      <location x="178" y="224" />
      <size width="50" height="20" />
    </transition>
    <transition id="id5" name="t4" portdir="None">
      <location x="275" y="396" />
      <size width="50" height="20" />
    </transition>
    <transition id="id6" name="t2" portdir="None">
      <location x="336" y="223" />
      <size width="50" height="20" />
    </transition>
    <transition id="id7" name="t3" portdir="None">
      <location x="463" y="224" />
      <size width="50" height="20" />
    </transition>
    <arc id="id8" source="id1" target="id4" delay="0" weight="1">
      <points>
        <point x="261" y="131" />
        <point x="203" y="214" />
      </points>
    </arc>
    <arc id="id9" source="id4" target="id0" delay="0" weight="1">
      <points>
        <point x="153" y="234" />
        <point x="119" y="291" />
      </points>
    </arc>
    <arc id="id10" source="id4" target="id2" delay="0" weight="1">
      <points>
        <point x="203" y="234" />
        <point x="246" y="296" />
      </points>
    </arc>
    <arc id="id12" source="id6" target="id1" delay="0" weight="1">
      <points>
        <point x="311" y="213" />
        <point x="286" y="135" />
      </points>
    </arc>
    <arc id="id11" source="id2" target="id6" delay="0" weight="1">
      <points>
        <point x="277" y="296" />
        <point x="311" y="233" />
      </points>
    </arc>
    <arc id="id13" source="id3" target="id6" delay="0" weight="1">
      <points>
        <point x="383" y="295" />
        <point x="361" y="233" />
      </points>
    </arc>
    <arc id="id14" source="id3" target="id7" delay="0" weight="1">
      <points>
        <point x="412" y="296" />
        <point x="438" y="234" />
      </points>
    </arc>
    <arc id="id15" source="id7" target="id1" delay="0" weight="1">
      <points>
        <point x="438" y="214" />
        <point x="299" y="128" />
      </points>
    </arc>
    <arc id="id16" source="id0" target="id5" delay="0" weight="1">
      <points>
        <point x="126" y="310" />
        <point x="250" y="386" />
      </points>
    </arc>
    <arc id="id17" source="id5" target="id3" delay="0" weight="1">
      <points>
        <point x="300" y="386" />
        <point x="378" y="316" />
      </points>
    </arc>
  </page>
</petrinet>