﻿<?xml version="1.0" encoding="utf-8"?>
<petrinet name="Untitled">
  <page id="page0" name="page0">
    <place id="id0" name="p1" initialmarking="1" portdir="None" capacity="0">
      <location x="272" y="104" />
      <size width="50" height="30" />
    </place>
    <place id="id5" name="p2" initialmarking="1" portdir="None" capacity="0">
      <location x="106" y="309" />
      <size width="50" height="30" />
    </place>
    <place id="id6" name="p3" initialmarking="0" portdir="None" capacity="0">
      <location x="277" y="303" />
      <size width="50" height="30" />
    </place>
    <place id="id7" name="p4" initialmarking="0" portdir="None" capacity="0">
      <location x="439" y="329" />
      <size width="50" height="30" />
    </place>
    <transition id="id1" name="t1" portdir="None">
      <location x="166" y="213" />
      <size width="50" height="20" />
    </transition>
    <transition id="id2" name="t2" portdir="None">
      <location x="293" y="210" />
      <size width="50" height="20" />
    </transition>
    <transition id="id3" name="t3" portdir="None">
      <location x="447" y="221" />
      <size width="50" height="20" />
    </transition>
    <transition id="id4" name="t4" portdir="None">
      <location x="196" y="416" />
      <size width="50" height="20" />
    </transition>
    <arc id="id8" source="id5" target="id1" delay="0" weight="1">
      <points>
        <point x="119" y="297" />
        <point x="141" y="223" />
      </points>
    </arc>
    <arc id="id9" source="id1" target="id0" delay="0" weight="1">
      <points>
        <point x="191" y="203" />
        <point x="257" y="115" />
      </points>
    </arc>
    <arc id="id10" source="id0" target="id2" delay="0" weight="1">
      <points>
        <point x="276" y="118" />
        <point x="276" y="200" />
      </points>
    </arc>
    <arc id="id11" source="id0" target="id3" delay="0" weight="1">
      <points>
        <point x="292" y="112" />
        <point x="422" y="211" />
      </points>
    </arc>
    <arc id="id12" source="id3" target="id7" delay="0" weight="1">
      <points>
        <point x="439" y="231" />
        <point x="439" y="314" />
      </points>
    </arc>
    <arc id="id13" source="id2" target="id6" delay="0" weight="1">
      <points>
        <point x="277" y="220" />
        <point x="277" y="288" />
      </points>
    </arc>
    <arc id="id14" source="id1" target="id6" delay="0" weight="1">
      <points>
        <point x="191" y="223" />
        <point x="259" y="293" />
      </points>
    </arc>
    <arc id="id15" source="id6" target="id4" delay="0" weight="1">
      <points>
        <point x="263" y="315" />
        <point x="221" y="406" />
      </points>
    </arc>
    <arc id="id16" source="id4" target="id5" delay="0" weight="1">
      <points>
        <point x="171" y="406" />
        <point x="119" y="321" />
      </points>
    </arc>
    <arc id="id17" source="id7" target="id4" delay="0" weight="1">
      <points>
        <point x="416" y="334" />
        <point x="221" y="406" />
      </points>
    </arc>
  </page>
</petrinet>