﻿<?xml version="1.0" encoding="utf-8"?>
<petrinet name="Untitled">
  <page id="page0" name="page0">
    <place id="id1" name="p1" initialmarking="1" portdir="None" capacity="0">
      <location x="125" y="293" />
      <size width="50" height="30" />
    </place>
    <place id="id2" name="p2" initialmarking="1" portdir="None" capacity="0">
      <location x="224" y="288" />
      <size width="50" height="30" />
    </place>
    <place id="id3" name="p3" initialmarking="0" portdir="None" capacity="0">
      <location x="368" y="288" />
      <size width="50" height="30" />
    </place>
    <place id="id4" name="p4" initialmarking="0" portdir="None" capacity="0">
      <location x="468" y="287" />
      <size width="50" height="30" />
    </place>
    <transition id="id6" name="t1" portdir="None">
      <location x="299" y="129" />
      <size width="50" height="20" />
    </transition>
    <transition id="id7" name="t2" portdir="None">
      <location x="302" y="222" />
      <size width="50" height="20" />
    </transition>
    <transition id="id8" name="t3" portdir="None">
      <location x="303" y="412" />
      <size width="50" height="20" />
    </transition>
    <arc id="id0" source="id1" target="id7" delay="0" weight="1">
      <points>
        <point x="148" y="288" />
        <point x="277" y="232" />
      </points>
    </arc>
    <arc id="id5" source="id6" target="id1" delay="0" weight="1">
      <points>
        <point x="274" y="139" />
        <point x="142" y="283" />
      </points>
    </arc>
    <arc id="id9" source="id7" target="id4" delay="0" weight="1">
      <points>
        <point x="327" y="232" />
        <point x="445" y="282" />
      </points>
    </arc>
    <arc id="id10" source="id4" target="id6" delay="0" weight="1">
      <points>
        <point x="450" y="277" />
        <point x="324" y="139" />
      </points>
    </arc>
    <arc id="id11" source="id7" target="id2" delay="0" weight="1">
      <points>
        <point x="277" y="232" />
        <point x="241" y="278" />
      </points>
    </arc>
    <arc id="id12" source="id7" target="id3" delay="0" weight="1">
      <points>
        <point x="327" y="232" />
        <point x="354" y="276" />
      </points>
    </arc>
    <arc id="id13" source="id2" target="id8" delay="0" weight="1">
      <points>
        <point x="237" y="300" />
        <point x="278" y="402" />
      </points>
    </arc>
    <arc id="id14" source="id8" target="id3" delay="0" weight="1">
      <points>
        <point x="328" y="402" />
        <point x="360" y="302" />
      </points>
    </arc>
    <arc id="id15" source="id1" target="id8" delay="0" weight="1">
      <points>
        <point x="145" y="301" />
        <point x="278" y="402" />
      </points>
    </arc>
    <arc id="id16" source="id8" target="id4" delay="0" weight="1">
      <points>
        <point x="328" y="402" />
        <point x="449" y="296" />
      </points>
    </arc>
  </page>
</petrinet>