﻿<?xml version="1.0" encoding="utf-8"?>
<petrinet name="main">
  <page id="main.page0" name="C-element">
    <place id="id0" name="IN_A" portdir="None" specifiedType="BitArray">
      <initialMarking exp="1,0b0;" />
      <location x="115" y="81" />
      <size width="60" height="30" />
    </place>
    <place id="id1" name="IN_B" portdir="None" specifiedType="BitArray">
      <initialMarking exp="1,0b0;" />
      <location x="124" y="200" />
      <size width="60" height="30" />
    </place>
    <place id="id2" name="Y" portdir="None" specifiedType="BitArray">
      <initialMarking exp="1,0b1;" />
      <location x="414" y="133" />
      <size width="60" height="30" />
    </place>
    <transition id="id3" name="C-element" portdir="None">
      <conditionalExp exp="q= (a&amp;q) | (a&amp;b) | (b&amp;q);" />
      <location x="267" y="134" />
      <size width="60" height="20" />
    </transition>
    <arc id="id4" source="id0" target="id3" delay="0" weight="1" variableLabel="a">
      <points>
        <point x="143" y="85" />
        <point x="237" y="124" />
      </points>
    </arc>
    <arc id="id5" source="id1" target="id3" delay="0" weight="1" variableLabel="b">
      <points>
        <point x="151" y="194" />
        <point x="237" y="144" />
      </points>
    </arc>
    <arc id="id6" source="id3" target="id2" delay="100" weight="1" variableLabel="q">
      <points>
        <point x="297" y="133" />
        <point x="384" y="133" />
      </points>
    </arc>
    <arc id="id7" source="id2" target="id3" delay="0" weight="1" variableLabel="q">
      <points>
        <point x="385" y="133" />
        <point x="297" y="133" />
      </points>
    </arc>
  </page>
  <page id="main.page1" name="main.page1">
    <place id="id0" name="p" portdir="None" specifiedType="BitArray">
      <initialMarking exp="1,0b0;" />
      <location x="149" y="43" />
      <size width="60" height="30" />
    </place>
    <place id="id1" name="IN_A1" portdir="None" specifiedType="BitArray">
      <initialMarking exp="1,0b1;" />
      <location x="67" y="115" />
      <size width="60" height="30" />
    </place>
    <place id="id2" name="IN_B1" portdir="None" specifiedType="BitArray">
      <initialMarking exp="1,0b1;" />
      <location x="272" y="167" />
      <size width="60" height="30" />
    </place>
    <place id="id3" name="Q1" portdir="None" specifiedType="BitArray">
      <initialMarking exp="1,0b0;" />
      <location x="85" y="274" />
      <size width="60" height="30" />
    </place>
    <place id="id9" name="IN_A2" portdir="None" specifiedType="BitArray">
      <initialMarking exp="1,0b0;" />
      <location x="422" y="105" />
      <size width="60" height="30" />
    </place>
    <place id="id10" name="IN_B2" portdir="None" specifiedType="BitArray">
      <initialMarking exp="1,0b1;" />
      <location x="650" y="163" />
      <size width="60" height="30" />
    </place>
    <place id="id11" name="Q2" portdir="None" specifiedType="BitArray">
      <initialMarking exp="1,0b0;" />
      <location x="542" y="276" />
      <size width="60" height="30" />
    </place>
    <place id="id17" name="IN_A3" portdir="None" specifiedType="BitArray">
      <initialMarking exp="1,0b0;" />
      <location x="763" y="98" />
      <size width="60" height="30" />
    </place>
    <place id="id18" name="IN_B3" portdir="None" specifiedType="BitArray">
      <initialMarking exp="1,0b1;" />
      <location x="994" y="153" />
      <size width="60" height="30" />
    </place>
    <place id="id19" name="Q3" portdir="None" specifiedType="BitArray">
      <initialMarking exp="1,0b0;" />
      <location x="1000" y="275" />
      <size width="60" height="30" />
    </place>
    <place id="id36" name="IN_X" portdir="None" specifiedType="BitArray">
      <initialMarking exp="" />
      <location x="225" y="322" />
      <size width="60" height="30" />
    </place>
    <place id="id37" name="IN_Y" portdir="None" specifiedType="BitArray">
      <initialMarking exp="" />
      <location x="357" y="324" />
      <size width="60" height="30" />
    </place>
    <place id="id41" name="IN_X" portdir="None" specifiedType="BitArray">
      <initialMarking exp="" />
      <location x="720" y="322" />
      <size width="60" height="30" />
    </place>
    <place id="id42" name="IN_Y" portdir="None" specifiedType="BitArray">
      <initialMarking exp="" />
      <location x="852" y="324" />
      <size width="60" height="30" />
    </place>
    <place id="id50" name="CLK1" portdir="None" specifiedType="BitArray">
      <initialMarking exp="" />
      <location x="193" y="470" />
      <size width="60" height="30" />
    </place>
    <place id="id51" name="D1" portdir="None" specifiedType="BitArray">
      <initialMarking exp="1,0b1;" />
      <location x="188" y="526" />
      <size width="60" height="30" />
    </place>
    <place id="id52" name="keepD1" portdir="None" specifiedType="BitArray">
      <initialMarking exp="1,0b0;" />
      <location x="309" y="521" />
      <size width="60" height="30" />
    </place>
    <place id="id61" name="CLK2" portdir="None" specifiedType="BitArray">
      <initialMarking exp="" />
      <location x="622" y="479" />
      <size width="60" height="30" />
    </place>
    <place id="id62" name="D2" portdir="None" specifiedType="BitArray">
      <initialMarking exp="" />
      <location x="621" y="533" />
      <size width="60" height="30" />
    </place>
    <place id="id63" name="keepD2" portdir="None" specifiedType="BitArray">
      <initialMarking exp="1,0b0;" />
      <location x="739" y="531" />
      <size width="60" height="30" />
    </place>
    <place id="id75" name="Q2" portdir="None" specifiedType="BitArray">
      <initialMarking exp="" />
      <location x="973" y="521" />
      <size width="60" height="30" />
    </place>
    <place id="id77" name="p" portdir="None" specifiedType="BitArray">
      <initialMarking exp="1,0b0;" />
      <location x="47" y="441" />
      <size width="60" height="30" />
    </place>
    <transition id="id4" name="C-element1" portdir="None">
      <conditionalExp exp="q= (a&amp;q) | (a&amp;b) | (b&amp;q);" />
      <location x="183" y="133" />
      <size width="50" height="70" />
    </transition>
    <transition id="id12" name="C-element1" portdir="None">
      <conditionalExp exp="q= (a&amp;q) | (a&amp;b) | (b&amp;q); if(q==0b0) qb=0b1; else qb=0b0;" />
      <location x="541" y="130" />
      <size width="50" height="70" />
    </transition>
    <transition id="id20" name="C-element1" portdir="None">
      <conditionalExp exp="q= (a&amp;q) | (a&amp;b) | (b&amp;q); if(q==0b0) qb=0b1; else qb=0b0;" />
      <location x="874" y="127" />
      <size width="50" height="70" />
    </transition>
    <transition id="id31" name="t" portdir="None">
      <conditionalExp exp="if(y==0b1)y=0b0; else y=0b1;" />
      <location x="40" y="60" />
      <size width="50" height="20" />
    </transition>
    <transition id="id38" name="XOR1" portdir="None">
      <conditionalExp exp="x^=y;" />
      <location x="294" y="373" />
      <size width="50" height="50" />
    </transition>
    <transition id="id43" name="XOR2" portdir="None">
      <conditionalExp exp="x^=y;" />
      <location x="786" y="381" />
      <size width="50" height="50" />
    </transition>
    <transition id="id53" name="updateD" portdir="None">
      <conditionalExp exp="" />
      <location x="237" y="570" />
      <size width="50" height="20" />
    </transition>
    <transition id="id54" name="D-FF1" portdir="None">
      <conditionalExp exp="if(y==0b1)q=x;" />
      <location x="429" y="502" />
      <size width="50" height="70" />
    </transition>
    <transition id="id64" name="updateD" portdir="None">
      <conditionalExp exp="" />
      <location x="679" y="577" />
      <size width="50" height="20" />
    </transition>
    <transition id="id65" name="D-FF2" portdir="None">
      <conditionalExp exp="if(y==0b1)q=x;" />
      <location x="865" y="516" />
      <size width="50" height="70" />
    </transition>
    <transition id="id78" name="t" portdir="None">
      <conditionalExp exp="" />
      <location x="45" y="532" />
      <size width="50" height="20" />
    </transition>
    <arc id="id5" source="id1" target="id4" delay="0" weight="1" variableLabel="a">
      <points>
        <point x="0" y="0" />
        <point x="0" y="0" />
      </points>
    </arc>
    <arc id="id6" source="id2" target="id4" delay="0" weight="1" variableLabel="b">
      <points>
        <point x="0" y="0" />
        <point x="0" y="0" />
      </points>
    </arc>
    <arc id="id7" source="id4" target="id3" delay="100" weight="1" variableLabel="q">
      <points>
        <point x="0" y="0" />
        <point x="0" y="0" />
      </points>
    </arc>
    <arc id="id8" source="id3" target="id4" delay="0" weight="1" variableLabel="q">
      <points>
        <point x="0" y="0" />
        <point x="0" y="0" />
      </points>
    </arc>
    <arc id="id13" source="id9" target="id12" delay="0" weight="1" variableLabel="a">
      <points>
        <point x="0" y="0" />
        <point x="0" y="0" />
      </points>
    </arc>
    <arc id="id14" source="id10" target="id12" delay="0" weight="1" variableLabel="b">
      <points>
        <point x="0" y="0" />
        <point x="0" y="0" />
      </points>
    </arc>
    <arc id="id15" source="id12" target="id11" delay="100" weight="1" variableLabel="q">
      <points>
        <point x="0" y="0" />
        <point x="0" y="0" />
      </points>
    </arc>
    <arc id="id21" source="id17" target="id20" delay="0" weight="1" variableLabel="a">
      <points>
        <point x="0" y="0" />
        <point x="0" y="0" />
      </points>
    </arc>
    <arc id="id22" source="id18" target="id20" delay="0" weight="1" variableLabel="b">
      <points>
        <point x="0" y="0" />
        <point x="0" y="0" />
      </points>
    </arc>
    <arc id="id23" source="id20" target="id19" delay="100" weight="1" variableLabel="q">
      <points>
        <point x="0" y="0" />
        <point x="0" y="0" />
      </points>
    </arc>
    <arc id="id24" source="id19" target="id20" delay="0" weight="1" variableLabel="q">
      <points>
        <point x="0" y="0" />
        <point x="0" y="0" />
      </points>
    </arc>
    <arc id="id25" source="id4" target="id9" delay="100" weight="1" variableLabel="q">
      <points>
        <point x="0" y="0" />
        <point x="0" y="0" />
      </points>
    </arc>
    <arc id="id26" source="id12" target="id17" delay="100" weight="1" variableLabel="q">
      <points>
        <point x="0" y="0" />
        <point x="0" y="0" />
      </points>
    </arc>
    <arc id="id27" source="id12" target="id2" delay="100" weight="1" variableLabel="qb">
      <points>
        <point x="0" y="0" />
        <point x="0" y="0" />
      </points>
    </arc>
    <arc id="id28" source="id20" target="id10" delay="100" weight="1" variableLabel="qb">
      <points>
        <point x="0" y="0" />
        <point x="0" y="0" />
      </points>
    </arc>
    <arc id="id29" source="id4" target="id1" delay="0" weight="1" variableLabel="a">
      <points>
        <point x="0" y="0" />
        <point x="0" y="0" />
      </points>
    </arc>
    <arc id="id30" source="id20" target="id18" delay="0" weight="1" variableLabel="b">
      <points>
        <point x="0" y="0" />
        <point x="0" y="0" />
      </points>
    </arc>
    <arc id="id32" source="id1" target="id31" delay="0" weight="1" variableLabel="y">
      <points>
        <point x="0" y="0" />
        <point x="0" y="0" />
      </points>
    </arc>
    <arc id="id33" source="id31" target="id1" delay="0" weight="1" variableLabel="y">
      <points>
        <point x="0" y="0" />
        <point x="0" y="0" />
      </points>
    </arc>
    <arc id="id34" source="id31" target="id0" delay="0" weight="1" variableLabel="x">
      <points>
        <point x="0" y="0" />
        <point x="0" y="0" />
      </points>
    </arc>
    <arc id="id35" source="id0" target="id31" delay="500" weight="1" variableLabel="x">
      <points>
        <point x="0" y="0" />
        <point x="0" y="0" />
      </points>
    </arc>
    <arc id="id39" source="id36" target="id38" delay="0" weight="1" variableLabel="x">
      <points>
        <point x="0" y="0" />
        <point x="0" y="0" />
      </points>
    </arc>
    <arc id="id40" source="id37" target="id38" delay="0" weight="1" variableLabel="y">
      <points>
        <point x="0" y="0" />
        <point x="0" y="0" />
      </points>
    </arc>
    <arc id="id44" source="id41" target="id43" delay="0" weight="1" variableLabel="x">
      <points>
        <point x="0" y="0" />
        <point x="0" y="0" />
      </points>
    </arc>
    <arc id="id45" source="id42" target="id43" delay="0" weight="1" variableLabel="y">
      <points>
        <point x="0" y="0" />
        <point x="0" y="0" />
      </points>
    </arc>
    <arc id="id46" source="id4" target="id36" delay="100" weight="1" variableLabel="q">
      <points>
        <point x="0" y="0" />
        <point x="0" y="0" />
      </points>
    </arc>
    <arc id="id47" source="id12" target="id37" delay="100" weight="1" variableLabel="q">
      <points>
        <point x="0" y="0" />
        <point x="0" y="0" />
      </points>
    </arc>
    <arc id="id48" source="id12" target="id41" delay="100" weight="1" variableLabel="q">
      <points>
        <point x="0" y="0" />
        <point x="0" y="0" />
      </points>
    </arc>
    <arc id="id49" source="id20" target="id42" delay="100" weight="1" variableLabel="q">
      <points>
        <point x="0" y="0" />
        <point x="0" y="0" />
      </points>
    </arc>
    <arc id="id16" source="id11" target="id12" delay="0" weight="1" variableLabel="q">
      <points>
        <point x="0" y="0" />
        <point x="0" y="0" />
      </points>
    </arc>
    <arc id="id55" source="id50" target="id54" delay="0" weight="1" variableLabel="y">
      <points>
        <point x="0" y="0" />
        <point x="0" y="0" />
      </points>
    </arc>
    <arc id="id56" source="id52" target="id54" delay="0" weight="1" variableLabel="x">
      <points>
        <point x="0" y="0" />
        <point x="0" y="0" />
      </points>
    </arc>
    <arc id="id57" source="id54" target="id52" delay="0" weight="1" variableLabel="x">
      <points>
        <point x="0" y="0" />
        <point x="0" y="0" />
      </points>
    </arc>
    <arc id="id58" source="id52" target="id53" delay="0" weight="1" variableLabel="y">
      <points>
        <point x="0" y="0" />
        <point x="0" y="0" />
      </points>
    </arc>
    <arc id="id59" source="id53" target="id52" delay="0" weight="1" variableLabel="x">
      <points>
        <point x="0" y="0" />
        <point x="0" y="0" />
      </points>
    </arc>
    <arc id="id60" source="id51" target="id53" delay="0" weight="1" variableLabel="x">
      <points>
        <point x="0" y="0" />
        <point x="0" y="0" />
      </points>
    </arc>
    <arc id="id66" source="id61" target="id65" delay="0" weight="1" variableLabel="y">
      <points>
        <point x="0" y="0" />
        <point x="0" y="0" />
      </points>
    </arc>
    <arc id="id67" source="id63" target="id65" delay="0" weight="1" variableLabel="x">
      <points>
        <point x="0" y="0" />
        <point x="0" y="0" />
      </points>
    </arc>
    <arc id="id68" source="id65" target="id63" delay="0" weight="1" variableLabel="x">
      <points>
        <point x="0" y="0" />
        <point x="0" y="0" />
      </points>
    </arc>
    <arc id="id69" source="id63" target="id64" delay="0" weight="1" variableLabel="y">
      <points>
        <point x="0" y="0" />
        <point x="0" y="0" />
      </points>
    </arc>
    <arc id="id70" source="id64" target="id63" delay="0" weight="1" variableLabel="x">
      <points>
        <point x="0" y="0" />
        <point x="0" y="0" />
      </points>
    </arc>
    <arc id="id71" source="id62" target="id64" delay="0" weight="1" variableLabel="x">
      <points>
        <point x="0" y="0" />
        <point x="0" y="0" />
      </points>
    </arc>
    <arc id="id72" source="id38" target="id50" delay="50" weight="1" variableLabel="x">
      <points>
        <point x="0" y="0" />
        <point x="0" y="0" />
      </points>
    </arc>
    <arc id="id73" source="id43" target="id61" delay="50" weight="1" variableLabel="x">
      <points>
        <point x="0" y="0" />
        <point x="0" y="0" />
      </points>
    </arc>
    <arc id="id74" source="id54" target="id62" delay="50" weight="1" variableLabel="q">
      <points>
        <point x="0" y="0" />
        <point x="0" y="0" />
      </points>
    </arc>
    <arc id="id76" source="id65" target="id75" delay="50" weight="1" variableLabel="q">
      <points>
        <point x="0" y="0" />
        <point x="0" y="0" />
      </points>
    </arc>
    <arc id="id79" source="id77" target="id78" delay="500" weight="1" variableLabel="x">
      <points>
        <point x="0" y="0" />
        <point x="0" y="0" />
      </points>
    </arc>
    <arc id="id80" source="id78" target="id51" delay="0" weight="1" variableLabel="x">
      <points>
        <point x="0" y="0" />
        <point x="0" y="0" />
      </points>
    </arc>
  </page>
  <page id="main.page2" name="main.page2">
    <place id="id0" name="A" portdir="None" specifiedType="BitArray">
      <initialMarking exp="1,0b1; 2, 0b0;" />
      <location x="92" y="100" />
      <size width="60" height="30" />
    </place>
    <place id="id2" name="B" portdir="None" specifiedType="Int8">
      <initialMarking exp="" />
      <location x="434" y="99" />
      <size width="60" height="30" />
    </place>
    <transition id="id1" name="t" portdir="None">
      <conditionalExp exp="int=a;" />
      <location x="258" y="100" />
      <size width="50" height="20" />
    </transition>
    <arc id="id3" source="id0" target="id1" delay="0" weight="1" variableLabel="a">
      <points>
        <point x="0" y="0" />
        <point x="0" y="0" />
      </points>
    </arc>
    <arc id="id4" source="id1" target="id2" delay="0" weight="1" variableLabel="int">
      <points>
        <point x="0" y="0" />
        <point x="0" y="0" />
      </points>
    </arc>
  </page>
  <page id="main.page3" name="main.page3">
    <place id="id0" name="p" portdir="None" specifiedType="BitArray">
      <initialMarking exp="1,0b1;" />
      <location x="90" y="82" />
      <size width="60" height="30" />
    </place>
    <place id="id1" name="p" portdir="None" specifiedType="BitArray">
      <initialMarking exp="1,0b0;" />
      <location x="87" y="156" />
      <size width="60" height="30" />
    </place>
    <place id="id2" name="p" portdir="None" specifiedType="BitArray">
      <initialMarking exp="" />
      <location x="323" y="114" />
      <size width="60" height="30" />
    </place>
    <transition id="id3" name="t" portdir="None">
      <conditionalExp exp="z = x&amp;y;" />
      <location x="209" y="115" />
      <size width="50" height="20" />
    </transition>
    <arc id="id4" source="id0" target="id3" delay="0" weight="1" variableLabel="x">
      <points>
        <point x="0" y="0" />
        <point x="0" y="0" />
      </points>
    </arc>
    <arc id="id5" source="id1" target="id3" delay="0" weight="1" variableLabel="y">
      <points>
        <point x="0" y="0" />
        <point x="0" y="0" />
      </points>
    </arc>
    <arc id="id6" source="id3" target="id2" delay="50" weight="1" variableLabel="z">
      <points>
        <point x="0" y="0" />
        <point x="0" y="0" />
      </points>
    </arc>
  </page>
  <page id="main.page4" name="AND2">
    <place id="id0" name="p" portdir="None" specifiedType="BitArray">
      <initialMarking exp="1,0b1;" />
      <location x="355" y="71" />
      <size width="60" height="30" />
    </place>
    <place id="id1" name="p" portdir="None" specifiedType="BitArray">
      <initialMarking exp="1,0b0;" />
      <location x="346" y="210" />
      <size width="60" height="30" />
    </place>
    <place id="id7" name="p" portdir="In" specifiedType="BitArray">
      <initialMarking exp="" />
      <location x="61" y="68" />
      <size width="60" height="30" />
    </place>
    <place id="id8" name="p" portdir="In" specifiedType="BitArray">
      <initialMarking exp="" />
      <location x="60" y="209" />
      <size width="60" height="30" />
    </place>
    <place id="id9" name="change" portdir="None" specifiedType="">
      <initialMarking exp="" />
      <location x="294" y="136" />
      <size width="60" height="30" />
    </place>
    <transition id="id3" name="out" portdir="Out">
      <conditionalExp exp="z = x&amp;y;" />
      <location x="466" y="137" />
      <size width="50" height="20" />
    </transition>
    <transition id="id11" name="tA" portdir="None">
      <conditionalExp exp="if(x!=y)y=x;" />
      <location x="178" y="69" />
      <size width="50" height="20" />
    </transition>
    <transition id="id12" name="tB" portdir="None">
      <conditionalExp exp="if(x!=y)y=x;" />
      <location x="178" y="211" />
      <size width="50" height="20" />
    </transition>
    <arc id="id4" source="id0" target="id3" delay="0" weight="1" variableLabel="x">
      <points>
        <point x="380" y="78" />
        <point x="441" y="127" />
      </points>
    </arc>
    <arc id="id5" source="id1" target="id3" delay="0" weight="1" variableLabel="y">
      <points>
        <point x="371" y="203" />
        <point x="441" y="147" />
      </points>
    </arc>
    <arc id="id13" source="id7" target="id11" delay="0" weight="1" variableLabel="x">
      <points>
        <point x="90" y="68" />
        <point x="153" y="68" />
      </points>
    </arc>
    <arc id="id14" source="id11" target="id0" delay="0" weight="1" variableLabel="y">
      <points>
        <point x="203" y="71" />
        <point x="325" y="71" />
      </points>
    </arc>
    <arc id="id15" source="id11" target="id9" delay="0" weight="1" variableLabel="">
      <points>
        <point x="203" y="79" />
        <point x="269" y="129" />
      </points>
    </arc>
    <arc id="id16" source="id8" target="id12" delay="0" weight="1" variableLabel="x">
      <points>
        <point x="89" y="209" />
        <point x="153" y="209" />
      </points>
    </arc>
    <arc id="id17" source="id12" target="id1" delay="0" weight="1" variableLabel="y">
      <points>
        <point x="203" y="210" />
        <point x="316" y="210" />
      </points>
    </arc>
    <arc id="id18" source="id12" target="id9" delay="0" weight="1" variableLabel="">
      <points>
        <point x="203" y="201" />
        <point x="270" y="144" />
      </points>
    </arc>
    <arc id="id19" source="id0" target="id11" delay="0" weight="1" variableLabel="y">
      <points>
        <point x="326" y="71" />
        <point x="203" y="71" />
      </points>
    </arc>
    <arc id="id20" source="id1" target="id12" delay="0" weight="1" variableLabel="y">
      <points>
        <point x="317" y="210" />
        <point x="203" y="210" />
      </points>
    </arc>
    <arc id="id21" source="id3" target="id0" delay="0" weight="1" variableLabel="x">
      <points>
        <point x="441" y="127" />
        <point x="380" y="79" />
      </points>
    </arc>
    <arc id="id22" source="id3" target="id1" delay="0" weight="1" variableLabel="y">
      <points>
        <point x="441" y="147" />
        <point x="371" y="202" />
      </points>
    </arc>
    <arc id="id10" source="id9" target="id3" delay="50" weight="1" variableLabel="">
      <points>
        <point x="323" y="136" />
        <point x="441" y="136" />
      </points>
    </arc>
  </page>
  <page id="main.page5" name="main.page5">
    <place id="id0" name="Q" portdir="None" specifiedType="BitArray">
      <initialMarking exp="1,0b0;" />
      <location x="228" y="54" />
      <size width="60" height="30" />
    </place>
    <place id="id1" name="IN_A" portdir="None" specifiedType="BitArray">
      <initialMarking exp="" />
      <location x="227" y="139" />
      <size width="60" height="30" />
    </place>
    <place id="id2" name="p" portdir="None" specifiedType="BitArray">
      <initialMarking exp="" />
      <location x="410" y="97" />
      <size width="60" height="30" />
    </place>
    <place id="id7" name="IN_A" portdir="None" specifiedType="BitArray">
      <initialMarking exp="" />
      <location x="229" y="195" />
      <size width="60" height="30" />
    </place>
    <place id="id8" name="IN_B" portdir="None" specifiedType="BitArray">
      <initialMarking exp="" />
      <location x="228" y="280" />
      <size width="60" height="30" />
    </place>
    <place id="id9" name="p" portdir="None" specifiedType="BitArray">
      <initialMarking exp="" />
      <location x="413" y="239" />
      <size width="60" height="30" />
    </place>
    <place id="id14" name="IN_B" portdir="None" specifiedType="BitArray">
      <initialMarking exp="" />
      <location x="231" y="342" />
      <size width="60" height="30" />
    </place>
    <place id="id15" name="Q" portdir="None" specifiedType="BitArray">
      <initialMarking exp="1,0b0;" />
      <location x="230" y="427" />
      <size width="60" height="30" />
    </place>
    <place id="id16" name="p" portdir="None" specifiedType="BitArray">
      <initialMarking exp="" />
      <location x="415" y="386" />
      <size width="60" height="30" />
    </place>
    <place id="id25" name="Out_Q" portdir="None" specifiedType="BitArray">
      <initialMarking exp="" />
      <location x="654" y="242" />
      <size width="60" height="30" />
    </place>
    <place id="id29" name="IN_A" portdir="None" specifiedType="BitArray">
      <initialMarking exp="1,0b1;" />
      <location x="81" y="162" />
      <size width="60" height="30" />
    </place>
    <place id="id30" name="IN_B" portdir="None" specifiedType="BitArray">
      <initialMarking exp="1,0b1;" />
      <location x="79" y="298" />
      <size width="60" height="30" />
    </place>
    <transition id="id3" name="AND2" portdir="None">
      <conditionalExp exp="z = x&amp;y;" />
      <location x="318" y="98" />
      <size width="50" height="20" />
    </transition>
    <transition id="id10" name="AND2" portdir="None">
      <conditionalExp exp="z = x&amp;y;" />
      <location x="319" y="239" />
      <size width="50" height="20" />
    </transition>
    <transition id="id17" name="AND2" portdir="None">
      <conditionalExp exp="z = x&amp;y;" />
      <location x="320" y="386" />
      <size width="50" height="20" />
    </transition>
    <transition id="id21" name="XOR3" portdir="None">
      <conditionalExp exp="q=x|y|z;" />
      <location x="552" y="243" />
      <size width="50" height="20" />
    </transition>
    <transition id="id31" name="Fork" portdir="None">
      <conditionalExp exp="" />
      <location x="152" y="165" />
      <size width="40" height="20" />
    </transition>
    <transition id="id32" name="Fork" portdir="None">
      <conditionalExp exp="" />
      <location x="151" y="301" />
      <size width="40" height="20" />
    </transition>
    <arc id="id4" source="id0" target="id3" delay="0" weight="1" variableLabel="x">
      <points>
        <point x="0" y="0" />
        <point x="0" y="0" />
      </points>
    </arc>
    <arc id="id5" source="id1" target="id3" delay="0" weight="1" variableLabel="y">
      <points>
        <point x="0" y="0" />
        <point x="0" y="0" />
      </points>
    </arc>
    <arc id="id6" source="id3" target="id2" delay="50" weight="1" variableLabel="z">
      <points>
        <point x="0" y="0" />
        <point x="0" y="0" />
      </points>
    </arc>
    <arc id="id11" source="id7" target="id10" delay="0" weight="1" variableLabel="x">
      <points>
        <point x="0" y="0" />
        <point x="0" y="0" />
      </points>
    </arc>
    <arc id="id12" source="id8" target="id10" delay="0" weight="1" variableLabel="y">
      <points>
        <point x="0" y="0" />
        <point x="0" y="0" />
      </points>
    </arc>
    <arc id="id13" source="id10" target="id9" delay="50" weight="1" variableLabel="z">
      <points>
        <point x="0" y="0" />
        <point x="0" y="0" />
      </points>
    </arc>
    <arc id="id18" source="id14" target="id17" delay="0" weight="1" variableLabel="x">
      <points>
        <point x="0" y="0" />
        <point x="0" y="0" />
      </points>
    </arc>
    <arc id="id19" source="id15" target="id17" delay="0" weight="1" variableLabel="y">
      <points>
        <point x="0" y="0" />
        <point x="0" y="0" />
      </points>
    </arc>
    <arc id="id20" source="id17" target="id16" delay="50" weight="1" variableLabel="z">
      <points>
        <point x="0" y="0" />
        <point x="0" y="0" />
      </points>
    </arc>
    <arc id="id22" source="id2" target="id21" delay="0" weight="1" variableLabel="x">
      <points>
        <point x="0" y="0" />
        <point x="0" y="0" />
      </points>
    </arc>
    <arc id="id23" source="id9" target="id21" delay="0" weight="1" variableLabel="y">
      <points>
        <point x="0" y="0" />
        <point x="0" y="0" />
      </points>
    </arc>
    <arc id="id24" source="id16" target="id21" delay="0" weight="1" variableLabel="z">
      <points>
        <point x="0" y="0" />
        <point x="0" y="0" />
      </points>
    </arc>
    <arc id="id26" source="id21" target="id25" delay="50" weight="1" variableLabel="q">
      <points>
        <point x="0" y="0" />
        <point x="0" y="0" />
      </points>
    </arc>
    <arc id="id27" source="id21" target="id0" delay="50" weight="1" variableLabel="q">
      <points>
        <point x="0" y="0" />
        <point x="0" y="0" />
      </points>
    </arc>
    <arc id="id28" source="id21" target="id15" delay="50" weight="1" variableLabel="q">
      <points>
        <point x="0" y="0" />
        <point x="0" y="0" />
      </points>
    </arc>
    <arc id="id33" source="id29" target="id31" delay="0" weight="1" variableLabel="x">
      <points>
        <point x="0" y="0" />
        <point x="0" y="0" />
      </points>
    </arc>
    <arc id="id34" source="id31" target="id1" delay="0" weight="1" variableLabel="x">
      <points>
        <point x="0" y="0" />
        <point x="0" y="0" />
      </points>
    </arc>
    <arc id="id35" source="id31" target="id7" delay="0" weight="1" variableLabel="x">
      <points>
        <point x="0" y="0" />
        <point x="0" y="0" />
      </points>
    </arc>
    <arc id="id36" source="id30" target="id32" delay="0" weight="1" variableLabel="x">
      <points>
        <point x="0" y="0" />
        <point x="0" y="0" />
      </points>
    </arc>
    <arc id="id37" source="id32" target="id8" delay="0" weight="1" variableLabel="x">
      <points>
        <point x="0" y="0" />
        <point x="0" y="0" />
      </points>
    </arc>
    <arc id="id38" source="id32" target="id14" delay="0" weight="1" variableLabel="x">
      <points>
        <point x="0" y="0" />
        <point x="0" y="0" />
      </points>
    </arc>
  </page>
  <page id="main.page6" name="main.page6">
    <place id="id0" name="A" portdir="None" specifiedType="Int8">
      <initialMarking exp="1,10;" />
      <location x="68" y="53" />
      <size width="60" height="30" />
    </place>
    <place id="id1" name="B" portdir="None" specifiedType="BitArray">
      <initialMarking exp="" />
      <location x="308" y="94" />
      <size width="60" height="30" />
    </place>
    <place id="id5" name="p" portdir="None" specifiedType="BitArray">
      <initialMarking exp="1,0b11;" />
      <location x="70" y="170" />
      <size width="60" height="30" />
    </place>
    <place id="id7" name="p" portdir="None" specifiedType="Int8">
      <initialMarking exp="" />
      <location x="315" y="151" />
      <size width="60" height="30" />
    </place>
    <transition id="id2" name="t" portdir="None">
      <conditionalExp exp="a=i+b;" />
      <location x="173" y="95" />
      <size width="50" height="20" />
    </transition>
    <arc id="id3" source="id0" target="id2" delay="0" weight="1" variableLabel="i">
      <points>
        <point x="0" y="0" />
        <point x="0" y="0" />
      </points>
    </arc>
    <arc id="id4" source="id2" target="id1" delay="0" weight="1" variableLabel="a">
      <points>
        <point x="0" y="0" />
        <point x="0" y="0" />
      </points>
    </arc>
    <arc id="id6" source="id5" target="id2" delay="0" weight="1" variableLabel="b">
      <points>
        <point x="0" y="0" />
        <point x="0" y="0" />
      </points>
    </arc>
    <arc id="id8" source="id2" target="id7" delay="0" weight="1" variableLabel="a">
      <points>
        <point x="0" y="0" />
        <point x="0" y="0" />
      </points>
    </arc>
  </page>
  <page id="main.page7" name="main.page7">
    <place id="id0" name="OUT" portdir="None" specifiedType="Int8">
      <initialMarking exp="" />
      <location x="388" y="165" />
      <size width="60" height="30" />
    </place>
    <place id="id1" name="IN_1" portdir="None" specifiedType="Int8">
      <initialMarking exp="2,10;" />
      <location x="126" y="118" />
      <size width="60" height="30" />
    </place>
    <place id="id3" name="IN_2" portdir="None" specifiedType="Int8">
      <initialMarking exp="1,2;1,5;" />
      <location x="126" y="207" />
      <size width="60" height="30" />
    </place>
    <transition id="id2" name="t" portdir="None">
      <conditionalExp exp="if(y!=0)   out=x/y;" />
      <location x="262" y="165" />
      <size width="50" height="20" />
    </transition>
    <arc id="id4" source="id1" target="id2" delay="0" weight="1" variableLabel="x">
      <points>
        <point x="0" y="0" />
        <point x="0" y="0" />
      </points>
    </arc>
    <arc id="id5" source="id2" target="id0" delay="0" weight="1" variableLabel="out">
      <points>
        <point x="0" y="0" />
        <point x="0" y="0" />
      </points>
    </arc>
    <arc id="id6" source="id3" target="id2" delay="0" weight="1" variableLabel="y">
      <points>
        <point x="0" y="0" />
        <point x="0" y="0" />
      </points>
    </arc>
  </page>
  <page id="main.page8" name="main.page8">
    <place id="id0" name="Place" portdir="None" specifiedType="String">
      <initialMarking exp="1,&quot;string&quot;;" />
      <location x="112" y="83" />
      <size width="60" height="30" />
    </place>
    <place id="id3" name="p" portdir="None" specifiedType="String">
      <initialMarking exp="" />
      <location x="222" y="210" />
      <size width="60" height="30" />
    </place>
    <transition id="id1" name="Trans" portdir="None">
      <conditionalExp exp="str+=&quot;30&quot;;" />
      <location x="239" y="83" />
      <size width="50" height="20" />
    </transition>
    <arc id="id2" source="id0" target="id1" delay="0" weight="1" variableLabel="str">
      <points>
        <point x="0" y="0" />
        <point x="0" y="0" />
      </points>
    </arc>
    <arc id="id4" source="id1" target="id3" delay="0" weight="1" variableLabel="str">
      <points>
        <point x="0" y="0" />
        <point x="0" y="0" />
      </points>
    </arc>
  </page>
  <page id="main.page9" name="main.page9">
    <place id="id0" name="p" portdir="None" specifiedType="Int8">
      <initialMarking exp="1,5;" />
      <location x="77" y="155" />
      <size width="60" height="30" />
    </place>
    <place id="id1" name="p" portdir="None" specifiedType="Point">
      <initialMarking exp="1,(&lt;x,10&gt;,&lt;y,0&gt;);" />
      <location x="76" y="70" />
      <size width="60" height="30" />
    </place>
    <place id="id5" name="p" portdir="None" specifiedType="Point">
      <initialMarking exp="" />
      <location x="386" y="74" />
      <size width="60" height="30" />
    </place>
    <place id="id9" name="p" portdir="None" specifiedType="Int8">
      <initialMarking exp="" />
      <location x="388" y="153" />
      <size width="60" height="30" />
    </place>
    <place id="id7" name="p" portdir="None" specifiedType="Distance">
      <initialMarking exp="" />
      <location x="387" y="219" />
      <size width="60" height="30" />
    </place>
    <transition id="id2" name="t" portdir="None">
      <conditionalExp exp="point.y=point.x*i;&#xD;&#xA;dist.start=point;&#xD;&#xA;dist.goal=point;" />
      <location x="235" y="131" />
      <size width="50" height="20" />
    </transition>
    <arc id="id3" source="id0" target="id2" delay="0" weight="1" variableLabel="i">
      <points>
        <point x="0" y="0" />
        <point x="0" y="0" />
      </points>
    </arc>
    <arc id="id4" source="id1" target="id2" delay="0" weight="1" variableLabel="point">
      <points>
        <point x="0" y="0" />
        <point x="0" y="0" />
      </points>
    </arc>
    <arc id="id6" source="id2" target="id5" delay="0" weight="1" variableLabel="point">
      <points>
        <point x="0" y="0" />
        <point x="0" y="0" />
      </points>
    </arc>
    <arc id="id10" source="id2" target="id9" delay="0" weight="1" variableLabel="point.y">
      <points>
        <point x="0" y="0" />
        <point x="0" y="0" />
      </points>
    </arc>
    <arc id="id8" source="id2" target="id7" delay="0" weight="1" variableLabel="dist">
      <points>
        <point x="0" y="0" />
        <point x="0" y="0" />
      </points>
    </arc>
  </page>
  <page id="main.page10" name="main.page10">
    <place id="id0" name="p" portdir="None" specifiedType="Distance">
      <initialMarking exp="1,( &lt;start,(&lt;x,0&gt;,&lt;y,1&gt;)&gt;, &lt;goal,(&lt;x,2&gt;,&lt;y,3&gt;)&gt; );" />
      <location x="84" y="66" />
      <size width="60" height="30" />
    </place>
    <place id="id3" name="p" portdir="None" specifiedType="Distance">
      <initialMarking exp="" />
      <location x="324" y="198" />
      <size width="60" height="30" />
    </place>
    <transition id="id1" name="t" portdir="None">
      <conditionalExp exp="dist.goal = dist.start;" />
      <location x="208" y="139" />
      <size width="50" height="20" />
    </transition>
    <arc id="id2" source="id0" target="id1" delay="0" weight="1" variableLabel="dist">
      <points>
        <point x="0" y="0" />
        <point x="0" y="0" />
      </points>
    </arc>
    <arc id="id4" source="id1" target="id3" delay="0" weight="1" variableLabel="dist">
      <points>
        <point x="0" y="0" />
        <point x="0" y="0" />
      </points>
    </arc>
  </page>
  <page id="main.page11" name="main.page11">
    <place id="id0" name="p" portdir="None" specifiedType="Test">
      <initialMarking exp="1,(&lt;msg,&quot;abc&quot;&gt;,&lt;value,10&gt;); 1,(&lt;msg,&quot;abc&quot;&gt;,&lt;value,5&gt;);" />
      <location x="72" y="100" />
      <size width="60" height="30" />
    </place>
    <place id="id1" name="p" portdir="None" specifiedType="String">
      <initialMarking exp="" />
      <location x="369" y="130" />
      <size width="60" height="30" />
    </place>
    <place id="id2" name="p" portdir="None" specifiedType="Test">
      <initialMarking exp="1,(&lt;msg,&quot;abc&quot;&gt;,&lt;value,5&gt;);" />
      <location x="87" y="229" />
      <size width="60" height="30" />
    </place>
    <transition id="id5" name="t" portdir="None">
      <conditionalExp exp="if(test==tt) str = test.msg+&quot;.&quot;+test.msg;" />
      <location x="214" y="137" />
      <size width="50" height="20" />
    </transition>
    <arc id="id6" source="id0" target="id5" delay="0" weight="1" variableLabel="test">
      <points>
        <point x="0" y="0" />
        <point x="0" y="0" />
      </points>
    </arc>
    <arc id="id7" source="id5" target="id1" delay="0" weight="1" variableLabel="str">
      <points>
        <point x="0" y="0" />
        <point x="0" y="0" />
      </points>
    </arc>
    <arc id="id3" source="id2" target="id5" delay="0" weight="1" variableLabel="tt">
      <points>
        <point x="0" y="0" />
        <point x="0" y="0" />
      </points>
    </arc>
  </page>
  <page id="main.page12" name="main.page12">
    <place id="id0" name="p" portdir="None" specifiedType="As">
      <initialMarking exp="1,(&lt;x,{0,1,2}&gt;,&lt;y,3&gt;);" />
      <location x="73" y="112" />
      <size width="60" height="30" />
    </place>
    <place id="id1" name="p" portdir="None" specifiedType="As">
      <initialMarking exp="" />
      <location x="295" y="112" />
      <size width="60" height="30" />
    </place>
    <transition id="id2" name="t" portdir="None">
      <conditionalExp exp="as.x[2]=as.x[0];" />
      <location x="187" y="188" />
      <size width="50" height="20" />
    </transition>
    <arc id="id3" source="id0" target="id2" delay="0" weight="1" variableLabel="as">
      <points>
        <point x="0" y="0" />
        <point x="0" y="0" />
      </points>
    </arc>
    <arc id="id4" source="id2" target="id1" delay="0" weight="1" variableLabel="as">
      <points>
        <point x="0" y="0" />
        <point x="0" y="0" />
      </points>
    </arc>
  </page>
  <page id="main.page13" name="main.page13">
    <place id="id0" name="p" portdir="None" specifiedType="Int8[3]">
      <initialMarking exp="1,{0,1,2};" />
      <location x="69" y="118" />
      <size width="60" height="30" />
    </place>
    <place id="id1" name="p" portdir="None" specifiedType="Int8[3]">
      <initialMarking exp="" />
      <location x="335" y="141" />
      <size width="60" height="30" />
    </place>
    <transition id="id2" name="t" portdir="None">
      <conditionalExp exp="array[0] = 3;" />
      <location x="204" y="144" />
      <size width="50" height="20" />
    </transition>
    <arc id="id3" source="id0" target="id2" delay="0" weight="1" variableLabel="array">
      <points>
        <point x="0" y="0" />
        <point x="0" y="0" />
      </points>
    </arc>
    <arc id="id4" source="id2" target="id1" delay="0" weight="1" variableLabel="array">
      <points>
        <point x="0" y="0" />
        <point x="0" y="0" />
      </points>
    </arc>
  </page>
  <page id="main.page14" name="main.page14">
    <place id="id0" name="p" portdir="None" specifiedType="As[2]">
      <initialMarking exp="1,{(&lt;x,{0,1,2}&gt;,&lt;y,3&gt;),(&lt;x,{4,5,6}&gt;,&lt;y,7&gt;)};" />
      <location x="104" y="153" />
      <size width="60" height="30" />
    </place>
    <place id="id1" name="p" portdir="None" specifiedType="As[2]">
      <initialMarking exp="" />
      <location x="379" y="229" />
      <size width="60" height="30" />
    </place>
    <place id="id5" name="p" portdir="None" specifiedType="Int8">
      <initialMarking exp="" />
      <location x="265" y="285" />
      <size width="60" height="30" />
    </place>
    <transition id="id2" name="t" portdir="None">
      <conditionalExp exp="asas[0].x[0]=asas[1].y;" />
      <location x="262" y="193" />
      <size width="50" height="20" />
    </transition>
    <arc id="id3" source="id0" target="id2" delay="0" weight="1" variableLabel="asas">
      <points>
        <point x="0" y="0" />
        <point x="0" y="0" />
      </points>
    </arc>
    <arc id="id4" source="id2" target="id1" delay="0" weight="1" variableLabel="asas">
      <points>
        <point x="0" y="0" />
        <point x="0" y="0" />
      </points>
    </arc>
    <arc id="id6" source="id2" target="id5" delay="0" weight="1" variableLabel="asas[0].x[0]">
      <points>
        <point x="0" y="0" />
        <point x="0" y="0" />
      </points>
    </arc>
  </page>
  <page id="main.page15" name="main.page15">
    <place id="id0" name="p" portdir="None" specifiedType="Int8">
      <initialMarking exp="1,-70;&#xD;&#xA;1,5;" />
      <location x="148" y="92" />
      <size width="60" height="30" />
    </place>
    <place id="id1" name="p" portdir="None" specifiedType="Int8">
      <initialMarking exp="1,-70;&#xD;&#xA;1,2;&#xD;&#xA;1,3;" />
      <location x="142" y="201" />
      <size width="60" height="30" />
    </place>
    <place id="id3" name="p" portdir="None" specifiedType="Int8">
      <initialMarking exp="" />
      <location x="400" y="136" />
      <size width="60" height="30" />
    </place>
    <transition id="id2" name="t" portdir="None">
      <conditionalExp exp="switch(i){&#xD;&#xA;case -70:&#xD;&#xA;i *= 2;&#xD;&#xA;}" />
      <location x="271" y="136" />
      <size width="50" height="20" />
    </transition>
    <arc id="id4" source="id0" target="id2" delay="0" weight="1" variableLabel="i">
      <points>
        <point x="0" y="0" />
        <point x="0" y="0" />
      </points>
    </arc>
    <arc id="id5" source="id1" target="id2" delay="0" weight="1" variableLabel="i">
      <points>
        <point x="0" y="0" />
        <point x="0" y="0" />
      </points>
    </arc>
    <arc id="id6" source="id2" target="id3" delay="0" weight="1" variableLabel="i">
      <points>
        <point x="0" y="0" />
        <point x="0" y="0" />
      </points>
    </arc>
  </page>
  <page id="main.page16" name="main.page16">
    <place id="id4" name="p" portdir="None" specifiedType="BitArray">
      <initialMarking exp="" />
      <location x="608" y="166" />
      <size width="60" height="30" />
    </place>
    <subpage id="id0" original="main.page4" name="AND2">
      <location x="139" y="84" />
      <size width="50" height="70" />
      <port id="id0.port0" name="p" originalid="id7" type="place" specifiedType="BitArray">
        <initialMarking exp="1,0b1;" />
        <location x="51" y="48" />
        <size width="30" height="30" />
      </port>
      <port id="id0.port1" name="p" originalid="id8" type="place" specifiedType="BitArray">
        <initialMarking exp="1,0b1;" />
        <location x="51" y="119" />
        <size width="30" height="30" />
      </port>
      <port id="id0.port2" name="out" originalid="id3" type="transition">
        <location x="211" y="84" />
        <size width="30" height="30" />
      </port>
    </subpage>
    <subpage id="id3" original="main.page4" name="AND2">
      <location x="386" y="158" />
      <size width="50" height="70" />
      <port id="id3.port0" name="p" originalid="id7" type="place" specifiedType="BitArray">
        <initialMarking exp="" />
        <location x="334" y="132" />
        <size width="30" height="30" />
      </port>
      <port id="id3.port1" name="p" originalid="id8" type="place" specifiedType="BitArray">
        <initialMarking exp="" />
        <location x="339" y="187" />
        <size width="30" height="30" />
      </port>
      <port id="id3.port2" name="out" originalid="id3" type="transition">
        <location x="466" y="161" />
        <size width="30" height="30" />
      </port>
    </subpage>
    <subpage id="id5" original="main.page4" name="AND2">
      <location x="144" y="218" />
      <size width="50" height="70" />
      <port id="id5.port0" name="p" originalid="id7" type="place" specifiedType="BitArray">
        <initialMarking exp="1,0b1;" />
        <location x="56" y="182" />
        <size width="30" height="30" />
      </port>
      <port id="id5.port1" name="p" originalid="id8" type="place" specifiedType="BitArray">
        <initialMarking exp="1,0b1;" />
        <location x="56" y="253" />
        <size width="30" height="30" />
      </port>
      <port id="id5.port2" name="out" originalid="id3" type="transition">
        <location x="216" y="218" />
        <size width="30" height="30" />
      </port>
    </subpage>
    <arc id="id1" source="id0.port2" target="id3.port0" delay="0" weight="1" variableLabel="z">
      <points>
        <point x="226" y="99" />
        <point x="320" y="128" />
      </points>
    </arc>
    <arc id="id2" source="id5.port2" target="id3.port1" delay="0" weight="1" variableLabel="z">
      <points>
        <point x="231" y="203" />
        <point x="325" y="189" />
      </points>
    </arc>
    <arc id="id6" source="id3.port2" target="id4" delay="0" weight="1" variableLabel="z">
      <points>
        <point x="481" y="166" />
        <point x="578" y="166" />
      </points>
    </arc>
  </page>
</petrinet>