﻿<?xml version="1.0" encoding="utf-8"?>
<petrinet name="Untitled">
  <page id="page0" name="a">
    <place id="id0" name="p1" initialmarking="1" portdir="None" capacity="0">
      <location x="191" y="98" />
      <size width="50" height="30" />
    </place>
    <place id="id1" name="p2" initialmarking="1" portdir="None" capacity="0">
      <location x="352" y="94" />
      <size width="50" height="30" />
    </place>
    <transition id="id2" name="t1" portdir="None">
      <location x="132" y="254" />
      <size width="50" height="20" />
    </transition>
    <transition id="id3" name="t3" portdir="None">
      <location x="278" y="253" />
      <size width="50" height="20" />
    </transition>
    <transition id="id4" name="t2" portdir="None">
      <location x="434" y="257" />
      <size width="50" height="20" />
    </transition>
    <arc id="id5" source="id0" target="id2" delay="0" weight="1">
      <points>
        <point x="183" y="112" />
        <point x="157" y="244" />
      </points>
    </arc>
    <arc id="id6" source="id0" target="id3" delay="0" weight="1">
      <points>
        <point x="203" y="111" />
        <point x="253" y="243" />
      </points>
    </arc>
    <arc id="id7" source="id1" target="id3" delay="0" weight="1">
      <points>
        <point x="342" y="107" />
        <point x="303" y="243" />
      </points>
    </arc>
    <arc id="id8" source="id1" target="id4" delay="0" weight="1">
      <points>
        <point x="363" y="107" />
        <point x="409" y="247" />
      </points>
    </arc>
  </page>
  <page id="page1" name="b">
    <place id="id0" name="p1" initialmarking="1" portdir="None" capacity="0">
      <location x="121" y="248" />
      <size width="50" height="30" />
    </place>
    <place id="id1" name="p3" initialmarking="1" portdir="None" capacity="0">
      <location x="241" y="240" />
      <size width="50" height="30" />
    </place>
    <place id="id2" name="p2" initialmarking="1" portdir="None" capacity="0">
      <location x="376" y="88" />
      <size width="50" height="30" />
    </place>
    <place id="id3" name="p4" initialmarking="0" portdir="None" capacity="0">
      <location x="379" y="244" />
      <size width="50" height="30" />
    </place>
    <transition id="id4" name="t2" portdir="None">
      <location x="381" y="165" />
      <size width="50" height="20" />
    </transition>
    <transition id="id5" name="t3" portdir="None">
      <location x="379" y="336" />
      <size width="50" height="20" />
    </transition>
    <transition id="id6" name="t1" portdir="None">
      <location x="126" y="340" />
      <size width="50" height="20" />
    </transition>
    <arc id="id7" source="id2" target="id4" delay="0" weight="1">
      <points>
        <point x="377" y="102" />
        <point x="377" y="155" />
      </points>
    </arc>
    <arc id="id8" source="id4" target="id3" delay="0" weight="1">
      <points>
        <point x="379" y="175" />
        <point x="379" y="229" />
      </points>
    </arc>
    <arc id="id9" source="id3" target="id5" delay="0" weight="1">
      <points>
        <point x="379" y="259" />
        <point x="379" y="326" />
      </points>
    </arc>
    <arc id="id10" source="id1" target="id5" delay="0" weight="1">
      <points>
        <point x="261" y="248" />
        <point x="354" y="326" />
      </points>
    </arc>
    <arc id="id11" source="id0" target="id6" delay="0" weight="1">
      <points>
        <point x="122" y="262" />
        <point x="122" y="330" />
      </points>
    </arc>
    <arc id="id12" source="id1" target="id6" delay="0" weight="1">
      <points>
        <point x="223" y="249" />
        <point x="151" y="330" />
      </points>
    </arc>
  </page>
</petrinet>