﻿<?xml version="1.0" encoding="utf-8"?>
<petrinet name="Untitled">
  <page id="page0" name="page0">
    <place id="id0" name="p1" initialmarking="1" portdir="None" capacity="0">
      <location x="184" y="258" />
      <size width="50" height="30" />
    </place>
    <transition id="id1" name="t1" portdir="None">
      <location x="288" y="167" />
      <size width="50" height="20" />
    </transition>
    <transition id="id2" name="t2" portdir="None">
      <location x="288" y="342" />
      <size width="50" height="20" />
    </transition>
    <arc id="id3" source="id0" target="id1" delay="0" weight="1">
      <points>
        <point x="202" y="249" />
        <point x="263" y="177" />
      </points>
    </arc>
    <arc id="id4" source="id0" target="id2" delay="0" weight="1">
      <points>
        <point x="203" y="267" />
        <point x="263" y="332" />
      </points>
    </arc>
  </page>
</petrinet>