﻿<?xml version="1.0" encoding="utf-8"?>
<petrinet name="Untitled">
  <page id="page0" name="page0">
    <place id="id0" name="Start place" initialmarking="0" portdir="None" capacity="0">
      <location x="50" y="201" />
      <size width="50" height="30" />
    </place>
    <place id="id1" name="" initialmarking="0" portdir="None" capacity="0">
      <location x="195" y="194" />
      <size width="50" height="30" />
    </place>
    <place id="id2" name="" initialmarking="0" portdir="None" capacity="0">
      <location x="353" y="192" />
      <size width="50" height="30" />
    </place>
    <place id="id3" name="Final Place" initialmarking="0" portdir="None" capacity="0">
      <location x="520" y="186" />
      <size width="50" height="30" />
    </place>
    <place id="id9" name="" initialmarking="0" portdir="None" capacity="0">
      <location x="278" y="294" />
      <size width="50" height="30" />
    </place>
    <place id="id10" name="" initialmarking="0" portdir="None" capacity="0">
      <location x="448" y="292" />
      <size width="50" height="30" />
    </place>
    <transition id="id4" name="λ" portdir="None">
      <location x="122" y="197" />
      <size width="50" height="20" />
    </transition>
    <transition id="id5" name="λ" portdir="None">
      <location x="274" y="194" />
      <size width="50" height="20" />
    </transition>
    <transition id="id6" name="λ" portdir="None">
      <location x="432" y="193" />
      <size width="50" height="20" />
    </transition>
    <transition id="id7" name="a" portdir="None">
      <location x="199" y="296" />
      <size width="50" height="20" />
    </transition>
    <transition id="id8" name="b" portdir="None">
      <location x="365" y="298" />
      <size width="50" height="20" />
    </transition>
    <transition id="id11" name="c" portdir="None">
      <location x="520" y="290" />
      <size width="50" height="20" />
    </transition>
    <arc id="id12" source="id0" target="id4" delay="0" weight="1">
      <points>
        <point x="74" y="201" />
        <point x="97" y="201" />
      </points>
    </arc>
    <arc id="id13" source="id4" target="id1" delay="0" weight="1">
      <points>
        <point x="147" y="194" />
        <point x="170" y="194" />
      </points>
    </arc>
    <arc id="id14" source="id1" target="id7" delay="0" weight="1">
      <points>
        <point x="179" y="205" />
        <point x="143" y="254" />
        <point x="179" y="286" />
      </points>
    </arc>
    <arc id="id15" source="id7" target="id1" delay="0" weight="1">
      <points>
        <point x="224" y="286" />
        <point x="238" y="240" />
        <point x="202" y="208" />
      </points>
    </arc>
    <arc id="id16" source="id1" target="id5" delay="0" weight="1">
      <points>
        <point x="220" y="194" />
        <point x="249" y="194" />
      </points>
    </arc>
    <arc id="id17" source="id7" target="id9" delay="0" weight="1">
      <points>
        <point x="224" y="294" />
        <point x="253" y="294" />
      </points>
    </arc>
    <arc id="id18" source="id5" target="id2" delay="0" weight="1">
      <points>
        <point x="299" y="192" />
        <point x="328" y="192" />
      </points>
    </arc>
    <arc id="id19" source="id9" target="id8" delay="0" weight="1">
      <points>
        <point x="302" y="294" />
        <point x="340" y="294" />
      </points>
    </arc>
    <arc id="id20" source="id2" target="id8" delay="0" weight="1">
      <points>
        <point x="337" y="203" />
        <point x="312" y="237" />
        <point x="340" y="288" />
      </points>
    </arc>
    <arc id="id21" source="id8" target="id2" delay="0" weight="1">
      <points>
        <point x="386" y="288" />
        <point x="386" y="240" />
        <point x="361" y="206" />
      </points>
    </arc>
    <arc id="id22" source="id2" target="id6" delay="0" weight="1">
      <points>
        <point x="377" y="192" />
        <point x="407" y="192" />
      </points>
    </arc>
    <arc id="id23" source="id6" target="id3" delay="0" weight="1">
      <points>
        <point x="457" y="186" />
        <point x="495" y="186" />
      </points>
    </arc>
    <arc id="id26" source="id8" target="id10" delay="0" weight="1">
      <points>
        <point x="390" y="292" />
        <point x="423" y="292" />
      </points>
    </arc>
    <arc id="id27" source="id10" target="id11" delay="0" weight="1">
      <points>
        <point x="472" y="292" />
        <point x="495" y="292" />
      </points>
    </arc>
    <arc id="id24" source="id3" target="id11" delay="0" weight="1">
      <points>
        <point x="506" y="198" />
        <point x="479" y="243" />
        <point x="506" y="280" />
      </points>
    </arc>
    <arc id="id25" source="id11" target="id3" delay="0" weight="1">
      <points>
        <point x="535" y="280" />
        <point x="535" y="225" />
        <point x="523" y="200" />
      </points>
    </arc>
  </page>
</petrinet>