﻿<?xml version="1.0" encoding="utf-8"?>
<petrinet name="main">
  <page id="main.page0" name="C-element">
    <place id="id0" name="IN_A" portdir="None" specifiedType="" capacity="0">
      <initialMarking exp="1,0b0;" />
      <location x="115" y="81" />
      <size width="60" height="30" />
    </place>
    <place id="id1" name="IN_B" portdir="None" specifiedType="" capacity="0">
      <initialMarking exp="1,0b0;" />
      <location x="124" y="200" />
      <size width="60" height="30" />
    </place>
    <place id="id2" name="Y" portdir="None" specifiedType="" capacity="0">
      <initialMarking exp="1,0b1;" />
      <location x="414" y="133" />
      <size width="60" height="30" />
    </place>
    <place id="id8" name="p" portdir="None" specifiedType="Int8[3]" capacity="0">
      <initialMarking exp="" />
      <location x="246" y="235" />
      <size width="60" height="30" />
    </place>
    <transition id="id3" name="C-element" portdir="None">
      <conditionalExp exp="q=&#xD;&#xA;(a&amp;q) | (a&amp;b) | (b&amp;q);" />
      <location x="267" y="134" />
      <size width="60" height="20" />
    </transition>
    <arc id="id4" source="id0" target="id3" delay="0" weight="1" variableLabel="a">
      <points>
        <probability1 average1="0" variance1="1" freedom1="2" lambda1="1" rate1="100" probdist1="none" />
        <probability2 average2="0" variance2="1" freedom2="2" lambda2="1" rate2="0" probdist2="none" />
        <probability3 average3="0" variance3="1" freedom3="2" lambda3="1" rate3="0" probdist3="none" />
        <probability4 average4="0" variance4="1" freedom4="2" lambda4="1" rate4="0" probdist4="none" />
        <probability5 average5="0" variance5="1" freedom5="2" lambda5="1" rate5="0" probdist5="none" />
        <point x="143" y="85" />
        <point x="237" y="124" />
      </points>
    </arc>
    <arc id="id5" source="id1" target="id3" delay="0" weight="1" variableLabel="b">
      <points>
        <probability1 average1="0" variance1="1" freedom1="2" lambda1="1" rate1="100" probdist1="none" />
        <probability2 average2="0" variance2="1" freedom2="2" lambda2="1" rate2="0" probdist2="none" />
        <probability3 average3="0" variance3="1" freedom3="2" lambda3="1" rate3="0" probdist3="none" />
        <probability4 average4="0" variance4="1" freedom4="2" lambda4="1" rate4="0" probdist4="none" />
        <probability5 average5="0" variance5="1" freedom5="2" lambda5="1" rate5="0" probdist5="none" />
        <point x="151" y="194" />
        <point x="237" y="144" />
      </points>
    </arc>
    <arc id="id6" source="id3" target="id2" delay="0" weight="1" variableLabel="q">
      <points>
        <probability1 average1="0" variance1="1" freedom1="2" lambda1="1" rate1="100" probdist1="none" />
        <probability2 average2="0" variance2="1" freedom2="2" lambda2="1" rate2="0" probdist2="none" />
        <probability3 average3="0" variance3="1" freedom3="2" lambda3="1" rate3="0" probdist3="none" />
        <probability4 average4="0" variance4="1" freedom4="2" lambda4="1" rate4="0" probdist4="none" />
        <probability5 average5="0" variance5="1" freedom5="2" lambda5="1" rate5="0" probdist5="none" />
        <point x="297" y="133" />
        <point x="384" y="133" />
      </points>
    </arc>
    <arc id="id7" source="id2" target="id3" delay="0" weight="1" variableLabel="q">
      <points>
        <probability1 average1="0" variance1="1" freedom1="2" lambda1="1" rate1="100" probdist1="none" />
        <probability2 average2="0" variance2="1" freedom2="2" lambda2="1" rate2="0" probdist2="none" />
        <probability3 average3="0" variance3="1" freedom3="2" lambda3="1" rate3="0" probdist3="none" />
        <probability4 average4="0" variance4="1" freedom4="2" lambda4="1" rate4="0" probdist4="none" />
        <probability5 average5="0" variance5="1" freedom5="2" lambda5="1" rate5="0" probdist5="none" />
        <point x="385" y="133" />
        <point x="297" y="133" />
      </points>
    </arc>
    <arc id="id9" source="id8" target="id3" delay="0" weight="1" variableLabel="array">
      <points>
        <probability1 average1="0" variance1="1" freedom1="2" lambda1="1" rate1="100" probdist1="none" />
        <probability2 average2="0" variance2="1" freedom2="2" lambda2="1" rate2="0" probdist2="none" />
        <probability3 average3="0" variance3="1" freedom3="2" lambda3="1" rate3="0" probdist3="none" />
        <probability4 average4="0" variance4="1" freedom4="2" lambda4="1" rate4="0" probdist4="none" />
        <probability5 average5="0" variance5="1" freedom5="2" lambda5="1" rate5="0" probdist5="none" />
        <point x="252" y="221" />
        <point x="252" y="144" />
      </points>
    </arc>
  </page>
  <page id="main.page1" name="main.page1">
    <place id="id0" name="p" portdir="None" specifiedType="" capacity="0">
      <initialMarking exp="1,0b0;" />
      <location x="149" y="43" />
      <size width="60" height="30" />
    </place>
    <place id="id1" name="IN_A1" portdir="None" specifiedType="" capacity="0">
      <initialMarking exp="1,0b1;" />
      <location x="67" y="115" />
      <size width="60" height="30" />
    </place>
    <place id="id2" name="IN_B1" portdir="None" specifiedType="" capacity="0">
      <initialMarking exp="1,0b1;" />
      <location x="272" y="167" />
      <size width="60" height="30" />
    </place>
    <place id="id3" name="Q1" portdir="None" specifiedType="" capacity="0">
      <initialMarking exp="1,0b0;" />
      <location x="85" y="274" />
      <size width="60" height="30" />
    </place>
    <place id="id9" name="IN_A2" portdir="None" specifiedType="" capacity="0">
      <initialMarking exp="1,0b0;" />
      <location x="422" y="105" />
      <size width="60" height="30" />
    </place>
    <place id="id10" name="IN_B2" portdir="None" specifiedType="" capacity="0">
      <initialMarking exp="1,0b1;" />
      <location x="650" y="163" />
      <size width="60" height="30" />
    </place>
    <place id="id11" name="Q2" portdir="None" specifiedType="" capacity="0">
      <initialMarking exp="1,0b0;" />
      <location x="542" y="276" />
      <size width="60" height="30" />
    </place>
    <place id="id17" name="IN_A3" portdir="None" specifiedType="" capacity="0">
      <initialMarking exp="1,0b0;" />
      <location x="763" y="98" />
      <size width="60" height="30" />
    </place>
    <place id="id18" name="IN_B3" portdir="None" specifiedType="" capacity="0">
      <initialMarking exp="1,0b1;" />
      <location x="994" y="153" />
      <size width="60" height="30" />
    </place>
    <place id="id19" name="Q3" portdir="None" specifiedType="" capacity="0">
      <initialMarking exp="1,0b0;" />
      <location x="1000" y="275" />
      <size width="60" height="30" />
    </place>
    <place id="id36" name="IN_X" portdir="None" specifiedType="" capacity="0">
      <initialMarking exp="" />
      <location x="225" y="322" />
      <size width="60" height="30" />
    </place>
    <place id="id37" name="IN_Y" portdir="None" specifiedType="" capacity="0">
      <initialMarking exp="" />
      <location x="357" y="324" />
      <size width="60" height="30" />
    </place>
    <place id="id41" name="IN_X" portdir="None" specifiedType="" capacity="0">
      <initialMarking exp="" />
      <location x="720" y="322" />
      <size width="60" height="30" />
    </place>
    <place id="id42" name="IN_Y" portdir="None" specifiedType="" capacity="0">
      <initialMarking exp="" />
      <location x="852" y="324" />
      <size width="60" height="30" />
    </place>
    <place id="id50" name="CLK1" portdir="None" specifiedType="" capacity="0">
      <initialMarking exp="" />
      <location x="193" y="470" />
      <size width="60" height="30" />
    </place>
    <place id="id51" name="D1" portdir="None" specifiedType="" capacity="0">
      <initialMarking exp="1,0b1;" />
      <location x="188" y="526" />
      <size width="60" height="30" />
    </place>
    <place id="id52" name="keepD1" portdir="None" specifiedType="" capacity="0">
      <initialMarking exp="1,0b0;" />
      <location x="309" y="521" />
      <size width="60" height="30" />
    </place>
    <place id="id61" name="CLK2" portdir="None" specifiedType="" capacity="0">
      <initialMarking exp="" />
      <location x="622" y="479" />
      <size width="60" height="30" />
    </place>
    <place id="id62" name="D2" portdir="None" specifiedType="" capacity="0">
      <initialMarking exp="" />
      <location x="621" y="533" />
      <size width="60" height="30" />
    </place>
    <place id="id63" name="keepD2" portdir="None" specifiedType="" capacity="0">
      <initialMarking exp="1,0b0;" />
      <location x="739" y="531" />
      <size width="60" height="30" />
    </place>
    <place id="id75" name="Q2" portdir="None" specifiedType="" capacity="0">
      <initialMarking exp="" />
      <location x="973" y="521" />
      <size width="60" height="30" />
    </place>
    <place id="id77" name="p" portdir="None" specifiedType="" capacity="0">
      <initialMarking exp="1,0b0;" />
      <location x="47" y="441" />
      <size width="60" height="30" />
    </place>
    <transition id="id4" name="C-element1" portdir="None">
      <conditionalExp exp="q=&#xD;&#xA;(a&amp;q) | (a&amp;b) | (b&amp;q);" />
      <location x="183" y="133" />
      <size width="50" height="70" />
    </transition>
    <transition id="id12" name="C-element1" portdir="None">
      <conditionalExp exp="q=&#xD;&#xA;(a&amp;q) | (a&amp;b) | (b&amp;q);&#xD;&#xA;if(q==0b0) qb=0b1;&#xD;&#xA;else qb=0b0;" />
      <location x="541" y="130" />
      <size width="50" height="70" />
    </transition>
    <transition id="id20" name="C-element1" portdir="None">
      <conditionalExp exp="q=&#xD;&#xA;(a&amp;q) | (a&amp;b) | (b&amp;q);&#xD;&#xA;if(q==0b0) qb=0b1;&#xD;&#xA;else qb=0b0;" />
      <location x="874" y="127" />
      <size width="50" height="70" />
    </transition>
    <transition id="id31" name="t" portdir="None">
      <conditionalExp exp="if(y==0b1)y=0b0;&#xD;&#xA;else y=0b1;" />
      <location x="40" y="60" />
      <size width="50" height="20" />
    </transition>
    <transition id="id38" name="XOR1" portdir="None">
      <conditionalExp exp="x^=y;" />
      <location x="294" y="373" />
      <size width="50" height="50" />
    </transition>
    <transition id="id43" name="XOR2" portdir="None">
      <conditionalExp exp="x^=y;" />
      <location x="786" y="381" />
      <size width="50" height="50" />
    </transition>
    <transition id="id53" name="updateD" portdir="None">
      <conditionalExp exp="" />
      <location x="237" y="570" />
      <size width="50" height="20" />
    </transition>
    <transition id="id54" name="D-FF1" portdir="None">
      <conditionalExp exp="if(y==0b1)q=x;" />
      <location x="429" y="502" />
      <size width="50" height="70" />
    </transition>
    <transition id="id64" name="updateD" portdir="None">
      <conditionalExp exp="" />
      <location x="679" y="577" />
      <size width="50" height="20" />
    </transition>
    <transition id="id65" name="D-FF2" portdir="None">
      <conditionalExp exp="if(y==0b1)q=x;" />
      <location x="865" y="516" />
      <size width="50" height="70" />
    </transition>
    <transition id="id78" name="t" portdir="None">
      <conditionalExp exp="" />
      <location x="45" y="532" />
      <size width="50" height="20" />
    </transition>
    <arc id="id5" source="id1" target="id4" delay="0" weight="1" variableLabel="a">
      <points>
        <probability1 average1="0" variance1="1" freedom1="2" lambda1="1" rate1="100" probdist1="none" />
        <probability2 average2="0" variance2="1" freedom2="2" lambda2="1" rate2="0" probdist2="none" />
        <probability3 average3="0" variance3="1" freedom3="2" lambda3="1" rate3="0" probdist3="none" />
        <probability4 average4="0" variance4="1" freedom4="2" lambda4="1" rate4="0" probdist4="none" />
        <probability5 average5="0" variance5="1" freedom5="2" lambda5="1" rate5="0" probdist5="none" />
        <point x="96" y="117" />
        <point x="158" y="117" />
      </points>
    </arc>
    <arc id="id6" source="id2" target="id4" delay="0" weight="1" variableLabel="b">
      <points>
        <probability1 average1="0" variance1="1" freedom1="2" lambda1="1" rate1="100" probdist1="none" />
        <probability2 average2="0" variance2="1" freedom2="2" lambda2="1" rate2="0" probdist2="none" />
        <probability3 average3="0" variance3="1" freedom3="2" lambda3="1" rate3="0" probdist3="none" />
        <probability4 average4="0" variance4="1" freedom4="2" lambda4="1" rate4="0" probdist4="none" />
        <probability5 average5="0" variance5="1" freedom5="2" lambda5="1" rate5="0" probdist5="none" />
        <point x="244" y="162" />
        <point x="208" y="162" />
      </points>
    </arc>
    <arc id="id7" source="id4" target="id3" delay="0" weight="1" variableLabel="q">
      <points>
        <probability1 average1="0" variance1="1" freedom1="2" lambda1="1" rate1="100" probdist1="none" />
        <probability2 average2="0" variance2="1" freedom2="2" lambda2="1" rate2="0" probdist2="none" />
        <probability3 average3="0" variance3="1" freedom3="2" lambda3="1" rate3="0" probdist3="none" />
        <probability4 average4="0" variance4="1" freedom4="2" lambda4="1" rate4="0" probdist4="none" />
        <probability5 average5="0" variance5="1" freedom5="2" lambda5="1" rate5="0" probdist5="none" />
        <point x="158" y="168" />
        <point x="102" y="262" />
      </points>
    </arc>
    <arc id="id8" source="id3" target="id4" delay="0" weight="1" variableLabel="q">
      <points>
        <probability1 average1="0" variance1="1" freedom1="2" lambda1="1" rate1="100" probdist1="none" />
        <probability2 average2="0" variance2="1" freedom2="2" lambda2="1" rate2="0" probdist2="none" />
        <probability3 average3="0" variance3="1" freedom3="2" lambda3="1" rate3="0" probdist3="none" />
        <probability4 average4="0" variance4="1" freedom4="2" lambda4="1" rate4="0" probdist4="none" />
        <probability5 average5="0" variance5="1" freedom5="2" lambda5="1" rate5="0" probdist5="none" />
        <point x="102" y="262" />
        <point x="158" y="168" />
      </points>
    </arc>
    <arc id="id13" source="id9" target="id12" delay="0" weight="1" variableLabel="a">
      <points>
        <probability1 average1="0" variance1="1" freedom1="2" lambda1="1" rate1="100" probdist1="none" />
        <probability2 average2="0" variance2="1" freedom2="2" lambda2="1" rate2="0" probdist2="none" />
        <probability3 average3="0" variance3="1" freedom3="2" lambda3="1" rate3="0" probdist3="none" />
        <probability4 average4="0" variance4="1" freedom4="2" lambda4="1" rate4="0" probdist4="none" />
        <probability5 average5="0" variance5="1" freedom5="2" lambda5="1" rate5="0" probdist5="none" />
        <point x="451" y="108" />
        <point x="516" y="108" />
      </points>
    </arc>
    <arc id="id14" source="id10" target="id12" delay="0" weight="1" variableLabel="b">
      <points>
        <probability1 average1="0" variance1="1" freedom1="2" lambda1="1" rate1="100" probdist1="none" />
        <probability2 average2="0" variance2="1" freedom2="2" lambda2="1" rate2="0" probdist2="none" />
        <probability3 average3="0" variance3="1" freedom3="2" lambda3="1" rate3="0" probdist3="none" />
        <probability4 average4="0" variance4="1" freedom4="2" lambda4="1" rate4="0" probdist4="none" />
        <probability5 average5="0" variance5="1" freedom5="2" lambda5="1" rate5="0" probdist5="none" />
        <point x="622" y="159" />
        <point x="566" y="159" />
      </points>
    </arc>
    <arc id="id15" source="id12" target="id11" delay="0" weight="1" variableLabel="q">
      <points>
        <probability1 average1="0" variance1="1" freedom1="2" lambda1="1" rate1="100" probdist1="none" />
        <probability2 average2="0" variance2="1" freedom2="2" lambda2="1" rate2="0" probdist2="none" />
        <probability3 average3="0" variance3="1" freedom3="2" lambda3="1" rate3="0" probdist3="none" />
        <probability4 average4="0" variance4="1" freedom4="2" lambda4="1" rate4="0" probdist4="none" />
        <probability5 average5="0" variance5="1" freedom5="2" lambda5="1" rate5="0" probdist5="none" />
        <point x="542" y="165" />
        <point x="542" y="261" />
      </points>
    </arc>
    <arc id="id21" source="id17" target="id20" delay="0" weight="1" variableLabel="a">
      <points>
        <probability1 average1="0" variance1="1" freedom1="2" lambda1="1" rate1="100" probdist1="none" />
        <probability2 average2="0" variance2="1" freedom2="2" lambda2="1" rate2="0" probdist2="none" />
        <probability3 average3="0" variance3="1" freedom3="2" lambda3="1" rate3="0" probdist3="none" />
        <probability4 average4="0" variance4="1" freedom4="2" lambda4="1" rate4="0" probdist4="none" />
        <probability5 average5="0" variance5="1" freedom5="2" lambda5="1" rate5="0" probdist5="none" />
        <point x="792" y="101" />
        <point x="849" y="101" />
      </points>
    </arc>
    <arc id="id22" source="id18" target="id20" delay="0" weight="1" variableLabel="b">
      <points>
        <probability1 average1="0" variance1="1" freedom1="2" lambda1="1" rate1="100" probdist1="none" />
        <probability2 average2="0" variance2="1" freedom2="2" lambda2="1" rate2="0" probdist2="none" />
        <probability3 average3="0" variance3="1" freedom3="2" lambda3="1" rate3="0" probdist3="none" />
        <probability4 average4="0" variance4="1" freedom4="2" lambda4="1" rate4="0" probdist4="none" />
        <probability5 average5="0" variance5="1" freedom5="2" lambda5="1" rate5="0" probdist5="none" />
        <point x="965" y="150" />
        <point x="899" y="150" />
      </points>
    </arc>
    <arc id="id23" source="id20" target="id19" delay="0" weight="1" variableLabel="q">
      <points>
        <probability1 average1="0" variance1="1" freedom1="2" lambda1="1" rate1="100" probdist1="none" />
        <probability2 average2="0" variance2="1" freedom2="2" lambda2="1" rate2="0" probdist2="none" />
        <probability3 average3="0" variance3="1" freedom3="2" lambda3="1" rate3="0" probdist3="none" />
        <probability4 average4="0" variance4="1" freedom4="2" lambda4="1" rate4="0" probdist4="none" />
        <probability5 average5="0" variance5="1" freedom5="2" lambda5="1" rate5="0" probdist5="none" />
        <point x="899" y="162" />
        <point x="981" y="264" />
      </points>
    </arc>
    <arc id="id24" source="id19" target="id20" delay="0" weight="1" variableLabel="q">
      <points>
        <probability1 average1="0" variance1="1" freedom1="2" lambda1="1" rate1="100" probdist1="none" />
        <probability2 average2="0" variance2="1" freedom2="2" lambda2="1" rate2="0" probdist2="none" />
        <probability3 average3="0" variance3="1" freedom3="2" lambda3="1" rate3="0" probdist3="none" />
        <probability4 average4="0" variance4="1" freedom4="2" lambda4="1" rate4="0" probdist4="none" />
        <probability5 average5="0" variance5="1" freedom5="2" lambda5="1" rate5="0" probdist5="none" />
        <point x="981" y="264" />
        <point x="899" y="162" />
      </points>
    </arc>
    <arc id="id25" source="id4" target="id9" delay="0" weight="1" variableLabel="q">
      <points>
        <probability1 average1="0" variance1="1" freedom1="2" lambda1="1" rate1="100" probdist1="none" />
        <probability2 average2="0" variance2="1" freedom2="2" lambda2="1" rate2="0" probdist2="none" />
        <probability3 average3="0" variance3="1" freedom3="2" lambda3="1" rate3="0" probdist3="none" />
        <probability4 average4="0" variance4="1" freedom4="2" lambda4="1" rate4="0" probdist4="none" />
        <probability5 average5="0" variance5="1" freedom5="2" lambda5="1" rate5="0" probdist5="none" />
        <point x="208" y="105" />
        <point x="392" y="105" />
      </points>
    </arc>
    <arc id="id26" source="id12" target="id17" delay="0" weight="1" variableLabel="q">
      <points>
        <probability1 average1="0" variance1="1" freedom1="2" lambda1="1" rate1="100" probdist1="none" />
        <probability2 average2="0" variance2="1" freedom2="2" lambda2="1" rate2="0" probdist2="none" />
        <probability3 average3="0" variance3="1" freedom3="2" lambda3="1" rate3="0" probdist3="none" />
        <probability4 average4="0" variance4="1" freedom4="2" lambda4="1" rate4="0" probdist4="none" />
        <probability5 average5="0" variance5="1" freedom5="2" lambda5="1" rate5="0" probdist5="none" />
        <point x="566" y="98" />
        <point x="733" y="98" />
      </points>
    </arc>
    <arc id="id27" source="id12" target="id2" delay="0" weight="1" variableLabel="qb">
      <points>
        <probability1 average1="0" variance1="1" freedom1="2" lambda1="1" rate1="100" probdist1="none" />
        <probability2 average2="0" variance2="1" freedom2="2" lambda2="1" rate2="0" probdist2="none" />
        <probability3 average3="0" variance3="1" freedom3="2" lambda3="1" rate3="0" probdist3="none" />
        <probability4 average4="0" variance4="1" freedom4="2" lambda4="1" rate4="0" probdist4="none" />
        <probability5 average5="0" variance5="1" freedom5="2" lambda5="1" rate5="0" probdist5="none" />
        <point x="516" y="165" />
        <point x="301" y="167" />
      </points>
    </arc>
    <arc id="id28" source="id20" target="id10" delay="0" weight="1" variableLabel="qb">
      <points>
        <probability1 average1="0" variance1="1" freedom1="2" lambda1="1" rate1="100" probdist1="none" />
        <probability2 average2="0" variance2="1" freedom2="2" lambda2="1" rate2="0" probdist2="none" />
        <probability3 average3="0" variance3="1" freedom3="2" lambda3="1" rate3="0" probdist3="none" />
        <probability4 average4="0" variance4="1" freedom4="2" lambda4="1" rate4="0" probdist4="none" />
        <probability5 average5="0" variance5="1" freedom5="2" lambda5="1" rate5="0" probdist5="none" />
        <point x="849" y="162" />
        <point x="679" y="163" />
      </points>
    </arc>
    <arc id="id29" source="id4" target="id1" delay="0" weight="1" variableLabel="a">
      <points>
        <probability1 average1="0" variance1="1" freedom1="2" lambda1="1" rate1="100" probdist1="none" />
        <probability2 average2="0" variance2="1" freedom2="2" lambda2="1" rate2="0" probdist2="none" />
        <probability3 average3="0" variance3="1" freedom3="2" lambda3="1" rate3="0" probdist3="none" />
        <probability4 average4="0" variance4="1" freedom4="2" lambda4="1" rate4="0" probdist4="none" />
        <probability5 average5="0" variance5="1" freedom5="2" lambda5="1" rate5="0" probdist5="none" />
        <point x="158" y="115" />
        <point x="97" y="115" />
      </points>
    </arc>
    <arc id="id30" source="id20" target="id18" delay="0" weight="1" variableLabel="b">
      <points>
        <probability1 average1="0" variance1="1" freedom1="2" lambda1="1" rate1="100" probdist1="none" />
        <probability2 average2="0" variance2="1" freedom2="2" lambda2="1" rate2="0" probdist2="none" />
        <probability3 average3="0" variance3="1" freedom3="2" lambda3="1" rate3="0" probdist3="none" />
        <probability4 average4="0" variance4="1" freedom4="2" lambda4="1" rate4="0" probdist4="none" />
        <probability5 average5="0" variance5="1" freedom5="2" lambda5="1" rate5="0" probdist5="none" />
        <point x="899" y="153" />
        <point x="964" y="153" />
      </points>
    </arc>
    <arc id="id32" source="id1" target="id31" delay="0" weight="1" variableLabel="y">
      <points>
        <probability1 average1="0" variance1="1" freedom1="2" lambda1="1" rate1="100" probdist1="none" />
        <probability2 average2="0" variance2="1" freedom2="2" lambda2="1" rate2="0" probdist2="none" />
        <probability3 average3="0" variance3="1" freedom3="2" lambda3="1" rate3="0" probdist3="none" />
        <probability4 average4="0" variance4="1" freedom4="2" lambda4="1" rate4="0" probdist4="none" />
        <probability5 average5="0" variance5="1" freedom5="2" lambda5="1" rate5="0" probdist5="none" />
        <point x="54" y="102" />
        <point x="54" y="70" />
      </points>
    </arc>
    <arc id="id33" source="id31" target="id1" delay="0" weight="1" variableLabel="y">
      <points>
        <probability1 average1="0" variance1="1" freedom1="2" lambda1="1" rate1="100" probdist1="none" />
        <probability2 average2="0" variance2="1" freedom2="2" lambda2="1" rate2="0" probdist2="none" />
        <probability3 average3="0" variance3="1" freedom3="2" lambda3="1" rate3="0" probdist3="none" />
        <probability4 average4="0" variance4="1" freedom4="2" lambda4="1" rate4="0" probdist4="none" />
        <probability5 average5="0" variance5="1" freedom5="2" lambda5="1" rate5="0" probdist5="none" />
        <point x="65" y="70" />
        <point x="66" y="101" />
      </points>
    </arc>
    <arc id="id34" source="id31" target="id0" delay="0" weight="1" variableLabel="x">
      <points>
        <probability1 average1="0" variance1="1" freedom1="2" lambda1="1" rate1="100" probdist1="none" />
        <probability2 average2="0" variance2="1" freedom2="2" lambda2="1" rate2="0" probdist2="none" />
        <probability3 average3="0" variance3="1" freedom3="2" lambda3="1" rate3="0" probdist3="none" />
        <probability4 average4="0" variance4="1" freedom4="2" lambda4="1" rate4="0" probdist4="none" />
        <probability5 average5="0" variance5="1" freedom5="2" lambda5="1" rate5="0" probdist5="none" />
        <point x="65" y="50" />
        <point x="120" y="44" />
      </points>
    </arc>
    <arc id="id35" source="id0" target="id31" delay="0" weight="1" variableLabel="x">
      <points>
        <probability1 average1="0" variance1="1" freedom1="2" lambda1="1" rate1="100" probdist1="none" />
        <probability2 average2="0" variance2="1" freedom2="2" lambda2="1" rate2="0" probdist2="none" />
        <probability3 average3="0" variance3="1" freedom3="2" lambda3="1" rate3="0" probdist3="none" />
        <probability4 average4="0" variance4="1" freedom4="2" lambda4="1" rate4="0" probdist4="none" />
        <probability5 average5="0" variance5="1" freedom5="2" lambda5="1" rate5="0" probdist5="none" />
        <point x="120" y="45" />
        <point x="65" y="50" />
      </points>
    </arc>
    <arc id="id39" source="id36" target="id38" delay="0" weight="1" variableLabel="x">
      <points>
        <probability1 average1="0" variance1="1" freedom1="2" lambda1="1" rate1="100" probdist1="none" />
        <probability2 average2="0" variance2="1" freedom2="2" lambda2="1" rate2="0" probdist2="none" />
        <probability3 average3="0" variance3="1" freedom3="2" lambda3="1" rate3="0" probdist3="none" />
        <probability4 average4="0" variance4="1" freedom4="2" lambda4="1" rate4="0" probdist4="none" />
        <probability5 average5="0" variance5="1" freedom5="2" lambda5="1" rate5="0" probdist5="none" />
        <point x="249" y="330" />
        <point x="269" y="348" />
      </points>
    </arc>
    <arc id="id40" source="id37" target="id38" delay="0" weight="1" variableLabel="y">
      <points>
        <probability1 average1="0" variance1="1" freedom1="2" lambda1="1" rate1="100" probdist1="none" />
        <probability2 average2="0" variance2="1" freedom2="2" lambda2="1" rate2="0" probdist2="none" />
        <probability3 average3="0" variance3="1" freedom3="2" lambda3="1" rate3="0" probdist3="none" />
        <probability4 average4="0" variance4="1" freedom4="2" lambda4="1" rate4="0" probdist4="none" />
        <probability5 average5="0" variance5="1" freedom5="2" lambda5="1" rate5="0" probdist5="none" />
        <point x="334" y="333" />
        <point x="319" y="348" />
      </points>
    </arc>
    <arc id="id44" source="id41" target="id43" delay="0" weight="1" variableLabel="x">
      <points>
        <probability1 average1="0" variance1="1" freedom1="2" lambda1="1" rate1="100" probdist1="none" />
        <probability2 average2="0" variance2="1" freedom2="2" lambda2="1" rate2="0" probdist2="none" />
        <probability3 average3="0" variance3="1" freedom3="2" lambda3="1" rate3="0" probdist3="none" />
        <probability4 average4="0" variance4="1" freedom4="2" lambda4="1" rate4="0" probdist4="none" />
        <probability5 average5="0" variance5="1" freedom5="2" lambda5="1" rate5="0" probdist5="none" />
        <point x="742" y="331" />
        <point x="761" y="356" />
      </points>
    </arc>
    <arc id="id45" source="id42" target="id43" delay="0" weight="1" variableLabel="y">
      <points>
        <probability1 average1="0" variance1="1" freedom1="2" lambda1="1" rate1="100" probdist1="none" />
        <probability2 average2="0" variance2="1" freedom2="2" lambda2="1" rate2="0" probdist2="none" />
        <probability3 average3="0" variance3="1" freedom3="2" lambda3="1" rate3="0" probdist3="none" />
        <probability4 average4="0" variance4="1" freedom4="2" lambda4="1" rate4="0" probdist4="none" />
        <probability5 average5="0" variance5="1" freedom5="2" lambda5="1" rate5="0" probdist5="none" />
        <point x="830" y="333" />
        <point x="811" y="356" />
      </points>
    </arc>
    <arc id="id46" source="id4" target="id36" delay="0" weight="1" variableLabel="q">
      <points>
        <probability1 average1="0" variance1="1" freedom1="2" lambda1="1" rate1="100" probdist1="none" />
        <probability2 average2="0" variance2="1" freedom2="2" lambda2="1" rate2="0" probdist2="none" />
        <probability3 average3="0" variance3="1" freedom3="2" lambda3="1" rate3="0" probdist3="none" />
        <probability4 average4="0" variance4="1" freedom4="2" lambda4="1" rate4="0" probdist4="none" />
        <probability5 average5="0" variance5="1" freedom5="2" lambda5="1" rate5="0" probdist5="none" />
        <point x="208" y="168" />
        <point x="222" y="308" />
      </points>
    </arc>
    <arc id="id47" source="id12" target="id37" delay="0" weight="1" variableLabel="q">
      <points>
        <probability1 average1="0" variance1="1" freedom1="2" lambda1="1" rate1="100" probdist1="none" />
        <probability2 average2="0" variance2="1" freedom2="2" lambda2="1" rate2="0" probdist2="none" />
        <probability3 average3="0" variance3="1" freedom3="2" lambda3="1" rate3="0" probdist3="none" />
        <probability4 average4="0" variance4="1" freedom4="2" lambda4="1" rate4="0" probdist4="none" />
        <probability5 average5="0" variance5="1" freedom5="2" lambda5="1" rate5="0" probdist5="none" />
        <point x="516" y="165" />
        <point x="378" y="314" />
      </points>
    </arc>
    <arc id="id48" source="id12" target="id41" delay="0" weight="1" variableLabel="q">
      <points>
        <probability1 average1="0" variance1="1" freedom1="2" lambda1="1" rate1="100" probdist1="none" />
        <probability2 average2="0" variance2="1" freedom2="2" lambda2="1" rate2="0" probdist2="none" />
        <probability3 average3="0" variance3="1" freedom3="2" lambda3="1" rate3="0" probdist3="none" />
        <probability4 average4="0" variance4="1" freedom4="2" lambda4="1" rate4="0" probdist4="none" />
        <probability5 average5="0" variance5="1" freedom5="2" lambda5="1" rate5="0" probdist5="none" />
        <point x="566" y="165" />
        <point x="699" y="312" />
      </points>
    </arc>
    <arc id="id49" source="id20" target="id42" delay="0" weight="1" variableLabel="q">
      <points>
        <probability1 average1="0" variance1="1" freedom1="2" lambda1="1" rate1="100" probdist1="none" />
        <probability2 average2="0" variance2="1" freedom2="2" lambda2="1" rate2="0" probdist2="none" />
        <probability3 average3="0" variance3="1" freedom3="2" lambda3="1" rate3="0" probdist3="none" />
        <probability4 average4="0" variance4="1" freedom4="2" lambda4="1" rate4="0" probdist4="none" />
        <probability5 average5="0" variance5="1" freedom5="2" lambda5="1" rate5="0" probdist5="none" />
        <point x="852" y="162" />
        <point x="852" y="309" />
      </points>
    </arc>
    <arc id="id16" source="id11" target="id12" delay="0" weight="1" variableLabel="q">
      <points>
        <probability1 average1="0" variance1="1" freedom1="2" lambda1="1" rate1="100" probdist1="none" />
        <probability2 average2="0" variance2="1" freedom2="2" lambda2="1" rate2="0" probdist2="none" />
        <probability3 average3="0" variance3="1" freedom3="2" lambda3="1" rate3="0" probdist3="none" />
        <probability4 average4="0" variance4="1" freedom4="2" lambda4="1" rate4="0" probdist4="none" />
        <probability5 average5="0" variance5="1" freedom5="2" lambda5="1" rate5="0" probdist5="none" />
        <point x="542" y="262" />
        <point x="542" y="165" />
      </points>
    </arc>
    <arc id="id55" source="id50" target="id54" delay="0" weight="1" variableLabel="y">
      <points>
        <probability1 average1="0" variance1="1" freedom1="2" lambda1="1" rate1="100" probdist1="none" />
        <probability2 average2="0" variance2="1" freedom2="2" lambda2="1" rate2="0" probdist2="none" />
        <probability3 average3="0" variance3="1" freedom3="2" lambda3="1" rate3="0" probdist3="none" />
        <probability4 average4="0" variance4="1" freedom4="2" lambda4="1" rate4="0" probdist4="none" />
        <probability5 average5="0" variance5="1" freedom5="2" lambda5="1" rate5="0" probdist5="none" />
        <point x="222" y="472" />
        <point x="404" y="472" />
      </points>
    </arc>
    <arc id="id56" source="id52" target="id54" delay="0" weight="1" variableLabel="x">
      <points>
        <probability1 average1="0" variance1="1" freedom1="2" lambda1="1" rate1="100" probdist1="none" />
        <probability2 average2="0" variance2="1" freedom2="2" lambda2="1" rate2="0" probdist2="none" />
        <probability3 average3="0" variance3="1" freedom3="2" lambda3="1" rate3="0" probdist3="none" />
        <probability4 average4="0" variance4="1" freedom4="2" lambda4="1" rate4="0" probdist4="none" />
        <probability5 average5="0" variance5="1" freedom5="2" lambda5="1" rate5="0" probdist5="none" />
        <point x="338" y="519" />
        <point x="404" y="519" />
      </points>
    </arc>
    <arc id="id57" source="id54" target="id52" delay="0" weight="1" variableLabel="x">
      <points>
        <probability1 average1="0" variance1="1" freedom1="2" lambda1="1" rate1="100" probdist1="none" />
        <probability2 average2="0" variance2="1" freedom2="2" lambda2="1" rate2="0" probdist2="none" />
        <probability3 average3="0" variance3="1" freedom3="2" lambda3="1" rate3="0" probdist3="none" />
        <probability4 average4="0" variance4="1" freedom4="2" lambda4="1" rate4="0" probdist4="none" />
        <probability5 average5="0" variance5="1" freedom5="2" lambda5="1" rate5="0" probdist5="none" />
        <point x="404" y="521" />
        <point x="339" y="521" />
      </points>
    </arc>
    <arc id="id58" source="id52" target="id53" delay="0" weight="1" variableLabel="y">
      <points>
        <probability1 average1="0" variance1="1" freedom1="2" lambda1="1" rate1="100" probdist1="none" />
        <probability2 average2="0" variance2="1" freedom2="2" lambda2="1" rate2="0" probdist2="none" />
        <probability3 average3="0" variance3="1" freedom3="2" lambda3="1" rate3="0" probdist3="none" />
        <probability4 average4="0" variance4="1" freedom4="2" lambda4="1" rate4="0" probdist4="none" />
        <probability5 average5="0" variance5="1" freedom5="2" lambda5="1" rate5="0" probdist5="none" />
        <point x="285" y="529" />
        <point x="262" y="560" />
      </points>
    </arc>
    <arc id="id59" source="id53" target="id52" delay="0" weight="1" variableLabel="x">
      <points>
        <probability1 average1="0" variance1="1" freedom1="2" lambda1="1" rate1="100" probdist1="none" />
        <probability2 average2="0" variance2="1" freedom2="2" lambda2="1" rate2="0" probdist2="none" />
        <probability3 average3="0" variance3="1" freedom3="2" lambda3="1" rate3="0" probdist3="none" />
        <probability4 average4="0" variance4="1" freedom4="2" lambda4="1" rate4="0" probdist4="none" />
        <probability5 average5="0" variance5="1" freedom5="2" lambda5="1" rate5="0" probdist5="none" />
        <point x="262" y="560" />
        <point x="286" y="530" />
      </points>
    </arc>
    <arc id="id60" source="id51" target="id53" delay="0" weight="1" variableLabel="x">
      <points>
        <probability1 average1="0" variance1="1" freedom1="2" lambda1="1" rate1="100" probdist1="none" />
        <probability2 average2="0" variance2="1" freedom2="2" lambda2="1" rate2="0" probdist2="none" />
        <probability3 average3="0" variance3="1" freedom3="2" lambda3="1" rate3="0" probdist3="none" />
        <probability4 average4="0" variance4="1" freedom4="2" lambda4="1" rate4="0" probdist4="none" />
        <probability5 average5="0" variance5="1" freedom5="2" lambda5="1" rate5="0" probdist5="none" />
        <point x="210" y="536" />
        <point x="212" y="560" />
      </points>
    </arc>
    <arc id="id66" source="id61" target="id65" delay="0" weight="1" variableLabel="y">
      <points>
        <probability1 average1="0" variance1="1" freedom1="2" lambda1="1" rate1="100" probdist1="none" />
        <probability2 average2="0" variance2="1" freedom2="2" lambda2="1" rate2="0" probdist2="none" />
        <probability3 average3="0" variance3="1" freedom3="2" lambda3="1" rate3="0" probdist3="none" />
        <probability4 average4="0" variance4="1" freedom4="2" lambda4="1" rate4="0" probdist4="none" />
        <probability5 average5="0" variance5="1" freedom5="2" lambda5="1" rate5="0" probdist5="none" />
        <point x="651" y="481" />
        <point x="840" y="481" />
      </points>
    </arc>
    <arc id="id67" source="id63" target="id65" delay="0" weight="1" variableLabel="x">
      <points>
        <probability1 average1="0" variance1="1" freedom1="2" lambda1="1" rate1="100" probdist1="none" />
        <probability2 average2="0" variance2="1" freedom2="2" lambda2="1" rate2="0" probdist2="none" />
        <probability3 average3="0" variance3="1" freedom3="2" lambda3="1" rate3="0" probdist3="none" />
        <probability4 average4="0" variance4="1" freedom4="2" lambda4="1" rate4="0" probdist4="none" />
        <probability5 average5="0" variance5="1" freedom5="2" lambda5="1" rate5="0" probdist5="none" />
        <point x="768" y="530" />
        <point x="840" y="530" />
      </points>
    </arc>
    <arc id="id68" source="id65" target="id63" delay="0" weight="1" variableLabel="x">
      <points>
        <probability1 average1="0" variance1="1" freedom1="2" lambda1="1" rate1="100" probdist1="none" />
        <probability2 average2="0" variance2="1" freedom2="2" lambda2="1" rate2="0" probdist2="none" />
        <probability3 average3="0" variance3="1" freedom3="2" lambda3="1" rate3="0" probdist3="none" />
        <probability4 average4="0" variance4="1" freedom4="2" lambda4="1" rate4="0" probdist4="none" />
        <probability5 average5="0" variance5="1" freedom5="2" lambda5="1" rate5="0" probdist5="none" />
        <point x="840" y="531" />
        <point x="769" y="531" />
      </points>
    </arc>
    <arc id="id69" source="id63" target="id64" delay="0" weight="1" variableLabel="y">
      <points>
        <probability1 average1="0" variance1="1" freedom1="2" lambda1="1" rate1="100" probdist1="none" />
        <probability2 average2="0" variance2="1" freedom2="2" lambda2="1" rate2="0" probdist2="none" />
        <probability3 average3="0" variance3="1" freedom3="2" lambda3="1" rate3="0" probdist3="none" />
        <probability4 average4="0" variance4="1" freedom4="2" lambda4="1" rate4="0" probdist4="none" />
        <probability5 average5="0" variance5="1" freedom5="2" lambda5="1" rate5="0" probdist5="none" />
        <point x="716" y="540" />
        <point x="704" y="567" />
      </points>
    </arc>
    <arc id="id70" source="id64" target="id63" delay="0" weight="1" variableLabel="x">
      <points>
        <probability1 average1="0" variance1="1" freedom1="2" lambda1="1" rate1="100" probdist1="none" />
        <probability2 average2="0" variance2="1" freedom2="2" lambda2="1" rate2="0" probdist2="none" />
        <probability3 average3="0" variance3="1" freedom3="2" lambda3="1" rate3="0" probdist3="none" />
        <probability4 average4="0" variance4="1" freedom4="2" lambda4="1" rate4="0" probdist4="none" />
        <probability5 average5="0" variance5="1" freedom5="2" lambda5="1" rate5="0" probdist5="none" />
        <point x="704" y="567" />
        <point x="719" y="541" />
      </points>
    </arc>
    <arc id="id71" source="id62" target="id64" delay="0" weight="1" variableLabel="x">
      <points>
        <probability1 average1="0" variance1="1" freedom1="2" lambda1="1" rate1="100" probdist1="none" />
        <probability2 average2="0" variance2="1" freedom2="2" lambda2="1" rate2="0" probdist2="none" />
        <probability3 average3="0" variance3="1" freedom3="2" lambda3="1" rate3="0" probdist3="none" />
        <probability4 average4="0" variance4="1" freedom4="2" lambda4="1" rate4="0" probdist4="none" />
        <probability5 average5="0" variance5="1" freedom5="2" lambda5="1" rate5="0" probdist5="none" />
        <point x="644" y="542" />
        <point x="654" y="567" />
      </points>
    </arc>
    <arc id="id72" source="id38" target="id50" delay="0" weight="1" variableLabel="x">
      <points>
        <probability1 average1="0" variance1="1" freedom1="2" lambda1="1" rate1="100" probdist1="none" />
        <probability2 average2="0" variance2="1" freedom2="2" lambda2="1" rate2="0" probdist2="none" />
        <probability3 average3="0" variance3="1" freedom3="2" lambda3="1" rate3="0" probdist3="none" />
        <probability4 average4="0" variance4="1" freedom4="2" lambda4="1" rate4="0" probdist4="none" />
        <probability5 average5="0" variance5="1" freedom5="2" lambda5="1" rate5="0" probdist5="none" />
        <point x="269" y="398" />
        <point x="214" y="460" />
      </points>
    </arc>
    <arc id="id73" source="id43" target="id61" delay="0" weight="1" variableLabel="x">
      <points>
        <probability1 average1="0" variance1="1" freedom1="2" lambda1="1" rate1="100" probdist1="none" />
        <probability2 average2="0" variance2="1" freedom2="2" lambda2="1" rate2="0" probdist2="none" />
        <probability3 average3="0" variance3="1" freedom3="2" lambda3="1" rate3="0" probdist3="none" />
        <probability4 average4="0" variance4="1" freedom4="2" lambda4="1" rate4="0" probdist4="none" />
        <probability5 average5="0" variance5="1" freedom5="2" lambda5="1" rate5="0" probdist5="none" />
        <point x="761" y="406" />
        <point x="648" y="473" />
      </points>
    </arc>
    <arc id="id74" source="id54" target="id62" delay="0" weight="1" variableLabel="q">
      <points>
        <probability1 average1="0" variance1="1" freedom1="2" lambda1="1" rate1="100" probdist1="none" />
        <probability2 average2="0" variance2="1" freedom2="2" lambda2="1" rate2="0" probdist2="none" />
        <probability3 average3="0" variance3="1" freedom3="2" lambda3="1" rate3="0" probdist3="none" />
        <probability4 average4="0" variance4="1" freedom4="2" lambda4="1" rate4="0" probdist4="none" />
        <probability5 average5="0" variance5="1" freedom5="2" lambda5="1" rate5="0" probdist5="none" />
        <point x="454" y="533" />
        <point x="591" y="533" />
      </points>
    </arc>
    <arc id="id76" source="id65" target="id75" delay="0" weight="1" variableLabel="q">
      <points>
        <probability1 average1="0" variance1="1" freedom1="2" lambda1="1" rate1="100" probdist1="none" />
        <probability2 average2="0" variance2="1" freedom2="2" lambda2="1" rate2="0" probdist2="none" />
        <probability3 average3="0" variance3="1" freedom3="2" lambda3="1" rate3="0" probdist3="none" />
        <probability4 average4="0" variance4="1" freedom4="2" lambda4="1" rate4="0" probdist4="none" />
        <probability5 average5="0" variance5="1" freedom5="2" lambda5="1" rate5="0" probdist5="none" />
        <point x="890" y="521" />
        <point x="943" y="521" />
      </points>
    </arc>
    <arc id="id79" source="id77" target="id78" delay="0" weight="1" variableLabel="x">
      <points>
        <probability1 average1="0" variance1="1" freedom1="2" lambda1="1" rate1="100" probdist1="none" />
        <probability2 average2="0" variance2="1" freedom2="2" lambda2="1" rate2="0" probdist2="none" />
        <probability3 average3="0" variance3="1" freedom3="2" lambda3="1" rate3="0" probdist3="none" />
        <probability4 average4="0" variance4="1" freedom4="2" lambda4="1" rate4="0" probdist4="none" />
        <probability5 average5="0" variance5="1" freedom5="2" lambda5="1" rate5="0" probdist5="none" />
        <point x="47" y="455" />
        <point x="47" y="522" />
      </points>
    </arc>
    <arc id="id80" source="id78" target="id51" delay="0" weight="1" variableLabel="x">
      <points>
        <probability1 average1="0" variance1="1" freedom1="2" lambda1="1" rate1="100" probdist1="none" />
        <probability2 average2="0" variance2="1" freedom2="2" lambda2="1" rate2="0" probdist2="none" />
        <probability3 average3="0" variance3="1" freedom3="2" lambda3="1" rate3="0" probdist3="none" />
        <probability4 average4="0" variance4="1" freedom4="2" lambda4="1" rate4="0" probdist4="none" />
        <probability5 average5="0" variance5="1" freedom5="2" lambda5="1" rate5="0" probdist5="none" />
        <point x="70" y="526" />
        <point x="158" y="526" />
      </points>
    </arc>
  </page>
  <page id="main.page2" name="main.page2">
    <place id="id0" name="A" portdir="None" specifiedType="" capacity="0">
      <initialMarking exp="1,0b1;&#xD;&#xA;2, 0b0;" />
      <location x="92" y="100" />
      <size width="60" height="30" />
    </place>
    <place id="id2" name="B" portdir="None" specifiedType="Int8" capacity="0">
      <initialMarking exp="" />
      <location x="434" y="99" />
      <size width="60" height="30" />
    </place>
    <transition id="id1" name="t" portdir="None">
      <conditionalExp exp="int=a;" />
      <location x="258" y="100" />
      <size width="50" height="20" />
    </transition>
    <arc id="id3" source="id0" target="id1" delay="0" weight="1" variableLabel="a">
      <points>
        <probability1 average1="0" variance1="1" freedom1="2" lambda1="1" rate1="100" probdist1="none" />
        <probability2 average2="0" variance2="1" freedom2="2" lambda2="1" rate2="0" probdist2="none" />
        <probability3 average3="0" variance3="1" freedom3="2" lambda3="1" rate3="0" probdist3="none" />
        <probability4 average4="0" variance4="1" freedom4="2" lambda4="1" rate4="0" probdist4="none" />
        <probability5 average5="0" variance5="1" freedom5="2" lambda5="1" rate5="0" probdist5="none" />
        <point x="122" y="100" />
        <point x="233" y="100" />
      </points>
    </arc>
    <arc id="id4" source="id1" target="id2" delay="0" weight="1" variableLabel="int">
      <points>
        <probability1 average1="0" variance1="1" freedom1="2" lambda1="1" rate1="100" probdist1="none" />
        <probability2 average2="0" variance2="1" freedom2="2" lambda2="1" rate2="0" probdist2="none" />
        <probability3 average3="0" variance3="1" freedom3="2" lambda3="1" rate3="0" probdist3="none" />
        <probability4 average4="0" variance4="1" freedom4="2" lambda4="1" rate4="0" probdist4="none" />
        <probability5 average5="0" variance5="1" freedom5="2" lambda5="1" rate5="0" probdist5="none" />
        <point x="283" y="99" />
        <point x="404" y="99" />
      </points>
    </arc>
  </page>
  <page id="main.page3" name="main.page3">
    <place id="id0" name="p" portdir="None" specifiedType="" capacity="0">
      <initialMarking exp="1,0b1;" />
      <location x="90" y="82" />
      <size width="60" height="30" />
    </place>
    <place id="id1" name="p" portdir="None" specifiedType="" capacity="0">
      <initialMarking exp="1,0b0;" />
      <location x="87" y="156" />
      <size width="60" height="30" />
    </place>
    <place id="id2" name="p" portdir="None" specifiedType="" capacity="0">
      <initialMarking exp="" />
      <location x="323" y="114" />
      <size width="60" height="30" />
    </place>
    <transition id="id3" name="t" portdir="None">
      <conditionalExp exp="z = x&amp;y;" />
      <location x="209" y="115" />
      <size width="50" height="20" />
    </transition>
    <arc id="id4" source="id0" target="id3" delay="0" weight="1" variableLabel="x">
      <points>
        <probability1 average1="0" variance1="1" freedom1="2" lambda1="1" rate1="100" probdist1="none" />
        <probability2 average2="0" variance2="1" freedom2="2" lambda2="1" rate2="0" probdist2="none" />
        <probability3 average3="0" variance3="1" freedom3="2" lambda3="1" rate3="0" probdist3="none" />
        <probability4 average4="0" variance4="1" freedom4="2" lambda4="1" rate4="0" probdist4="none" />
        <probability5 average5="0" variance5="1" freedom5="2" lambda5="1" rate5="0" probdist5="none" />
        <point x="118" y="86" />
        <point x="184" y="105" />
      </points>
    </arc>
    <arc id="id5" source="id1" target="id3" delay="0" weight="1" variableLabel="y">
      <points>
        <probability1 average1="0" variance1="1" freedom1="2" lambda1="1" rate1="100" probdist1="none" />
        <probability2 average2="0" variance2="1" freedom2="2" lambda2="1" rate2="0" probdist2="none" />
        <probability3 average3="0" variance3="1" freedom3="2" lambda3="1" rate3="0" probdist3="none" />
        <probability4 average4="0" variance4="1" freedom4="2" lambda4="1" rate4="0" probdist4="none" />
        <probability5 average5="0" variance5="1" freedom5="2" lambda5="1" rate5="0" probdist5="none" />
        <point x="115" y="152" />
        <point x="184" y="125" />
      </points>
    </arc>
    <arc id="id6" source="id3" target="id2" delay="0" weight="1" variableLabel="z">
      <points>
        <probability1 average1="0" variance1="1" freedom1="2" lambda1="1" rate1="100" probdist1="none" />
        <probability2 average2="0" variance2="1" freedom2="2" lambda2="1" rate2="0" probdist2="none" />
        <probability3 average3="0" variance3="1" freedom3="2" lambda3="1" rate3="0" probdist3="none" />
        <probability4 average4="0" variance4="1" freedom4="2" lambda4="1" rate4="0" probdist4="none" />
        <probability5 average5="0" variance5="1" freedom5="2" lambda5="1" rate5="0" probdist5="none" />
        <point x="234" y="114" />
        <point x="293" y="114" />
      </points>
    </arc>
  </page>
  <page id="main.page4" name="main.page4">
    <place id="id0" name="p" portdir="None" specifiedType="" capacity="0">
      <initialMarking exp="1,0b1;" />
      <location x="345" y="93" />
      <size width="60" height="30" />
    </place>
    <place id="id1" name="p" portdir="None" specifiedType="" capacity="0">
      <initialMarking exp="1,0b0;" />
      <location x="344" y="178" />
      <size width="60" height="30" />
    </place>
    <place id="id2" name="p" portdir="None" specifiedType="" capacity="0">
      <initialMarking exp="" />
      <location x="580" y="136" />
      <size width="60" height="30" />
    </place>
    <place id="id7" name="p" portdir="None" specifiedType="" capacity="0">
      <initialMarking exp="1,0b1;" />
      <location x="56" y="79" />
      <size width="60" height="30" />
    </place>
    <place id="id8" name="p" portdir="None" specifiedType="" capacity="0">
      <initialMarking exp="1,0b1;" />
      <location x="59" y="188" />
      <size width="60" height="30" />
    </place>
    <place id="id9" name="change" portdir="None" specifiedType="" capacity="0">
      <initialMarking exp="" />
      <location x="294" y="136" />
      <size width="60" height="30" />
    </place>
    <transition id="id3" name="out" portdir="None">
      <conditionalExp exp="z = x&amp;y;" />
      <location x="466" y="137" />
      <size width="50" height="20" />
    </transition>
    <transition id="id11" name="t" portdir="None">
      <conditionalExp exp="if(x!=y)y=x;" />
      <location x="173" y="80" />
      <size width="50" height="20" />
    </transition>
    <transition id="id12" name="t" portdir="None">
      <conditionalExp exp="if(x!=y)y=x;" />
      <location x="177" y="190" />
      <size width="50" height="20" />
    </transition>
    <arc id="id4" source="id0" target="id3" delay="0" weight="1" variableLabel="x">
      <points>
        <probability1 average1="0" variance1="1" freedom1="2" lambda1="1" rate1="100" probdist1="none" />
        <probability2 average2="0" variance2="1" freedom2="2" lambda2="1" rate2="0" probdist2="none" />
        <probability3 average3="0" variance3="1" freedom3="2" lambda3="1" rate3="0" probdist3="none" />
        <probability4 average4="0" variance4="1" freedom4="2" lambda4="1" rate4="0" probdist4="none" />
        <probability5 average5="0" variance5="1" freedom5="2" lambda5="1" rate5="0" probdist5="none" />
        <point x="373" y="98" />
        <point x="441" y="127" />
      </points>
    </arc>
    <arc id="id5" source="id1" target="id3" delay="0" weight="1" variableLabel="y">
      <points>
        <probability1 average1="0" variance1="1" freedom1="2" lambda1="1" rate1="100" probdist1="none" />
        <probability2 average2="0" variance2="1" freedom2="2" lambda2="1" rate2="0" probdist2="none" />
        <probability3 average3="0" variance3="1" freedom3="2" lambda3="1" rate3="0" probdist3="none" />
        <probability4 average4="0" variance4="1" freedom4="2" lambda4="1" rate4="0" probdist4="none" />
        <probability5 average5="0" variance5="1" freedom5="2" lambda5="1" rate5="0" probdist5="none" />
        <point x="372" y="174" />
        <point x="441" y="147" />
      </points>
    </arc>
    <arc id="id6" source="id3" target="id2" delay="0" weight="1" variableLabel="z">
      <points>
        <probability1 average1="0" variance1="1" freedom1="2" lambda1="1" rate1="100" probdist1="none" />
        <probability2 average2="0" variance2="1" freedom2="2" lambda2="1" rate2="0" probdist2="none" />
        <probability3 average3="0" variance3="1" freedom3="2" lambda3="1" rate3="0" probdist3="none" />
        <probability4 average4="0" variance4="1" freedom4="2" lambda4="1" rate4="0" probdist4="none" />
        <probability5 average5="0" variance5="1" freedom5="2" lambda5="1" rate5="0" probdist5="none" />
        <point x="491" y="136" />
        <point x="550" y="136" />
      </points>
    </arc>
    <arc id="id10" source="id9" target="id3" delay="0" weight="2" variableLabel="">
      <points>
        <probability1 average1="0" variance1="1" freedom1="2" lambda1="1" rate1="100" probdist1="none" />
        <probability2 average2="0" variance2="1" freedom2="2" lambda2="1" rate2="0" probdist2="none" />
        <probability3 average3="0" variance3="1" freedom3="2" lambda3="1" rate3="0" probdist3="none" />
        <probability4 average4="0" variance4="1" freedom4="2" lambda4="1" rate4="0" probdist4="none" />
        <probability5 average5="0" variance5="1" freedom5="2" lambda5="1" rate5="0" probdist5="none" />
        <point x="323" y="136" />
        <point x="441" y="136" />
      </points>
    </arc>
    <arc id="id13" source="id7" target="id11" delay="0" weight="1" variableLabel="x">
      <points>
        <probability1 average1="0" variance1="1" freedom1="2" lambda1="1" rate1="100" probdist1="none" />
        <probability2 average2="0" variance2="1" freedom2="2" lambda2="1" rate2="0" probdist2="none" />
        <probability3 average3="0" variance3="1" freedom3="2" lambda3="1" rate3="0" probdist3="none" />
        <probability4 average4="0" variance4="1" freedom4="2" lambda4="1" rate4="0" probdist4="none" />
        <probability5 average5="0" variance5="1" freedom5="2" lambda5="1" rate5="0" probdist5="none" />
        <point x="85" y="79" />
        <point x="148" y="79" />
      </points>
    </arc>
    <arc id="id14" source="id11" target="id0" delay="0" weight="1" variableLabel="y">
      <points>
        <probability1 average1="0" variance1="1" freedom1="2" lambda1="1" rate1="100" probdist1="none" />
        <probability2 average2="0" variance2="1" freedom2="2" lambda2="1" rate2="0" probdist2="none" />
        <probability3 average3="0" variance3="1" freedom3="2" lambda3="1" rate3="0" probdist3="none" />
        <probability4 average4="0" variance4="1" freedom4="2" lambda4="1" rate4="0" probdist4="none" />
        <probability5 average5="0" variance5="1" freedom5="2" lambda5="1" rate5="0" probdist5="none" />
        <point x="198" y="90" />
        <point x="316" y="93" />
      </points>
    </arc>
    <arc id="id15" source="id11" target="id9" delay="0" weight="1" variableLabel="">
      <points>
        <probability1 average1="0" variance1="1" freedom1="2" lambda1="1" rate1="100" probdist1="none" />
        <probability2 average2="0" variance2="1" freedom2="2" lambda2="1" rate2="0" probdist2="none" />
        <probability3 average3="0" variance3="1" freedom3="2" lambda3="1" rate3="0" probdist3="none" />
        <probability4 average4="0" variance4="1" freedom4="2" lambda4="1" rate4="0" probdist4="none" />
        <probability5 average5="0" variance5="1" freedom5="2" lambda5="1" rate5="0" probdist5="none" />
        <point x="198" y="90" />
        <point x="267" y="130" />
      </points>
    </arc>
    <arc id="id16" source="id8" target="id12" delay="0" weight="1" variableLabel="x">
      <points>
        <probability1 average1="0" variance1="1" freedom1="2" lambda1="1" rate1="100" probdist1="none" />
        <probability2 average2="0" variance2="1" freedom2="2" lambda2="1" rate2="0" probdist2="none" />
        <probability3 average3="0" variance3="1" freedom3="2" lambda3="1" rate3="0" probdist3="none" />
        <probability4 average4="0" variance4="1" freedom4="2" lambda4="1" rate4="0" probdist4="none" />
        <probability5 average5="0" variance5="1" freedom5="2" lambda5="1" rate5="0" probdist5="none" />
        <point x="88" y="188" />
        <point x="152" y="188" />
      </points>
    </arc>
    <arc id="id17" source="id12" target="id1" delay="0" weight="1" variableLabel="y">
      <points>
        <probability1 average1="0" variance1="1" freedom1="2" lambda1="1" rate1="100" probdist1="none" />
        <probability2 average2="0" variance2="1" freedom2="2" lambda2="1" rate2="0" probdist2="none" />
        <probability3 average3="0" variance3="1" freedom3="2" lambda3="1" rate3="0" probdist3="none" />
        <probability4 average4="0" variance4="1" freedom4="2" lambda4="1" rate4="0" probdist4="none" />
        <probability5 average5="0" variance5="1" freedom5="2" lambda5="1" rate5="0" probdist5="none" />
        <point x="202" y="180" />
        <point x="315" y="178" />
      </points>
    </arc>
    <arc id="id18" source="id12" target="id9" delay="0" weight="1" variableLabel="">
      <points>
        <probability1 average1="0" variance1="1" freedom1="2" lambda1="1" rate1="100" probdist1="none" />
        <probability2 average2="0" variance2="1" freedom2="2" lambda2="1" rate2="0" probdist2="none" />
        <probability3 average3="0" variance3="1" freedom3="2" lambda3="1" rate3="0" probdist3="none" />
        <probability4 average4="0" variance4="1" freedom4="2" lambda4="1" rate4="0" probdist4="none" />
        <probability5 average5="0" variance5="1" freedom5="2" lambda5="1" rate5="0" probdist5="none" />
        <point x="202" y="180" />
        <point x="267" y="142" />
      </points>
    </arc>
    <arc id="id19" source="id0" target="id11" delay="0" weight="1" variableLabel="y">
      <points>
        <probability1 average1="0" variance1="1" freedom1="2" lambda1="1" rate1="100" probdist1="none" />
        <probability2 average2="0" variance2="1" freedom2="2" lambda2="1" rate2="0" probdist2="none" />
        <probability3 average3="0" variance3="1" freedom3="2" lambda3="1" rate3="0" probdist3="none" />
        <probability4 average4="0" variance4="1" freedom4="2" lambda4="1" rate4="0" probdist4="none" />
        <probability5 average5="0" variance5="1" freedom5="2" lambda5="1" rate5="0" probdist5="none" />
        <point x="316" y="92" />
        <point x="198" y="90" />
      </points>
    </arc>
    <arc id="id20" source="id1" target="id12" delay="0" weight="1" variableLabel="y">
      <points>
        <probability1 average1="0" variance1="1" freedom1="2" lambda1="1" rate1="100" probdist1="none" />
        <probability2 average2="0" variance2="1" freedom2="2" lambda2="1" rate2="0" probdist2="none" />
        <probability3 average3="0" variance3="1" freedom3="2" lambda3="1" rate3="0" probdist3="none" />
        <probability4 average4="0" variance4="1" freedom4="2" lambda4="1" rate4="0" probdist4="none" />
        <probability5 average5="0" variance5="1" freedom5="2" lambda5="1" rate5="0" probdist5="none" />
        <point x="315" y="179" />
        <point x="202" y="180" />
      </points>
    </arc>
    <arc id="id21" source="id3" target="id0" delay="0" weight="1" variableLabel="x">
      <points>
        <probability1 average1="0" variance1="1" freedom1="2" lambda1="1" rate1="100" probdist1="none" />
        <probability2 average2="0" variance2="1" freedom2="2" lambda2="1" rate2="0" probdist2="none" />
        <probability3 average3="0" variance3="1" freedom3="2" lambda3="1" rate3="0" probdist3="none" />
        <probability4 average4="0" variance4="1" freedom4="2" lambda4="1" rate4="0" probdist4="none" />
        <probability5 average5="0" variance5="1" freedom5="2" lambda5="1" rate5="0" probdist5="none" />
        <point x="441" y="127" />
        <point x="373" y="98" />
      </points>
    </arc>
    <arc id="id22" source="id3" target="id1" delay="0" weight="1" variableLabel="y">
      <points>
        <probability1 average1="0" variance1="1" freedom1="2" lambda1="1" rate1="100" probdist1="none" />
        <probability2 average2="0" variance2="1" freedom2="2" lambda2="1" rate2="0" probdist2="none" />
        <probability3 average3="0" variance3="1" freedom3="2" lambda3="1" rate3="0" probdist3="none" />
        <probability4 average4="0" variance4="1" freedom4="2" lambda4="1" rate4="0" probdist4="none" />
        <probability5 average5="0" variance5="1" freedom5="2" lambda5="1" rate5="0" probdist5="none" />
        <point x="441" y="147" />
        <point x="372" y="174" />
      </points>
    </arc>
  </page>
  <page id="main.page5" name="main.page5">
    <place id="id0" name="Q" portdir="None" specifiedType="" capacity="0">
      <initialMarking exp="1,0b0;" />
      <location x="228" y="54" />
      <size width="60" height="30" />
    </place>
    <place id="id1" name="IN_A" portdir="None" specifiedType="" capacity="0">
      <initialMarking exp="" />
      <location x="227" y="139" />
      <size width="60" height="30" />
    </place>
    <place id="id2" name="p" portdir="None" specifiedType="" capacity="0">
      <initialMarking exp="" />
      <location x="410" y="97" />
      <size width="60" height="30" />
    </place>
    <place id="id7" name="IN_A" portdir="None" specifiedType="" capacity="0">
      <initialMarking exp="" />
      <location x="229" y="195" />
      <size width="60" height="30" />
    </place>
    <place id="id8" name="IN_B" portdir="None" specifiedType="" capacity="0">
      <initialMarking exp="" />
      <location x="228" y="280" />
      <size width="60" height="30" />
    </place>
    <place id="id9" name="p" portdir="None" specifiedType="" capacity="0">
      <initialMarking exp="" />
      <location x="413" y="239" />
      <size width="60" height="30" />
    </place>
    <place id="id14" name="IN_B" portdir="None" specifiedType="" capacity="0">
      <initialMarking exp="" />
      <location x="231" y="342" />
      <size width="60" height="30" />
    </place>
    <place id="id15" name="Q" portdir="None" specifiedType="" capacity="0">
      <initialMarking exp="1,0b0;" />
      <location x="230" y="427" />
      <size width="60" height="30" />
    </place>
    <place id="id16" name="p" portdir="None" specifiedType="" capacity="0">
      <initialMarking exp="" />
      <location x="415" y="386" />
      <size width="60" height="30" />
    </place>
    <place id="id25" name="Out_Q" portdir="None" specifiedType="" capacity="0">
      <initialMarking exp="" />
      <location x="654" y="242" />
      <size width="60" height="30" />
    </place>
    <place id="id29" name="IN_A" portdir="None" specifiedType="" capacity="0">
      <initialMarking exp="1,0b1;" />
      <location x="81" y="162" />
      <size width="60" height="30" />
    </place>
    <place id="id30" name="IN_B" portdir="None" specifiedType="" capacity="0">
      <initialMarking exp="1,0b1;" />
      <location x="79" y="298" />
      <size width="60" height="30" />
    </place>
    <transition id="id3" name="AND2" portdir="None">
      <conditionalExp exp="z = x&amp;y;" />
      <location x="318" y="98" />
      <size width="50" height="20" />
    </transition>
    <transition id="id10" name="AND2" portdir="None">
      <conditionalExp exp="z = x&amp;y;" />
      <location x="319" y="239" />
      <size width="50" height="20" />
    </transition>
    <transition id="id17" name="AND2" portdir="None">
      <conditionalExp exp="z = x&amp;y;" />
      <location x="320" y="386" />
      <size width="50" height="20" />
    </transition>
    <transition id="id21" name="XOR3" portdir="None">
      <conditionalExp exp="q=x|y|z;" />
      <location x="552" y="243" />
      <size width="50" height="20" />
    </transition>
    <transition id="id31" name="Fork" portdir="None">
      <conditionalExp exp="" />
      <location x="152" y="165" />
      <size width="40" height="20" />
    </transition>
    <transition id="id32" name="Fork" portdir="None">
      <conditionalExp exp="" />
      <location x="151" y="301" />
      <size width="40" height="20" />
    </transition>
    <arc id="id4" source="id0" target="id3" delay="0" weight="1" variableLabel="x">
      <points>
        <probability1 average1="0" variance1="1" freedom1="2" lambda1="1" rate1="100" probdist1="none" />
        <probability2 average2="0" variance2="1" freedom2="2" lambda2="1" rate2="0" probdist2="none" />
        <probability3 average3="0" variance3="1" freedom3="2" lambda3="1" rate3="0" probdist3="none" />
        <probability4 average4="0" variance4="1" freedom4="2" lambda4="1" rate4="0" probdist4="none" />
        <probability5 average5="0" variance5="1" freedom5="2" lambda5="1" rate5="0" probdist5="none" />
        <point x="254" y="60" />
        <point x="293" y="88" />
      </points>
    </arc>
    <arc id="id5" source="id1" target="id3" delay="0" weight="1" variableLabel="y">
      <points>
        <probability1 average1="0" variance1="1" freedom1="2" lambda1="1" rate1="100" probdist1="none" />
        <probability2 average2="0" variance2="1" freedom2="2" lambda2="1" rate2="0" probdist2="none" />
        <probability3 average3="0" variance3="1" freedom3="2" lambda3="1" rate3="0" probdist3="none" />
        <probability4 average4="0" variance4="1" freedom4="2" lambda4="1" rate4="0" probdist4="none" />
        <probability5 average5="0" variance5="1" freedom5="2" lambda5="1" rate5="0" probdist5="none" />
        <point x="254" y="133" />
        <point x="293" y="108" />
      </points>
    </arc>
    <arc id="id6" source="id3" target="id2" delay="0" weight="1" variableLabel="z">
      <points>
        <probability1 average1="0" variance1="1" freedom1="2" lambda1="1" rate1="100" probdist1="none" />
        <probability2 average2="0" variance2="1" freedom2="2" lambda2="1" rate2="0" probdist2="none" />
        <probability3 average3="0" variance3="1" freedom3="2" lambda3="1" rate3="0" probdist3="none" />
        <probability4 average4="0" variance4="1" freedom4="2" lambda4="1" rate4="0" probdist4="none" />
        <probability5 average5="0" variance5="1" freedom5="2" lambda5="1" rate5="0" probdist5="none" />
        <point x="343" y="97" />
        <point x="380" y="97" />
      </points>
    </arc>
    <arc id="id11" source="id7" target="id10" delay="0" weight="1" variableLabel="x">
      <points>
        <probability1 average1="0" variance1="1" freedom1="2" lambda1="1" rate1="100" probdist1="none" />
        <probability2 average2="0" variance2="1" freedom2="2" lambda2="1" rate2="0" probdist2="none" />
        <probability3 average3="0" variance3="1" freedom3="2" lambda3="1" rate3="0" probdist3="none" />
        <probability4 average4="0" variance4="1" freedom4="2" lambda4="1" rate4="0" probdist4="none" />
        <probability5 average5="0" variance5="1" freedom5="2" lambda5="1" rate5="0" probdist5="none" />
        <point x="255" y="201" />
        <point x="294" y="229" />
      </points>
    </arc>
    <arc id="id12" source="id8" target="id10" delay="0" weight="1" variableLabel="y">
      <points>
        <probability1 average1="0" variance1="1" freedom1="2" lambda1="1" rate1="100" probdist1="none" />
        <probability2 average2="0" variance2="1" freedom2="2" lambda2="1" rate2="0" probdist2="none" />
        <probability3 average3="0" variance3="1" freedom3="2" lambda3="1" rate3="0" probdist3="none" />
        <probability4 average4="0" variance4="1" freedom4="2" lambda4="1" rate4="0" probdist4="none" />
        <probability5 average5="0" variance5="1" freedom5="2" lambda5="1" rate5="0" probdist5="none" />
        <point x="255" y="274" />
        <point x="294" y="249" />
      </points>
    </arc>
    <arc id="id13" source="id10" target="id9" delay="0" weight="1" variableLabel="z">
      <points>
        <probability1 average1="0" variance1="1" freedom1="2" lambda1="1" rate1="100" probdist1="none" />
        <probability2 average2="0" variance2="1" freedom2="2" lambda2="1" rate2="0" probdist2="none" />
        <probability3 average3="0" variance3="1" freedom3="2" lambda3="1" rate3="0" probdist3="none" />
        <probability4 average4="0" variance4="1" freedom4="2" lambda4="1" rate4="0" probdist4="none" />
        <probability5 average5="0" variance5="1" freedom5="2" lambda5="1" rate5="0" probdist5="none" />
        <point x="344" y="239" />
        <point x="383" y="239" />
      </points>
    </arc>
    <arc id="id18" source="id14" target="id17" delay="0" weight="1" variableLabel="x">
      <points>
        <probability1 average1="0" variance1="1" freedom1="2" lambda1="1" rate1="100" probdist1="none" />
        <probability2 average2="0" variance2="1" freedom2="2" lambda2="1" rate2="0" probdist2="none" />
        <probability3 average3="0" variance3="1" freedom3="2" lambda3="1" rate3="0" probdist3="none" />
        <probability4 average4="0" variance4="1" freedom4="2" lambda4="1" rate4="0" probdist4="none" />
        <probability5 average5="0" variance5="1" freedom5="2" lambda5="1" rate5="0" probdist5="none" />
        <point x="257" y="348" />
        <point x="295" y="376" />
      </points>
    </arc>
    <arc id="id19" source="id15" target="id17" delay="0" weight="1" variableLabel="y">
      <points>
        <probability1 average1="0" variance1="1" freedom1="2" lambda1="1" rate1="100" probdist1="none" />
        <probability2 average2="0" variance2="1" freedom2="2" lambda2="1" rate2="0" probdist2="none" />
        <probability3 average3="0" variance3="1" freedom3="2" lambda3="1" rate3="0" probdist3="none" />
        <probability4 average4="0" variance4="1" freedom4="2" lambda4="1" rate4="0" probdist4="none" />
        <probability5 average5="0" variance5="1" freedom5="2" lambda5="1" rate5="0" probdist5="none" />
        <point x="257" y="421" />
        <point x="295" y="396" />
      </points>
    </arc>
    <arc id="id20" source="id17" target="id16" delay="0" weight="1" variableLabel="z">
      <points>
        <probability1 average1="0" variance1="1" freedom1="2" lambda1="1" rate1="100" probdist1="none" />
        <probability2 average2="0" variance2="1" freedom2="2" lambda2="1" rate2="0" probdist2="none" />
        <probability3 average3="0" variance3="1" freedom3="2" lambda3="1" rate3="0" probdist3="none" />
        <probability4 average4="0" variance4="1" freedom4="2" lambda4="1" rate4="0" probdist4="none" />
        <probability5 average5="0" variance5="1" freedom5="2" lambda5="1" rate5="0" probdist5="none" />
        <point x="345" y="386" />
        <point x="385" y="386" />
      </points>
    </arc>
    <arc id="id22" source="id2" target="id21" delay="0" weight="1" variableLabel="x">
      <points>
        <probability1 average1="0" variance1="1" freedom1="2" lambda1="1" rate1="100" probdist1="none" />
        <probability2 average2="0" variance2="1" freedom2="2" lambda2="1" rate2="0" probdist2="none" />
        <probability3 average3="0" variance3="1" freedom3="2" lambda3="1" rate3="0" probdist3="none" />
        <probability4 average4="0" variance4="1" freedom4="2" lambda4="1" rate4="0" probdist4="none" />
        <probability5 average5="0" variance5="1" freedom5="2" lambda5="1" rate5="0" probdist5="none" />
        <point x="430" y="107" />
        <point x="527" y="233" />
      </points>
    </arc>
    <arc id="id23" source="id9" target="id21" delay="0" weight="1" variableLabel="y">
      <points>
        <probability1 average1="0" variance1="1" freedom1="2" lambda1="1" rate1="100" probdist1="none" />
        <probability2 average2="0" variance2="1" freedom2="2" lambda2="1" rate2="0" probdist2="none" />
        <probability3 average3="0" variance3="1" freedom3="2" lambda3="1" rate3="0" probdist3="none" />
        <probability4 average4="0" variance4="1" freedom4="2" lambda4="1" rate4="0" probdist4="none" />
        <probability5 average5="0" variance5="1" freedom5="2" lambda5="1" rate5="0" probdist5="none" />
        <point x="442" y="239" />
        <point x="527" y="239" />
      </points>
    </arc>
    <arc id="id24" source="id16" target="id21" delay="0" weight="1" variableLabel="z">
      <points>
        <probability1 average1="0" variance1="1" freedom1="2" lambda1="1" rate1="100" probdist1="none" />
        <probability2 average2="0" variance2="1" freedom2="2" lambda2="1" rate2="0" probdist2="none" />
        <probability3 average3="0" variance3="1" freedom3="2" lambda3="1" rate3="0" probdist3="none" />
        <probability4 average4="0" variance4="1" freedom4="2" lambda4="1" rate4="0" probdist4="none" />
        <probability5 average5="0" variance5="1" freedom5="2" lambda5="1" rate5="0" probdist5="none" />
        <point x="435" y="376" />
        <point x="527" y="253" />
      </points>
    </arc>
    <arc id="id26" source="id21" target="id25" delay="0" weight="1" variableLabel="q">
      <points>
        <probability1 average1="0" variance1="1" freedom1="2" lambda1="1" rate1="100" probdist1="none" />
        <probability2 average2="0" variance2="1" freedom2="2" lambda2="1" rate2="0" probdist2="none" />
        <probability3 average3="0" variance3="1" freedom3="2" lambda3="1" rate3="0" probdist3="none" />
        <probability4 average4="0" variance4="1" freedom4="2" lambda4="1" rate4="0" probdist4="none" />
        <probability5 average5="0" variance5="1" freedom5="2" lambda5="1" rate5="0" probdist5="none" />
        <point x="577" y="242" />
        <point x="624" y="242" />
      </points>
    </arc>
    <arc id="id27" source="id21" target="id0" delay="0" weight="1" variableLabel="q">
      <points>
        <probability1 average1="0" variance1="1" freedom1="2" lambda1="1" rate1="100" probdist1="none" />
        <probability2 average2="0" variance2="1" freedom2="2" lambda2="1" rate2="0" probdist2="none" />
        <probability3 average3="0" variance3="1" freedom3="2" lambda3="1" rate3="0" probdist3="none" />
        <probability4 average4="0" variance4="1" freedom4="2" lambda4="1" rate4="0" probdist4="none" />
        <probability5 average5="0" variance5="1" freedom5="2" lambda5="1" rate5="0" probdist5="none" />
        <point x="527" y="233" />
        <point x="253" y="61" />
      </points>
    </arc>
    <arc id="id28" source="id21" target="id15" delay="0" weight="1" variableLabel="q">
      <points>
        <probability1 average1="0" variance1="1" freedom1="2" lambda1="1" rate1="100" probdist1="none" />
        <probability2 average2="0" variance2="1" freedom2="2" lambda2="1" rate2="0" probdist2="none" />
        <probability3 average3="0" variance3="1" freedom3="2" lambda3="1" rate3="0" probdist3="none" />
        <probability4 average4="0" variance4="1" freedom4="2" lambda4="1" rate4="0" probdist4="none" />
        <probability5 average5="0" variance5="1" freedom5="2" lambda5="1" rate5="0" probdist5="none" />
        <point x="527" y="253" />
        <point x="255" y="420" />
      </points>
    </arc>
    <arc id="id33" source="id29" target="id31" delay="0" weight="1" variableLabel="x">
      <points>
        <probability1 average1="0" variance1="1" freedom1="2" lambda1="1" rate1="100" probdist1="none" />
        <probability2 average2="0" variance2="1" freedom2="2" lambda2="1" rate2="0" probdist2="none" />
        <probability3 average3="0" variance3="1" freedom3="2" lambda3="1" rate3="0" probdist3="none" />
        <probability4 average4="0" variance4="1" freedom4="2" lambda4="1" rate4="0" probdist4="none" />
        <probability5 average5="0" variance5="1" freedom5="2" lambda5="1" rate5="0" probdist5="none" />
        <point x="110" y="162" />
        <point x="132" y="162" />
      </points>
    </arc>
    <arc id="id34" source="id31" target="id1" delay="0" weight="1" variableLabel="x">
      <points>
        <probability1 average1="0" variance1="1" freedom1="2" lambda1="1" rate1="100" probdist1="none" />
        <probability2 average2="0" variance2="1" freedom2="2" lambda2="1" rate2="0" probdist2="none" />
        <probability3 average3="0" variance3="1" freedom3="2" lambda3="1" rate3="0" probdist3="none" />
        <probability4 average4="0" variance4="1" freedom4="2" lambda4="1" rate4="0" probdist4="none" />
        <probability5 average5="0" variance5="1" freedom5="2" lambda5="1" rate5="0" probdist5="none" />
        <point x="172" y="155" />
        <point x="199" y="143" />
      </points>
    </arc>
    <arc id="id35" source="id31" target="id7" delay="0" weight="1" variableLabel="x">
      <points>
        <probability1 average1="0" variance1="1" freedom1="2" lambda1="1" rate1="100" probdist1="none" />
        <probability2 average2="0" variance2="1" freedom2="2" lambda2="1" rate2="0" probdist2="none" />
        <probability3 average3="0" variance3="1" freedom3="2" lambda3="1" rate3="0" probdist3="none" />
        <probability4 average4="0" variance4="1" freedom4="2" lambda4="1" rate4="0" probdist4="none" />
        <probability5 average5="0" variance5="1" freedom5="2" lambda5="1" rate5="0" probdist5="none" />
        <point x="172" y="175" />
        <point x="201" y="191" />
      </points>
    </arc>
    <arc id="id36" source="id30" target="id32" delay="0" weight="1" variableLabel="x">
      <points>
        <probability1 average1="0" variance1="1" freedom1="2" lambda1="1" rate1="100" probdist1="none" />
        <probability2 average2="0" variance2="1" freedom2="2" lambda2="1" rate2="0" probdist2="none" />
        <probability3 average3="0" variance3="1" freedom3="2" lambda3="1" rate3="0" probdist3="none" />
        <probability4 average4="0" variance4="1" freedom4="2" lambda4="1" rate4="0" probdist4="none" />
        <probability5 average5="0" variance5="1" freedom5="2" lambda5="1" rate5="0" probdist5="none" />
        <point x="108" y="298" />
        <point x="131" y="298" />
      </points>
    </arc>
    <arc id="id37" source="id32" target="id8" delay="0" weight="1" variableLabel="x">
      <points>
        <probability1 average1="0" variance1="1" freedom1="2" lambda1="1" rate1="100" probdist1="none" />
        <probability2 average2="0" variance2="1" freedom2="2" lambda2="1" rate2="0" probdist2="none" />
        <probability3 average3="0" variance3="1" freedom3="2" lambda3="1" rate3="0" probdist3="none" />
        <probability4 average4="0" variance4="1" freedom4="2" lambda4="1" rate4="0" probdist4="none" />
        <probability5 average5="0" variance5="1" freedom5="2" lambda5="1" rate5="0" probdist5="none" />
        <point x="171" y="291" />
        <point x="199" y="282" />
      </points>
    </arc>
    <arc id="id38" source="id32" target="id14" delay="0" weight="1" variableLabel="x">
      <points>
        <probability1 average1="0" variance1="1" freedom1="2" lambda1="1" rate1="100" probdist1="none" />
        <probability2 average2="0" variance2="1" freedom2="2" lambda2="1" rate2="0" probdist2="none" />
        <probability3 average3="0" variance3="1" freedom3="2" lambda3="1" rate3="0" probdist3="none" />
        <probability4 average4="0" variance4="1" freedom4="2" lambda4="1" rate4="0" probdist4="none" />
        <probability5 average5="0" variance5="1" freedom5="2" lambda5="1" rate5="0" probdist5="none" />
        <point x="171" y="311" />
        <point x="205" y="336" />
      </points>
    </arc>
  </page>
  <page id="main.page6" name="main.page6">
    <place id="id0" name="A" portdir="None" specifiedType="Int8" capacity="0">
      <initialMarking exp="1,10;" />
      <location x="36" y="48" />
      <size width="60" height="30" />
    </place>
    <place id="id1" name="B" portdir="None" specifiedType="Int8" capacity="0">
      <initialMarking exp="" />
      <location x="301" y="50" />
      <size width="60" height="30" />
    </place>
    <transition id="id2" name="t" portdir="None">
      <conditionalExp exp="out=a+b;" />
      <location x="175" y="50" />
      <size width="50" height="20" />
    </transition>
    <arc id="id3" source="id0" target="id2" delay="0" weight="1" variableLabel="a">
      <points>
        <probability1 average1="0" variance1="1" freedom1="2" lambda1="1" rate1="100" probdist1="none" />
        <probability2 average2="0" variance2="1" freedom2="2" lambda2="1" rate2="0" probdist2="none" />
        <probability3 average3="0" variance3="1" freedom3="2" lambda3="1" rate3="0" probdist3="none" />
        <probability4 average4="0" variance4="1" freedom4="2" lambda4="1" rate4="0" probdist4="none" />
        <probability5 average5="0" variance5="1" freedom5="2" lambda5="1" rate5="0" probdist5="none" />
        <point x="65" y="48" />
        <point x="150" y="48" />
      </points>
    </arc>
    <arc id="id4" source="id2" target="id1" delay="0" weight="1" variableLabel="out">
      <points>
        <probability1 average1="0" variance1="1" freedom1="2" lambda1="1" rate1="100" probdist1="none" />
        <probability2 average2="0" variance2="1" freedom2="2" lambda2="1" rate2="0" probdist2="none" />
        <probability3 average3="0" variance3="1" freedom3="2" lambda3="1" rate3="0" probdist3="none" />
        <probability4 average4="0" variance4="1" freedom4="2" lambda4="1" rate4="0" probdist4="none" />
        <probability5 average5="0" variance5="1" freedom5="2" lambda5="1" rate5="0" probdist5="none" />
        <point x="200" y="50" />
        <point x="271" y="50" />
      </points>
    </arc>
  </page>
  <page id="main.page7" name="main.page7">
    <place id="id0" name="OUT" portdir="None" specifiedType="Int8" capacity="0">
      <initialMarking exp="" />
      <location x="388" y="165" />
      <size width="60" height="30" />
    </place>
    <place id="id1" name="IN_1" portdir="None" specifiedType="Int8" capacity="0">
      <initialMarking exp="2,10;" />
      <location x="126" y="118" />
      <size width="60" height="30" />
    </place>
    <place id="id3" name="IN_2" portdir="None" specifiedType="Int8" capacity="0">
      <initialMarking exp="1,2;1,5;" />
      <location x="126" y="207" />
      <size width="60" height="30" />
    </place>
    <transition id="id2" name="t" portdir="None">
      <conditionalExp exp="if(y!=0)&#xD;&#xA;  out=x/y;" />
      <location x="262" y="165" />
      <size width="50" height="20" />
    </transition>
    <arc id="id4" source="id1" target="id2" delay="0" weight="1" variableLabel="x">
      <points>
        <probability1 average1="0" variance1="1" freedom1="2" lambda1="1" rate1="100" probdist1="none" />
        <probability2 average2="0" variance2="1" freedom2="2" lambda2="1" rate2="0" probdist2="none" />
        <probability3 average3="0" variance3="1" freedom3="2" lambda3="1" rate3="0" probdist3="none" />
        <probability4 average4="0" variance4="1" freedom4="2" lambda4="1" rate4="0" probdist4="none" />
        <probability5 average5="0" variance5="1" freedom5="2" lambda5="1" rate5="0" probdist5="none" />
        <point x="154" y="122" />
        <point x="237" y="155" />
      </points>
    </arc>
    <arc id="id5" source="id2" target="id0" delay="0" weight="1" variableLabel="out">
      <points>
        <probability1 average1="0" variance1="1" freedom1="2" lambda1="1" rate1="100" probdist1="none" />
        <probability2 average2="0" variance2="1" freedom2="2" lambda2="1" rate2="0" probdist2="none" />
        <probability3 average3="0" variance3="1" freedom3="2" lambda3="1" rate3="0" probdist3="none" />
        <probability4 average4="0" variance4="1" freedom4="2" lambda4="1" rate4="0" probdist4="none" />
        <probability5 average5="0" variance5="1" freedom5="2" lambda5="1" rate5="0" probdist5="none" />
        <point x="287" y="165" />
        <point x="358" y="165" />
      </points>
    </arc>
    <arc id="id6" source="id3" target="id2" delay="0" weight="1" variableLabel="y">
      <points>
        <probability1 average1="0" variance1="1" freedom1="2" lambda1="1" rate1="100" probdist1="none" />
        <probability2 average2="0" variance2="1" freedom2="2" lambda2="1" rate2="0" probdist2="none" />
        <probability3 average3="0" variance3="1" freedom3="2" lambda3="1" rate3="0" probdist3="none" />
        <probability4 average4="0" variance4="1" freedom4="2" lambda4="1" rate4="0" probdist4="none" />
        <probability5 average5="0" variance5="1" freedom5="2" lambda5="1" rate5="0" probdist5="none" />
        <point x="154" y="203" />
        <point x="237" y="175" />
      </points>
    </arc>
  </page>
  <page id="main.page8" name="main.page8">
    <place id="id0" name="Place" portdir="None" specifiedType="String" capacity="0">
      <initialMarking exp="1,&quot;string&quot;;" />
      <location x="112" y="83" />
      <size width="60" height="30" />
    </place>
    <transition id="id1" name="Trans" portdir="None">
      <conditionalExp exp="" />
      <location x="239" y="83" />
      <size width="50" height="20" />
    </transition>
    <arc id="id2" source="id0" target="id1" delay="0" weight="1" variableLabel="str">
      <points>
        <probability1 average1="0" variance1="1" freedom1="2" lambda1="1" rate1="100" probdist1="none" />
        <probability2 average2="0" variance2="1" freedom2="2" lambda2="1" rate2="0" probdist2="none" />
        <probability3 average3="0" variance3="1" freedom3="2" lambda3="1" rate3="0" probdist3="none" />
        <probability4 average4="0" variance4="1" freedom4="2" lambda4="1" rate4="0" probdist4="none" />
        <probability5 average5="0" variance5="1" freedom5="2" lambda5="1" rate5="0" probdist5="none" />
        <point x="142" y="83" />
        <point x="214" y="83" />
      </points>
    </arc>
  </page>
  <page id="main.page9" name="main.page9">
    <place id="id0" name="p" portdir="None" specifiedType="Int8" capacity="0">
      <initialMarking exp="1,5;" />
      <location x="69" y="88" />
      <size width="60" height="30" />
    </place>
    <place id="id1" name="p" portdir="None" specifiedType="" capacity="0">
      <initialMarking exp="1,(&lt;x,10&gt;,&lt;y,0&gt;);" />
      <location x="61" y="195" />
      <size width="60" height="30" />
    </place>
    <place id="id5" name="p" portdir="None" specifiedType="" capacity="0">
      <initialMarking exp="" />
      <location x="329" y="58" />
      <size width="60" height="30" />
    </place>
    <place id="id7" name="p" portdir="None" specifiedType="Int8" capacity="0">
      <initialMarking exp="" />
      <location x="342" y="142" />
      <size width="60" height="30" />
    </place>
    <place id="id9" name="p" portdir="None" specifiedType="Int8" capacity="0">
      <initialMarking exp="" />
      <location x="335" y="210" />
      <size width="60" height="30" />
    </place>
    <transition id="id2" name="t" portdir="None">
      <conditionalExp exp="point.y=point.x*z;" />
      <location x="180" y="140" />
      <size width="50" height="20" />
    </transition>
    <arc id="id3" source="id0" target="id2" delay="0" weight="1" variableLabel="z">
      <points>
        <probability1 average1="0" variance1="1" freedom1="2" lambda1="1" rate1="100" probdist1="none" />
        <probability2 average2="0" variance2="1" freedom2="2" lambda2="1" rate2="0" probdist2="none" />
        <probability3 average3="0" variance3="1" freedom3="2" lambda3="1" rate3="0" probdist3="none" />
        <probability4 average4="0" variance4="1" freedom4="2" lambda4="1" rate4="0" probdist4="none" />
        <probability5 average5="0" variance5="1" freedom5="2" lambda5="1" rate5="0" probdist5="none" />
        <point x="96" y="94" />
        <point x="155" y="130" />
      </points>
    </arc>
    <arc id="id4" source="id1" target="id2" delay="0" weight="1" variableLabel="point">
      <points>
        <probability1 average1="0" variance1="1" freedom1="2" lambda1="1" rate1="100" probdist1="none" />
        <probability2 average2="0" variance2="1" freedom2="2" lambda2="1" rate2="0" probdist2="none" />
        <probability3 average3="0" variance3="1" freedom3="2" lambda3="1" rate3="0" probdist3="none" />
        <probability4 average4="0" variance4="1" freedom4="2" lambda4="1" rate4="0" probdist4="none" />
        <probability5 average5="0" variance5="1" freedom5="2" lambda5="1" rate5="0" probdist5="none" />
        <point x="88" y="189" />
        <point x="155" y="150" />
      </points>
    </arc>
    <arc id="id6" source="id2" target="id5" delay="0" weight="1" variableLabel="point">
      <points>
        <probability1 average1="0" variance1="1" freedom1="2" lambda1="1" rate1="100" probdist1="none" />
        <probability2 average2="0" variance2="1" freedom2="2" lambda2="1" rate2="0" probdist2="none" />
        <probability3 average3="0" variance3="1" freedom3="2" lambda3="1" rate3="0" probdist3="none" />
        <probability4 average4="0" variance4="1" freedom4="2" lambda4="1" rate4="0" probdist4="none" />
        <probability5 average5="0" variance5="1" freedom5="2" lambda5="1" rate5="0" probdist5="none" />
        <point x="205" y="130" />
        <point x="304" y="65" />
      </points>
    </arc>
    <arc id="id8" source="id2" target="id7" delay="0" weight="1" variableLabel="z">
      <points>
        <probability1 average1="0" variance1="1" freedom1="2" lambda1="1" rate1="100" probdist1="none" />
        <probability2 average2="0" variance2="1" freedom2="2" lambda2="1" rate2="0" probdist2="none" />
        <probability3 average3="0" variance3="1" freedom3="2" lambda3="1" rate3="0" probdist3="none" />
        <probability4 average4="0" variance4="1" freedom4="2" lambda4="1" rate4="0" probdist4="none" />
        <probability5 average5="0" variance5="1" freedom5="2" lambda5="1" rate5="0" probdist5="none" />
        <point x="205" y="142" />
        <point x="312" y="142" />
      </points>
    </arc>
    <arc id="id10" source="id2" target="id9" delay="0" weight="1" variableLabel="point.x">
      <points>
        <probability1 average1="0" variance1="1" freedom1="2" lambda1="1" rate1="100" probdist1="none" />
        <probability2 average2="0" variance2="1" freedom2="2" lambda2="1" rate2="0" probdist2="none" />
        <probability3 average3="0" variance3="1" freedom3="2" lambda3="1" rate3="0" probdist3="none" />
        <probability4 average4="0" variance4="1" freedom4="2" lambda4="1" rate4="0" probdist4="none" />
        <probability5 average5="0" variance5="1" freedom5="2" lambda5="1" rate5="0" probdist5="none" />
        <point x="205" y="150" />
        <point x="308" y="204" />
      </points>
    </arc>
  </page>
  <page id="main.page10" name="main.page10">
    <place id="id0" name="p" portdir="None" specifiedType="" capacity="0">
      <initialMarking exp="1,(&#xD;&#xA;&lt;start,(&lt;x,0&gt;,&lt;y,1&gt;)&gt;,&#xD;&#xA;&lt;goal,(&lt;x,2&gt;,&lt;y,3&gt;)&gt;&#xD;&#xA;);" />
      <location x="84" y="66" />
      <size width="60" height="30" />
    </place>
    <place id="id3" name="p" portdir="None" specifiedType="" capacity="0">
      <initialMarking exp="" />
      <location x="324" y="198" />
      <size width="60" height="30" />
    </place>
    <transition id="id1" name="t" portdir="None">
      <conditionalExp exp="dist.goal = dist.start;" />
      <location x="213" y="124" />
      <size width="50" height="20" />
    </transition>
    <arc id="id2" source="id0" target="id1" delay="0" weight="1" variableLabel="dist">
      <points>
        <probability1 average1="0" variance1="1" freedom1="2" lambda1="1" rate1="100" probdist1="none" />
        <probability2 average2="0" variance2="1" freedom2="2" lambda2="1" rate2="0" probdist2="none" />
        <probability3 average3="0" variance3="1" freedom3="2" lambda3="1" rate3="0" probdist3="none" />
        <probability4 average4="0" variance4="1" freedom4="2" lambda4="1" rate4="0" probdist4="none" />
        <probability5 average5="0" variance5="1" freedom5="2" lambda5="1" rate5="0" probdist5="none" />
        <point x="111" y="72" />
        <point x="188" y="114" />
      </points>
    </arc>
    <arc id="id4" source="id1" target="id3" delay="0" weight="1" variableLabel="dist">
      <points>
        <probability1 average1="0" variance1="1" freedom1="2" lambda1="1" rate1="100" probdist1="none" />
        <probability2 average2="0" variance2="1" freedom2="2" lambda2="1" rate2="0" probdist2="none" />
        <probability3 average3="0" variance3="1" freedom3="2" lambda3="1" rate3="0" probdist3="none" />
        <probability4 average4="0" variance4="1" freedom4="2" lambda4="1" rate4="0" probdist4="none" />
        <probability5 average5="0" variance5="1" freedom5="2" lambda5="1" rate5="0" probdist5="none" />
        <point x="238" y="134" />
        <point x="300" y="190" />
      </points>
    </arc>
  </page>
</petrinet>